candidate,display_name,origin,young_min_scale,prestrain_gain,step,target/error_rms_fraction_of_target,target/error_rms_m,target/error_rms_mm,bumpiness/contraction_target_relative_dihedral_rms_rad,bumpiness/contraction_target_relative_dihedral_rms_deg,bumpiness/displacement_laplacian_rms_m,bumpiness/displacement_laplacian_rms_mm,warning/inverted_tets,warning/inverted_tet_fraction,warning/detF_min,warning/skin_folded_triangles,warning/skin_folded_triangle_fraction,warning/skin_signed_normal_ratio_min,warning/has_inversion_or_fold,warning/text,warning/policy
e100-p000,baseline,reused-2026-08-17,1.0,0.0,0,1.0,0.005310139062299789,5.310139062299789,0.05045580604700007,2.8909047384237616,3.403262694925427e-21,3.403262694925427e-18,0,0.0,1.0,0,0.0,0.9999999999999996,False,none,visual-review-only; not an eligibility gate
e100-p000,baseline,reused-2026-08-17,1.0,0.0,1,0.9800153803610185,0.00520401795290963,5.20401795290963,0.05042109063370244,2.8889156917577554,9.527626644781115e-06,0.009527626644781115,0,0.0,0.869387931563541,0,0.0,0.9559059473932032,False,none,visual-review-only; not an eligibility gate
e100-p000,baseline,reused-2026-08-17,1.0,0.0,2,0.9597143087381688,0.00509621643947859,5.09621643947859,0.051477605540084355,2.9494495368860982,1.8650771827992763e-05,0.018650771827992765,0,0.0,0.7308922436616484,0,0.0,0.8249252567451592,False,none,visual-review-only; not an eligibility gate
e100-p000,baseline,reused-2026-08-17,1.0,0.0,3,0.9390177180177586,0.004986314664637708,4.986314664637708,0.05390671033710568,3.0886269897504026,2.826722611175143e-05,0.02826722611175143,0,0.0,0.3606799510297166,0,0.0,0.5783068277173367,False,none,visual-review-only; not an eligibility gate
e100-p000,baseline,reused-2026-08-17,1.0,0.0,4,0.9183237675743532,0.004876426910034885,4.876426910034885,0.05764487425349388,3.3028080052875413,3.895963713870931e-05,0.038959637138709306,0,0.0,0.21788099630492763,0,0.0,0.4050431242132897,False,none,visual-review-only; not an eligibility gate
e100-p000,baseline,reused-2026-08-17,1.0,0.0,5,0.8981067840161436,0.004769071915920564,4.769071915920564,0.06199819207560385,3.5522347433735257,4.9375386872258446e-05,0.049375386872258446,3,2.6166205996073323e-06,-0.5366222772575198,3,2.340604812283494e-05,-0.16138476635004317,True,3 inverted tets; 3 folded triangles,visual-review-only; not an eligibility gate
e100-p000,baseline,reused-2026-08-17,1.0,0.0,6,0.8787706961103536,0.004666394600219966,4.666394600219966,0.06659865939054246,3.8158221043073905,5.915945178659865e-05,0.05915945178659865,3,2.6166205996073323e-06,-0.4275960043573069,3,2.340604812283494e-05,-0.1632555239217787,True,3 inverted tets; 3 folded triangles,visual-review-only; not an eligibility gate
e100-p000,baseline,reused-2026-08-17,1.0,0.0,7,0.8603875688270552,0.004568777637945694,4.568777637945694,0.07117660694235745,4.078119177858637,6.695323934506615e-05,0.06695323934506615,4,3.48882746614311e-06,-0.40954713041343566,3,2.340604812283494e-05,-0.1719743925234323,True,4 inverted tets; 3 folded triangles,visual-review-only; not an eligibility gate
e100-p000,baseline,reused-2026-08-17,1.0,0.0,8,0.8432949625476271,0.004478013521664792,4.478013521664792,0.07579294063658745,4.342615615362052,7.328507075330302e-05,0.07328507075330302,3,2.6166205996073323e-06,-0.42221077649018685,2,1.560403208188996e-05,-0.5741606820913201,True,3 inverted tets; 2 folded triangles,visual-review-only; not an eligibility gate
e100-p000,baseline,reused-2026-08-17,1.0,0.0,9,0.8270245467300762,0.004391615351072155,4.391615351072154,0.08025123157598538,4.598056870030968,7.919255746128003e-05,0.07919255746128002,3,2.6166205996073323e-06,-0.42093258668772504,2,1.560403208188996e-05,-0.562538223541686,True,3 inverted tets; 2 folded triangles,visual-review-only; not an eligibility gate
e100-p000,baseline,reused-2026-08-17,1.0,0.0,10,0.8123460628454596,0.004313670560421114,4.313670560421114,0.0845554966484237,4.844673092587255,8.40652003770299e-05,0.0840652003770299,6,5.233241199214665e-06,-0.44510401981593795,6,4.681209624566988e-05,-0.5674892103694597,True,6 inverted tets; 6 folded triangles,visual-review-only; not an eligibility gate
e100-p000,baseline,reused-2026-08-17,1.0,0.0,11,0.7985972169185444,0.00424066227660306,4.24066227660306,0.0887683599579938,5.086052379891139,8.820976257762657e-05,0.08820976257762657,8,6.97765493228622e-06,-0.4531474193556528,18,0.00014043628873700964,-0.548701722610586,True,8 inverted tets; 18 folded triangles,visual-review-only; not an eligibility gate
e100-p000,baseline,reused-2026-08-17,1.0,0.0,12,0.7853399473131041,0.004170264331411772,4.170264331411772,0.09315612308508986,5.3374526885768665,9.24965503096724e-05,0.0924965503096724,7,6.105448065750443e-06,-0.4550310673928224,25,0.00019505040102362452,-0.446276042175206,True,7 inverted tets; 25 folded triangles,visual-review-only; not an eligibility gate
e100-p000,baseline,reused-2026-08-17,1.0,0.0,13,0.7731086155454551,0.004105314258808431,4.105314258808431,0.0976563593349627,5.595297232506361,9.586580645407765e-05,0.09586580645407765,7,6.105448065750443e-06,-0.3749574721020681,32,0.00024966451331023934,-0.36855015404308517,True,7 inverted tets; 32 folded triangles,visual-review-only; not an eligibility gate
e100-p000,baseline,reused-2026-08-17,1.0,0.0,14,0.76142597669865,0.00404327782191727,4.04327782191727,0.10174335167836904,5.829464644685826,9.796731487628294e-05,0.09796731487628295,6,5.233241199214665e-06,-0.32743909006373023,37,0.0002886745935149643,-0.29264418817439697,True,6 inverted tets; 37 folded triangles,visual-review-only; not an eligibility gate
e100-p000,baseline,reused-2026-08-17,1.0,0.0,15,0.7506484661062429,0.00398604774192618,3.9860477419261797,0.10519108080353835,6.02700497246236,9.990037453696212e-05,0.09990037453696211,6,5.233241199214665e-06,-0.21969696019382726,39,0.0003042786255968542,-0.3224930444420201,True,6 inverted tets; 39 folded triangles,visual-review-only; not an eligibility gate
e100-p000,baseline,reused-2026-08-17,1.0,0.0,16,0.7401665411819378,0.003930387262937533,3.930387262937533,0.10849305019905425,6.216193882906785,0.00010117225595640219,0.1011722559564022,3,2.6166205996073323e-06,-0.17743641690863537,41,0.0003198826576787442,-0.3584066254170572,True,3 inverted tets; 41 folded triangles,visual-review-only; not an eligibility gate
e100-p000,baseline,reused-2026-08-17,1.0,0.0,17,0.7311431347990605,0.003882471720228811,3.8824717202288106,0.11054563984988829,6.333798606971806,0.00010200996800397441,0.10200996800397441,2,1.744413733071555e-06,-0.18468680288328795,41,0.0003198826576787442,-0.3906706570613956,True,2 inverted tets; 41 folded triangles,visual-review-only; not an eligibility gate
e100-p000,baseline,reused-2026-08-17,1.0,0.0,18,0.7221566671793442,0.003834752327489264,3.834752327489264,0.11291722502339727,6.469680428169672,0.0001032166059295911,0.1032166059295911,3,2.6166205996073323e-06,-0.17004329147883193,45,0.0003510907218425241,-0.4146774638621526,True,3 inverted tets; 45 folded triangles,visual-review-only; not an eligibility gate
e100-p000,baseline,reused-2026-08-17,1.0,0.0,19,0.713354757133083,0.0037880129611297633,3.7880129611297635,0.11505881571400468,6.592384536185984,0.00010383592875937758,0.10383592875937758,4,3.48882746614311e-06,-0.16003038234502684,46,0.0003588927378834691,-0.4397515563987784,True,4 inverted tets; 46 folded triangles,visual-review-only; not an eligibility gate
e100-p000,baseline,reused-2026-08-17,1.0,0.0,20,0.7076415551072539,0.0037576750638815973,3.757675063881597,0.11626590065084486,6.661545408580741,0.000103586483352865,0.103586483352865,7,6.105448065750443e-06,-0.20243190403513886,46,0.0003588927378834691,-0.5008404278719238,True,7 inverted tets; 46 folded triangles,visual-review-only; not an eligibility gate
e100-p000,baseline,reused-2026-08-17,1.0,0.0,21,0.6993314993886031,0.0037135475124001017,3.7135475124001016,0.11831596066424696,6.7790051950972146,0.00010483160163614595,0.10483160163614595,10,8.722068665357775e-06,-0.18248059650684437,45,0.0003510907218425241,-0.5143385864116625,True,10 inverted tets; 45 folded triangles,visual-review-only; not an eligibility gate
e100-p000,baseline,reused-2026-08-17,1.0,0.0,22,0.6915738484838958,0.0036723533072993307,3.6723533072993306,0.1204547595602764,6.901549345066941,0.0001055477668266682,0.10554776682666821,10,8.722068665357775e-06,-0.2195398278979604,48,0.00037449676996535904,-0.5096779893244353,True,10 inverted tets; 48 folded triangles,visual-review-only; not an eligibility gate
e100-p000,baseline,reused-2026-08-17,1.0,0.0,23,0.6850921007996378,0.003637934325729181,3.637934325729181,0.12187531401879309,6.98294112010844,0.00010642753408251866,0.10642753408251866,11,9.594275531893552e-06,-0.26756250624247796,46,0.0003588927378834691,-0.4996003760238252,True,11 inverted tets; 46 folded triangles,visual-review-only; not an eligibility gate
e100-p000,baseline,reused-2026-08-17,1.0,0.0,24,0.6802960580526854,0.00361246667179413,3.6124666717941296,0.12377990385000541,7.09206607914044,0.00010682060184447676,0.10682060184447675,13,1.1338689264965108e-05,-0.30884465924974236,45,0.0003510907218425241,-0.48914032696977017,True,13 inverted tets; 45 folded triangles,visual-review-only; not an eligibility gate
e100-p000,baseline,reused-2026-08-17,1.0,0.0,25,0.6728558984576833,0.0035729583896989647,3.5729583896989645,0.12592392821174378,7.214909626241278,0.00010781783487119914,0.10781783487119914,13,1.1338689264965108e-05,-0.3439541188815612,47,0.0003666947539244141,-0.4948699254278384,True,13 inverted tets; 47 folded triangles,visual-review-only; not an eligibility gate
e100-p000,baseline,reused-2026-08-17,1.0,0.0,26,0.6659335317974151,0.0035361996600927125,3.5361996600927124,0.12792841715395095,7.329758382710392,0.00010881461689335354,0.10881461689335355,15,1.3083102998036662e-05,-0.41376446518913246,47,0.0003666947539244141,-0.5032895101333162,True,15 inverted tets; 47 folded triangles,visual-review-only; not an eligibility gate
e100-p000,baseline,reused-2026-08-17,1.0,0.0,27,0.6593232282547579,0.0035010980290371896,3.5010980290371894,0.1294925552165741,7.419376892274468,0.00010954086736086702,0.10954086736086702,15,1.3083102998036662e-05,-0.48042925648959156,46,0.0003588927378834691,-0.5109953862053196,True,15 inverted tets; 46 folded triangles,visual-review-only; not an eligibility gate
e100-p000,baseline,reused-2026-08-17,1.0,0.0,28,0.6536202069380518,0.00347081419277022,3.47081419277022,0.13115118256370945,7.514409239050303,0.000110251344249737,0.11025134424973701,14,1.2210896131500885e-05,-0.5383750492528656,47,0.0003666947539244141,-0.5158211651099903,True,14 inverted tets; 47 folded triangles,visual-review-only; not an eligibility gate
e100-p000,baseline,reused-2026-08-17,1.0,0.0,29,0.647849597127659,0.003440171452202763,3.440171452202763,0.13255908082276568,7.595075867278042,0.00011089489414396831,0.11089489414396832,17,1.4827516731108217e-05,-0.5876304651078715,47,0.0003666947539244141,-0.5182466972146386,True,17 inverted tets; 47 folded triangles,visual-review-only; not an eligibility gate
e100-p000,baseline,reused-2026-08-17,1.0,0.0,30,0.6417295384982127,0.0034076730898109754,3.4076730898109755,0.13442919959980962,7.702225780390826,0.00011178273848879637,0.11178273848879637,20,1.744413733071555e-05,-0.6197185189256933,46,0.0003588927378834691,-0.5218033021507676,True,20 inverted tets; 46 folded triangles,visual-review-only; not an eligibility gate
e100-p000,baseline,reused-2026-08-17,1.0,0.0,31,0.6376541488016064,0.0033860322037889325,3.3860322037889325,0.1360638839391366,7.795886293870393,0.0001124459864420875,0.1124459864420875,20,1.744413733071555e-05,-0.6551259492256197,46,0.0003588927378834691,-0.5258344156223146,True,20 inverted tets; 46 folded triangles,visual-review-only; not an eligibility gate
e100-p000,baseline,reused-2026-08-17,1.0,0.0,32,0.632631533992492,0.003359361420696168,3.359361420696168,0.13749440451447273,7.87784908534378,0.00011319991815994614,0.11319991815994614,21,1.8316344197251327e-05,-0.678437609952095,47,0.0003666947539244141,-0.5275335379915831,True,21 inverted tets; 47 folded triangles,visual-review-only; not an eligibility gate
e100-p000,baseline,reused-2026-08-17,1.0,0.0,33,0.6273457290972169,0.0033312930616460727,3.3312930616460728,0.1388432396790579,7.955131647533344,0.00011400568821147638,0.11400568821147637,21,1.8316344197251327e-05,-0.6970395884019023,49,0.00038229878600630403,-0.5335388515852295,True,21 inverted tets; 49 folded triangles,visual-review-only; not an eligibility gate
e100-p000,baseline,reused-2026-08-17,1.0,0.0,34,0.6223301692589499,0.003304659741429589,3.304659741429589,0.14027569425697514,8.037205249192196,0.00011483108747007122,0.11483108747007123,25,2.1805171663394436e-05,-0.7173887075044845,47,0.0003666947539244141,-0.539571812010148,True,25 inverted tets; 47 folded triangles,visual-review-only; not an eligibility gate
e100-p000,baseline,reused-2026-08-17,1.0,0.0,35,0.6226856645231247,0.003306547470718346,3.306547470718346,0.14294052251583533,8.18988866155208,0.00011807953701417611,0.1180795370141761,20,1.744413733071555e-05,-0.725291139293633,46,0.0003588927378834691,-0.5458449676279061,True,20 inverted tets; 46 folded triangles,visual-review-only; not an eligibility gate
e100-p000,baseline,reused-2026-08-17,1.0,0.0,36,0.6177985093435711,0.0032805959970958775,3.2805959970958773,0.14562087770581317,8.343461701533796,0.00011860502381896341,0.11860502381896341,22,1.9188551063787104e-05,-0.7538802109520628,48,0.00037449676996535904,-0.5405005274576093,True,22 inverted tets; 48 folded triangles,visual-review-only; not an eligibility gate
e100-p000,baseline,reused-2026-08-17,1.0,0.0,37,0.6129836395703651,0.00325502836903329,3.25502836903329,0.14702947133656918,8.424168171625125,0.00011885166330300163,0.11885166330300162,22,1.9188551063787104e-05,-0.7705222030391369,49,0.00038229878600630403,-0.5352144761271841,True,22 inverted tets; 49 folded triangles,visual-review-only; not an eligibility gate
e100-p000,baseline,reused-2026-08-17,1.0,0.0,38,0.6090998831893724,0.0032344050825661246,3.234405082566125,0.14811068466248486,8.486117131953396,0.00011894999258228908,0.11894999258228908,24,2.093296479685866e-05,-0.7792236416501747,50,0.00039010080204724903,-0.518687381637024,True,24 inverted tets; 50 folded triangles,visual-review-only; not an eligibility gate
e100-p000,baseline,reused-2026-08-17,1.0,0.0,39,0.6070375524668159,0.0032234538196368964,3.2234538196368963,0.1478891417513253,8.473423658162913,0.00011872557347698237,0.11872557347698237,26,2.2677378529930216e-05,-0.7914587831265609,48,0.00037449676996535904,-0.5036849173796886,True,26 inverted tets; 48 folded triangles,visual-review-only; not an eligibility gate
e100-p000,baseline,reused-2026-08-17,1.0,0.0,40,0.6024609227330279,0.003199151279313826,3.199151279313826,0.14912759845102108,8.54438200016518,0.00011908355387273735,0.11908355387273735,29,2.5293999129537548e-05,-0.8050498660599399,49,0.00038229878600630403,-0.48995304764796516,True,29 inverted tets; 49 folded triangles,visual-review-only; not an eligibility gate
e100-p200,prestrain only,new-2026-08-18,1.0,2.0,0,0.8869659662655323,0.004709912624397079,4.709912624397079,0.06652606063780658,3.8116625021777106,4.66285833796305e-05,0.0466285833796305,0,0.0,0.03507989554202075,1,7.80201604094498e-06,-0.020307687712686998,True,1 folded triangles,visual-review-only; not an eligibility gate
e100-p200,prestrain only,new-2026-08-18,1.0,2.0,1,0.868134750679487,0.004609916250923032,4.609916250923032,0.06623002426146052,3.794700867230735,4.689756142496256e-05,0.046897561424962556,1,8.722068665357775e-07,-0.057942454213009344,0,0.0,0.04548854337993761,True,1 inverted tets,visual-review-only; not an eligibility gate
e100-p200,prestrain only,new-2026-08-18,1.0,2.0,2,0.8504632988410586,0.0045160783842282445,4.516078384228244,0.06596866826391809,3.779726271621122,4.744993372751337e-05,0.04744993372751337,0,0.0,0.11022202835382479,0,0.0,0.028075861446918083,False,none,visual-review-only; not an eligibility gate
e100-p200,prestrain only,new-2026-08-18,1.0,2.0,3,0.8331808629700586,0.004424306246417956,4.424306246417956,0.06573520746977911,3.766349953435186,4.825681882731942e-05,0.04825681882731942,0,0.0,0.14901208417701708,0,0.0,0.11064091303187747,False,none,visual-review-only; not an eligibility gate
e100-p200,prestrain only,new-2026-08-18,1.0,2.0,4,0.8165319889149808,0.004335898409954778,4.335898409954778,0.06561667782165245,3.759558704850358,4.9316691388384546e-05,0.04931669138838454,0,0.0,0.16152227685390783,0,0.0,0.0950979067202488,False,none,visual-review-only; not an eligibility gate
e100-p200,prestrain only,new-2026-08-18,1.0,2.0,5,0.8004224116220244,0.004250354314294312,4.250354314294312,0.06569224234317048,3.7638882330142662,5.069089439806506e-05,0.05069089439806506,0,0.0,0.10011302747079702,0,0.0,0.008449902778724974,False,none,visual-review-only; not an eligibility gate
e100-p200,prestrain only,new-2026-08-18,1.0,2.0,6,0.7851086443510061,0.00416903608051751,4.16903608051751,0.06584519705236877,3.7726518923079793,5.230346914090254e-05,0.052303469140902545,0,0.0,0.053361494634529466,0,0.0,0.014360273486071799,False,none,visual-review-only; not an eligibility gate
e100-p200,prestrain only,new-2026-08-18,1.0,2.0,7,0.7709148588192244,0.00409366510552329,4.09366510552329,0.06584995561193614,3.7729245376877514,5.434339056918232e-05,0.05434339056918232,0,0.0,0.019365059602892955,4,3.120806416377992e-05,-0.052770098953646954,True,4 folded triangles,visual-review-only; not an eligibility gate
e100-p200,prestrain only,new-2026-08-18,1.0,2.0,8,0.7572395299105799,0.0040210472072956995,4.021047207295699,0.06604406541011006,3.7840462098852528,5.629822381650109e-05,0.05629822381650109,1,8.722068665357775e-07,-0.007704894548033965,9,7.021814436850482e-05,-0.15654233311571386,True,1 inverted tets; 9 folded triangles,visual-review-only; not an eligibility gate
e100-p200,prestrain only,new-2026-08-18,1.0,2.0,9,0.7444258229879324,0.003953004641632888,3.9530046416328877,0.06622401705649855,3.794356679739744,5.861362969936925e-05,0.05861362969936925,1,8.722068665357775e-07,-0.02401985150496546,12,9.362419249133976e-05,-0.2656657734718337,True,1 inverted tets; 12 folded triangles,visual-review-only; not an eligibility gate
e100-p200,prestrain only,new-2026-08-18,1.0,2.0,10,0.7326291735813423,0.003890362792814698,3.890362792814698,0.06640298160739237,3.804610593188414,6.12484150561906e-05,0.061248415056190594,1,8.722068665357775e-07,-0.011354679416356877,16,0.00012483225665511967,-0.3613279763935895,True,1 inverted tets; 16 folded triangles,visual-review-only; not an eligibility gate
e100-p200,prestrain only,new-2026-08-18,1.0,2.0,11,0.7218170664972957,0.0038329490006419344,3.8329490006419342,0.06661328045146794,3.8166598293904244,6.37057759719491e-05,0.06370577597194911,1,8.722068665357775e-07,-0.010540922771449962,24,0.00018724838498267952,-0.43734316561067493,True,1 inverted tets; 24 folded triangles,visual-review-only; not an eligibility gate
e100-p200,prestrain only,new-2026-08-18,1.0,2.0,12,0.712729647509378,0.003784693542098707,3.784693542098707,0.06684405985729504,3.8298825153428537,6.478516405722075e-05,0.06478516405722075,0,0.0,0.002106151491392752,27,0.00021065443310551446,-0.5006523407793261,True,27 folded triangles,visual-review-only; not an eligibility gate
e100-p200,prestrain only,new-2026-08-18,1.0,2.0,13,0.7041577534511605,0.0037391755926222715,3.7391755926222716,0.06705300576422583,3.8418542339565214,6.685747160973885e-05,0.06685747160973884,0,0.0,0.020179885571636743,31,0.0002418624972692944,-0.548981368923598,True,31 folded triangles,visual-review-only; not an eligibility gate
e100-p200,prestrain only,new-2026-08-18,1.0,2.0,14,0.6954788131894085,0.0036930892129189755,3.6930892129189754,0.06726682266103699,3.854105039732385,6.893686213351762e-05,0.06893686213351762,0,0.0,0.025447077775003064,39,0.0003042786255968542,-0.5918565245165249,True,39 folded triangles,visual-review-only; not an eligibility gate
e100-p200,prestrain only,new-2026-08-18,1.0,2.0,15,0.6876212850239664,0.0036513646456745406,3.6513646456745406,0.06749388198711938,3.8671145808159904,7.011632187183342e-05,0.07011632187183342,1,8.722068665357775e-07,-0.019746821576129978,48,0.00037449676996535904,-0.6238386551090174,True,1 inverted tets; 48 folded triangles,visual-review-only; not an eligibility gate
e100-p200,prestrain only,new-2026-08-18,1.0,2.0,16,0.6805525579012215,0.003613828721659315,3.6138287216593152,0.06767396832874205,3.8774327681389207,7.14677854993058e-05,0.0714677854993058,2,1.744413733071555e-06,-0.07919568796776866,50,0.00039010080204724903,-0.6427641981010173,True,2 inverted tets; 50 folded triangles,visual-review-only; not an eligibility gate
e100-p200,prestrain only,new-2026-08-18,1.0,2.0,17,0.6735096517544114,0.0035764299106170274,3.5764299106170276,0.06788023776727768,3.8892511364095457,7.256499853822954e-05,0.07256499853822954,2,1.744413733071555e-06,-0.14999714492438485,61,0.0004759229784976438,-0.6603665160563934,True,2 inverted tets; 61 folded triangles,visual-review-only; not an eligibility gate
e100-p200,prestrain only,new-2026-08-18,1.0,2.0,18,0.6668758178209004,0.003541203329913881,3.541203329913881,0.0681994853289342,3.9075426743123067,7.350683016999653e-05,0.07350683016999653,3,2.6166205996073323e-06,-0.24612688730252633,73,0.0005695471709889836,-0.674093660243244,True,3 inverted tets; 73 folded triangles,visual-review-only; not an eligibility gate
e100-p200,prestrain only,new-2026-08-18,1.0,2.0,19,0.6605989810178795,0.0035078724536184787,3.5078724536184787,0.06874026131557624,3.9385268560089184,7.428229559647216e-05,0.07428229559647216,3,2.6166205996073323e-06,-0.4169499718261807,80,0.0006241612832755984,-0.6844480561048782,True,3 inverted tets; 80 folded triangles,visual-review-only; not an eligibility gate
e100-p200,prestrain only,new-2026-08-18,1.0,2.0,20,0.6550471223996123,0.003478391312301252,3.478391312301252,0.06898595571832669,3.952604108336507,7.496250198475885e-05,0.07496250198475884,4,3.48882746614311e-06,-0.5429311572829664,88,0.0006865774116031583,-0.6908524454847833,True,4 inverted tets; 88 folded triangles,visual-review-only; not an eligibility gate
e100-p200,prestrain only,new-2026-08-18,1.0,2.0,21,0.6497576152570164,0.0034503032938030397,3.4503032938030396,0.06932736666801328,3.972165514833102,7.462120164675028e-05,0.07462120164675029,6,5.233241199214665e-06,-0.6368292024629403,88,0.0006865774116031583,-0.6707210893791339,True,6 inverted tets; 88 folded triangles,visual-review-only; not an eligibility gate
e100-p200,prestrain only,new-2026-08-18,1.0,2.0,22,0.6450004371043814,0.003425042016268414,3.4250420162684136,0.0696820909818438,3.992489720906265,7.508022225404444e-05,0.07508022225404444,6,5.233241199214665e-06,-0.6921045713861222,91,0.0007099834597259932,-0.6657552721739513,True,6 inverted tets; 91 folded triangles,visual-review-only; not an eligibility gate
e100-p200,prestrain only,new-2026-08-18,1.0,2.0,23,0.6401026011992057,0.003399033826507606,3.399033826507606,0.06989602442979945,4.004747204570805,7.532747205462189e-05,0.0753274720546219,7,6.105448065750443e-06,-0.7227119575150973,99,0.000772399588053553,-0.6617924451707617,True,7 inverted tets; 99 folded triangles,visual-review-only; not an eligibility gate
e100-p200,prestrain only,new-2026-08-18,1.0,2.0,24,0.6356392703226392,0.0033753329188719815,3.3753329188719814,0.06989019431480806,4.0044131635877225,7.504317659077882e-05,0.07504317659077882,9,7.849861798821998e-06,-0.7382575479470125,102,0.000795805636176388,-0.6501496272572264,True,9 inverted tets; 102 folded triangles,visual-review-only; not an eligibility gate
e100-p200,prestrain only,new-2026-08-18,1.0,2.0,25,0.6309861218654889,0.0033506240534869874,3.3506240534869876,0.07005829897281472,4.014044851007994,7.529240467549961e-05,0.07529240467549961,9,7.849861798821998e-06,-0.7381322265764494,106,0.0008270137003401679,-0.6455413748073894,True,9 inverted tets; 106 folded triangles,visual-review-only; not an eligibility gate
e100-p200,prestrain only,new-2026-08-18,1.0,2.0,26,0.6266594814081774,0.003327648990986091,3.327648990986091,0.07040449471150913,4.0338804057205975,7.5709526868793e-05,0.075709526868793,12,1.046648239842933e-05,-0.7342523165399937,106,0.0008270137003401679,-0.6417402987769352,True,12 inverted tets; 106 folded triangles,visual-review-only; not an eligibility gate
e100-p200,prestrain only,new-2026-08-18,1.0,2.0,27,0.6238496086950162,0.0033127281761318435,3.3127281761318437,0.07017333633013002,4.020636006068499,7.56056235059795e-05,0.0756056235059795,11,9.594275531893552e-06,-0.7237649819761126,104,0.000811409668258278,-0.6389260269576021,True,11 inverted tets; 104 folded triangles,visual-review-only; not an eligibility gate
e100-p200,prestrain only,new-2026-08-18,1.0,2.0,28,0.6197934443861767,0.0032911893795923683,3.2911893795923683,0.0703759064721384,4.032242420260945,7.602054095009485e-05,0.07602054095009485,12,1.046648239842933e-05,-0.7476226850377431,105,0.0008192116842992229,-0.6362310555542052,True,12 inverted tets; 105 folded triangles,visual-review-only; not an eligibility gate
e100-p200,prestrain only,new-2026-08-18,1.0,2.0,29,0.6160437762211558,0.003271278120198629,3.271278120198629,0.07062677870311575,4.046616340292978,7.582851918206701e-05,0.07582851918206701,14,1.2210896131500885e-05,-0.7662356453137046,108,0.0008426177324220578,-0.6422317522219234,True,14 inverted tets; 108 folded triangles,visual-review-only; not an eligibility gate
e100-p200,prestrain only,new-2026-08-18,1.0,2.0,30,0.6122387811691787,0.003251073067341268,3.251073067341268,0.07109810199399859,4.073621175646782,7.623798874101636e-05,0.07623798874101635,18,1.5699723597643995e-05,-0.7507012289115381,106,0.0008270137003401679,-0.6445545510102771,True,18 inverted tets; 106 folded triangles,visual-review-only; not an eligibility gate
e100-p200,prestrain only,new-2026-08-18,1.0,2.0,31,0.6099307113915771,0.003238816895856712,3.238816895856712,0.07136551152476796,4.08894261316144,7.675317745770851e-05,0.07675317745770852,16,1.395530986457244e-05,-0.748733578680023,104,0.000811409668258278,-0.6140116686551739,True,16 inverted tets; 104 folded triangles,visual-review-only; not an eligibility gate
e100-p200,prestrain only,new-2026-08-18,1.0,2.0,32,0.6068232922328136,0.003222316067998824,3.2223160679988236,0.07175857665485526,4.1114635861892035,7.67596867904492e-05,0.0767596867904492,17,1.4827516731108217e-05,-0.7323989360999723,104,0.000811409668258278,-0.6138704523215313,True,17 inverted tets; 104 folded triangles,visual-review-only; not an eligibility gate
e100-p200,prestrain only,new-2026-08-18,1.0,2.0,33,0.6032821370288254,0.0032035120414244597,3.2035120414244598,0.07200672739508183,4.125681576287233,7.672376007597889e-05,0.07672376007597889,16,1.395530986457244e-05,-0.8124236361092719,103,0.000803607652217333,-0.6190604666263438,True,16 inverted tets; 103 folded triangles,visual-review-only; not an eligibility gate
e100-p200,prestrain only,new-2026-08-18,1.0,2.0,34,0.6004704547079934,0.003188581617301832,3.188581617301832,0.07223145157611656,4.138557323415057,7.681014201774495e-05,0.07681014201774496,18,1.5699723597643995e-05,-0.7875768391771489,108,0.0008426177324220578,-0.65953762784925,True,18 inverted tets; 108 folded triangles,visual-review-only; not an eligibility gate
e100-p200,prestrain only,new-2026-08-18,1.0,2.0,35,0.5973619840608182,0.0031720752058942542,3.172075205894254,0.07244986468820534,4.151071472928062,7.682417158130066e-05,0.07682417158130066,17,1.4827516731108217e-05,-0.7746774841140845,111,0.0008660237805448928,-0.6416789675399266,True,17 inverted tets; 111 folded triangles,visual-review-only; not an eligibility gate
e100-p200,prestrain only,new-2026-08-18,1.0,2.0,36,0.5946068941446577,0.0031574452953103023,3.1574452953103025,0.07263689766319008,4.161787673024463,7.61663737190119e-05,0.0761663737190119,17,1.4827516731108217e-05,-0.7608923360081665,112,0.0008738257965858378,-0.6347604447545202,True,17 inverted tets; 112 folded triangles,visual-review-only; not an eligibility gate
e100-p200,prestrain only,new-2026-08-18,1.0,2.0,37,0.5917236609427592,0.003142134926059181,3.1421349260591813,0.0728215846962121,4.172369460547419,7.63480655047557e-05,0.07634806550475569,21,1.8316344197251327e-05,-0.7462204843812356,115,0.0008972318447086728,-0.6559080854740927,True,21 inverted tets; 115 folded triangles,visual-review-only; not an eligibility gate
e100-p200,prestrain only,new-2026-08-18,1.0,2.0,38,0.5887795444132851,0.003126501257872058,3.126501257872058,0.07299716070781155,4.182429224995807,7.660258221093212e-05,0.07660258221093212,22,1.9188551063787104e-05,-0.7320522774896772,117,0.0009128358767905627,-0.6971499758477854,True,22 inverted tets; 117 folded triangles,visual-review-only; not an eligibility gate
e100-p200,prestrain only,new-2026-08-18,1.0,2.0,39,0.5863412120832948,0.0031135533741197085,3.1135533741197086,0.07316672945940134,4.1921447987992035,7.66236600590458e-05,0.0766236600590458,23,2.006075793032288e-05,-0.7278902146496369,118,0.0009206378928315077,-0.713353986610937,True,23 inverted tets; 118 folded triangles,visual-review-only; not an eligibility gate
e100-p200,prestrain only,new-2026-08-18,1.0,2.0,40,0.5836975224320865,0.00309951501443423,3.09951501443423,0.073535217760528,4.213257623253708,7.690135703813253e-05,0.07690135703813253,24,2.093296479685866e-05,-0.7122200819658656,120,0.0009362419249133976,-0.7309220237854083,True,24 inverted tets; 120 folded triangles,visual-review-only; not an eligibility gate
e005-p000,softening only,new-2026-08-18,0.05,0.0,0,1.0,0.005310139062299789,5.310139062299789,0.05045580604700007,2.8909047384237616,3.363759835143948e-21,3.363759835143948e-18,0,0.0,1.0,0,0.0,0.9999999999999996,False,none,visual-review-only; not an eligibility gate
e005-p000,softening only,new-2026-08-18,0.05,0.0,1,0.9780379671833549,0.005193517613952612,5.193517613952611,0.050407670345235,2.888146765868723,1.0117663237873147e-05,0.010117663237873147,0,0.0,0.8793781256065043,0,0.0,0.798459546628625,False,none,visual-review-only; not an eligibility gate
e005-p000,softening only,new-2026-08-18,0.05,0.0,2,0.9556502039779685,0.005074635478038172,5.0746354780381715,0.05163386754012249,2.9584026899865563,1.995601616681632e-05,0.019956016166816318,0,0.0,0.7478215160441525,0,0.0,0.7036461867822872,False,none,visual-review-only; not an eligibility gate
e005-p000,softening only,new-2026-08-18,0.05,0.0,3,0.9327301278099661,0.004952926686267576,4.952926686267576,0.05437096726175079,3.1152269521422906,2.99951042953131e-05,0.029995104295313102,0,0.0,0.4485578513980382,0,0.0,0.6120746142159402,False,none,visual-review-only; not an eligibility gate
e005-p000,softening only,new-2026-08-18,0.05,0.0,4,0.909853226805829,0.004831447160621142,4.831447160621142,0.05857260638570862,3.3559631409821185,4.0542027713794136e-05,0.040542027713794136,0,0.0,0.2736042826212854,0,0.0,0.4520471860985052,False,none,visual-review-only; not an eligibility gate
e005-p000,softening only,new-2026-08-18,0.05,0.0,5,0.8878055922887186,0.0047143711553405245,4.714371155340524,0.06346478370602135,3.636264254065659,5.0525742589080716e-05,0.05052574258908071,0,0.0,0.1760884265317104,0,0.0,0.2810318701149335,False,none,visual-review-only; not an eligibility gate
e005-p000,softening only,new-2026-08-18,0.05,0.0,6,0.8667440610842074,0.004602531495779604,4.602531495779604,0.06851856363523381,3.925824514597457,5.931024427514275e-05,0.05931024427514275,3,2.6166205996073323e-06,-0.37416416782175677,1,7.80201604094498e-06,-0.08512354004124957,True,3 inverted tets; 1 folded triangles,visual-review-only; not an eligibility gate
e005-p000,softening only,new-2026-08-18,0.05,0.0,7,0.8465232397661392,0.004495156122626746,4.495156122626746,0.07351599761407729,4.212156389980459,6.650490264025314e-05,0.06650490264025313,6,5.233241199214665e-06,-0.314117764784241,1,7.80201604094498e-06,-0.06568231488280783,True,6 inverted tets; 1 folded triangles,visual-review-only; not an eligibility gate
e005-p000,softening only,new-2026-08-18,0.05,0.0,8,0.8277672237049785,0.0043955590690872536,4.395559069087254,0.0782592980619215,4.483927486604445,7.244267789862109e-05,0.07244267789862109,5,4.3610343326788875e-06,-0.36897577042249047,2,1.560403208188996e-05,-0.5711216822946911,True,5 inverted tets; 2 folded triangles,visual-review-only; not an eligibility gate
e005-p000,softening only,new-2026-08-18,0.05,0.0,9,0.8100621488981208,0.004301542659754419,4.301542659754419,0.08294170717325476,4.752209766637443,7.788845898611279e-05,0.07788845898611278,4,3.48882746614311e-06,-0.3767840213870776,3,2.340604812283494e-05,-0.5592456270945646,True,4 inverted tets; 3 folded triangles,visual-review-only; not an eligibility gate
e005-p000,softening only,new-2026-08-18,0.05,0.0,10,0.7931702581873875,0.004211844371055255,4.211844371055255,0.08723481637145944,4.998186804683364,8.190129557468227e-05,0.08190129557468227,4,3.48882746614311e-06,-0.34561339955602954,5,3.90100802047249e-05,-0.5071522141184858,True,4 inverted tets; 5 folded triangles,visual-review-only; not an eligibility gate
e005-p000,softening only,new-2026-08-18,0.05,0.0,11,0.7780007234928065,0.0041312920323166484,4.131292032316648,0.09181010366181745,5.260331456480725,8.523903112292551e-05,0.08523903112292551,4,3.48882746614311e-06,-0.2755877268103431,12,9.362419249133976e-05,-0.40629522334121104,True,4 inverted tets; 12 folded triangles,visual-review-only; not an eligibility gate
e005-p000,softening only,new-2026-08-18,0.05,0.0,12,0.7632029790362778,0.004052713951444105,4.0527139514441055,0.09678557264090736,5.545404830080841,8.853391471752005e-05,0.08853391471752005,4,3.48882746614311e-06,-0.2272580522840584,25,0.00019505040102362452,-0.3438506867056191,True,4 inverted tets; 25 folded triangles,visual-review-only; not an eligibility gate
e005-p000,softening only,new-2026-08-18,0.05,0.0,13,0.7501236894905607,0.003983261105120264,3.983261105120264,0.10097896282432936,5.785668389442511,9.1076369163046e-05,0.09107636916304601,5,4.3610343326788875e-06,-0.11939185139814933,28,0.00021845644914645946,-0.23440347472946713,True,5 inverted tets; 28 folded triangles,visual-review-only; not an eligibility gate
e005-p000,softening only,new-2026-08-18,0.05,0.0,14,0.7375306773118918,0.003916390459238297,3.916390459238297,0.10477717899047968,6.0032901454412855,9.335477820512229e-05,0.0933547782051223,4,3.48882746614311e-06,-0.15566602271493712,35,0.00027307056143307433,-0.27980252561757657,True,4 inverted tets; 35 folded triangles,visual-review-only; not an eligibility gate
e005-p000,softening only,new-2026-08-18,0.05,0.0,15,0.7268203355412699,0.003859517055031537,3.859517055031537,0.1071033395647681,6.13656932881774,9.472451858125366e-05,0.09472451858125366,5,4.3610343326788875e-06,-0.17907709809685612,36,0.0002808725774740193,-0.4678636300828142,True,5 inverted tets; 36 folded triangles,visual-review-only; not an eligibility gate
e005-p000,softening only,new-2026-08-18,0.05,0.0,16,0.7164204890132153,0.0038042924237409914,3.8042924237409914,0.10901626491931696,6.2461718781569555,9.585350013048273e-05,0.09585350013048273,3,2.6166205996073323e-06,-0.1949084832483835,41,0.0003198826576787442,-0.4855389971429374,True,3 inverted tets; 41 folded triangles,visual-review-only; not an eligibility gate
e005-p000,softening only,new-2026-08-18,0.05,0.0,17,0.7065426642320388,0.0037518398005199132,3.7518398005199134,0.11238278805706503,6.43905944558306,9.723815154851955e-05,0.09723815154851954,4,3.48882746614311e-06,-0.1872058958995265,41,0.0003198826576787442,-0.5057832478336249,True,4 inverted tets; 41 folded triangles,visual-review-only; not an eligibility gate
e005-p000,softening only,new-2026-08-18,0.05,0.0,18,0.696495243309515,0.003698486598203851,3.698486598203851,0.11465600719213341,6.569305307930857,9.831985284422287e-05,0.09831985284422287,5,4.3610343326788875e-06,-0.17285175521257184,42,0.00032768467371968916,-0.5255833772888681,True,5 inverted tets; 42 folded triangles,visual-review-only; not an eligibility gate
e005-p000,softening only,new-2026-08-18,0.05,0.0,19,0.6866623986727672,0.0036462728258047318,3.646272825804732,0.117663914692173,6.741645712848872,9.979096626105105e-05,0.09979096626105105,6,5.233241199214665e-06,-0.17168829529368007,41,0.0003198826576787442,-0.5382284992623613,True,6 inverted tets; 41 folded triangles,visual-review-only; not an eligibility gate
e005-p000,softening only,new-2026-08-18,0.05,0.0,20,0.6780726545152992,0.0036006600898189993,3.6006600898189993,0.12021498487542225,6.8878112675907195,0.0001011386218560237,0.1011386218560237,7,6.105448065750443e-06,-0.21388631520781948,44,0.00034328870580157915,-0.4378687846062974,True,7 inverted tets; 44 folded triangles,visual-review-only; not an eligibility gate
e005-p000,softening only,new-2026-08-18,0.05,0.0,21,0.6696249829555643,0.003555801779084172,3.555801779084172,0.1225886152241196,7.023810268695243,0.00010239520147845507,0.10239520147845507,8,6.97765493228622e-06,-0.26162052500786004,45,0.0003510907218425241,-0.46815346962350346,True,8 inverted tets; 45 folded triangles,visual-review-only; not an eligibility gate
e005-p000,softening only,new-2026-08-18,0.05,0.0,22,0.6635928368710673,0.003523770244531386,3.523770244531386,0.12458969900883861,7.138463924011708,0.00010357402623489207,0.10357402623489208,11,9.594275531893552e-06,-0.3027388589446729,44,0.00034328870580157915,-0.4995195539586473,True,11 inverted tets; 44 folded triangles,visual-review-only; not an eligibility gate
e005-p000,softening only,new-2026-08-18,0.05,0.0,23,0.6570811326411768,0.003489192189538102,3.489192189538102,0.12656683114119538,7.251745250735452,0.00010481284151547017,0.10481284151547017,12,1.046648239842933e-05,-0.33898510954836353,45,0.0003510907218425241,-0.516297246758047,True,12 inverted tets; 45 folded triangles,visual-review-only; not an eligibility gate
e005-p000,softening only,new-2026-08-18,0.05,0.0,24,0.650185807229156,0.0034525770527204618,3.4525770527204616,0.12839966255819332,7.356758755488416,0.00010582015885143823,0.10582015885143822,13,1.1338689264965108e-05,-0.3707034041170539,44,0.00034328870580157915,-0.5230240722815793,True,13 inverted tets; 44 folded triangles,visual-review-only; not an eligibility gate
e005-p000,softening only,new-2026-08-18,0.05,0.0,25,0.6444459147563728,0.003422097425487335,3.4220974254873346,0.13044455248530404,7.473922317880675,0.00010740149972817099,0.107401499728171,15,1.3083102998036662e-05,-0.40262239876305933,46,0.0003588927378834691,-0.5371056754296211,True,15 inverted tets; 46 folded triangles,visual-review-only; not an eligibility gate
e005-p000,softening only,new-2026-08-18,0.05,0.0,26,0.6405368871540359,0.0034013399453205577,3.4013399453205575,0.13201359751307448,7.563821975837908,0.00010774262094864327,0.10774262094864327,15,1.3083102998036662e-05,-0.44070726415111117,41,0.0003198826576787442,-0.5396657931912947,True,15 inverted tets; 41 folded triangles,visual-review-only; not an eligibility gate
e005-p000,softening only,new-2026-08-18,0.05,0.0,27,0.6342682757279913,0.0033680527469207395,3.3680527469207395,0.1333584065472486,7.64087385774715,0.00010840866886145884,0.10840866886145883,16,1.395530986457244e-05,-0.5038459560360413,37,0.0002886745935149643,-0.5332252905819558,True,16 inverted tets; 37 folded triangles,visual-review-only; not an eligibility gate
e005-p000,softening only,new-2026-08-18,0.05,0.0,28,0.6275979613710602,0.0033326324500961802,3.33263245009618,0.13495621174873976,7.732421352276643,0.00010932088526636644,0.10932088526636644,16,1.395530986457244e-05,-0.5290369454705364,39,0.0003042786255968542,-0.5283928544992704,True,16 inverted tets; 39 folded triangles,visual-review-only; not an eligibility gate
e005-p000,softening only,new-2026-08-18,0.05,0.0,29,0.6223623898973241,0.003304830837500032,3.304830837500032,0.13661219184589357,7.827302022801221,0.00011059855427478219,0.11059855427478218,20,1.744413733071555e-05,-0.5445954774325309,38,0.0002964766095559093,-0.5489311837759567,True,20 inverted tets; 38 folded triangles,visual-review-only; not an eligibility gate
e005-p000,softening only,new-2026-08-18,0.05,0.0,30,0.6157312049633725,0.003269618323352922,3.2696183233529217,0.13826989860196112,7.922281623594214,0.00011155786104895801,0.11155786104895801,23,2.006075793032288e-05,-0.5553562415101109,40,0.0003120806416377992,-0.4739198392377354,True,23 inverted tets; 40 folded triangles,visual-review-only; not an eligibility gate
e005-p000,softening only,new-2026-08-18,0.05,0.0,31,0.6095593823362071,0.003236845086934825,3.2368450869348253,0.13963218444978717,8.000334853165048,0.00011217340366155656,0.11217340366155656,25,2.1805171663394436e-05,-0.5644419920044809,42,0.00032768467371968916,-0.48256006752684616,True,25 inverted tets; 42 folded triangles,visual-review-only; not an eligibility gate
e005-p000,softening only,new-2026-08-18,0.05,0.0,32,0.6040403769745408,0.003207538400978799,3.207538400978799,0.14112847582923094,8.086066034128983,0.00011273059085284204,0.11273059085284204,31,2.7038412862609102e-05,-0.5736596142289134,43,0.00033548668976063415,-0.486263179505932,True,31 inverted tets; 43 folded triangles,visual-review-only; not an eligibility gate
e005-p000,softening only,new-2026-08-18,0.05,0.0,33,0.5984768932507096,0.0031779955287344138,3.1779955287344137,0.1425264624894834,8.166164769577039,0.00011329042298768156,0.11329042298768156,39,3.401606779489532e-05,-0.5818665050978463,44,0.00034328870580157915,-0.4888955603679109,True,39 inverted tets; 44 folded triangles,visual-review-only; not an eligibility gate
e005-p000,softening only,new-2026-08-18,0.05,0.0,34,0.5940364474358997,0.003154416143959166,3.154416143959166,0.14550393401161044,8.336761321415311,0.00011417827152601907,0.11417827152601906,38,3.3143860928359545e-05,-0.5866128331926317,51,0.000397902818088194,-0.4903927569667857,True,38 inverted tets; 51 folded triangles,visual-review-only; not an eligibility gate
e005-p000,softening only,new-2026-08-18,0.05,0.0,35,0.5890409493995242,0.0031278893547005667,3.127889354700567,0.14708573073065384,8.427391597464139,0.00011454511361579377,0.11454511361579377,36,3.139944719528799e-05,-0.5986706552272141,51,0.000397902818088194,-0.4736485426278635,True,36 inverted tets; 51 folded triangles,visual-review-only; not an eligibility gate
e005-p000,softening only,new-2026-08-18,0.05,0.0,36,0.5837289310419043,0.0030996817985201154,3.0996817985201153,0.14889536920436752,8.531076244452429,0.00011520427277282176,0.11520427277282176,35,3.0527240328752214e-05,-0.6391143430478609,49,0.00038229878600630403,-0.4630867565090608,True,35 inverted tets; 49 folded triangles,visual-review-only; not an eligibility gate
e005-p000,softening only,new-2026-08-18,0.05,0.0,37,0.5781567749246302,0.003070092874660546,3.070092874660546,0.15034332284330373,8.614037876894084,0.00011595318300199295,0.11595318300199295,43,3.750489526103843e-05,-0.662618988981376,52,0.000405704834129139,-0.45554155828660653,True,43 inverted tets; 52 folded triangles,visual-review-only; not an eligibility gate
e005-p000,softening only,new-2026-08-18,0.05,0.0,38,0.5740261080266511,0.0030481584590122384,3.0481584590122384,0.1516197916003497,8.687174149353128,0.0001169022701904931,0.1169022701904931,48,4.186592959371732e-05,-1.2394500907173638,54,0.0004213088662110289,-0.4491476366586487,True,48 inverted tets; 54 folded triangles,visual-review-only; not an eligibility gate
e005-p000,softening only,new-2026-08-18,0.05,0.0,39,0.5690079916639985,0.0030215115632957514,3.021511563295751,0.15281486938979727,8.755647062878298,0.00011727635504483253,0.11727635504483253,50,4.361034332678887e-05,-1.4430374056983226,55,0.0004291108822519739,-0.4434312131604605,True,50 inverted tets; 55 folded triangles,visual-review-only; not an eligibility gate
e005-p000,softening only,new-2026-08-18,0.05,0.0,40,0.5640421078426604,0.002995142029637221,2.995142029637221,0.15438292732227687,8.845490164441388,0.00011801713676572679,0.11801713676572678,51,4.4482550193324655e-05,-1.6194852930877002,58,0.00045251693037480885,-0.43883455516201847,True,51 inverted tets; 58 folded triangles,visual-review-only; not an eligibility gate
e005-p200,combined extreme,new-2026-08-18,0.05,2.0,0,0.8738256032442565,0.004640135469425003,4.640135469425004,0.066083920078516,3.7863297141788066,4.699510336754734e-05,0.046995103367547336,1,8.722068665357775e-07,-0.15353458338774026,2,1.560403208188996e-05,-0.010898491061188795,True,1 inverted tets; 2 folded triangles,visual-review-only; not an eligibility gate
e005-p200,combined extreme,new-2026-08-18,0.05,2.0,1,0.8522088732227903,0.004525347626938827,4.525347626938827,0.06577820645917425,3.7688136140508552,4.720338310979796e-05,0.047203383109797964,1,8.722068665357775e-07,-0.09870508531683288,0,0.0,0.08419327828365873,True,1 inverted tets,visual-review-only; not an eligibility gate
e005-p200,combined extreme,new-2026-08-18,0.05,2.0,2,0.8327392745136641,0.004421961350306195,4.421961350306195,0.06553611908139326,3.754943029030615,4.777827308179558e-05,0.04777827308179558,0,0.0,0.03629730169317063,0,0.0,0.1115047576622615,False,none,visual-review-only; not an eligibility gate
e005-p200,combined extreme,new-2026-08-18,0.05,2.0,3,0.813581947224316,0.004320233278337766,4.320233278337766,0.06538412918087148,3.7462346492021044,4.867376514199448e-05,0.04867376514199448,0,0.0,0.010570719537281842,1,7.80201604094498e-06,-0.044972646459201085,True,1 folded triangles,visual-review-only; not an eligibility gate
e005-p200,combined extreme,new-2026-08-18,0.05,2.0,4,0.7948074117642067,0.004220537884214506,4.220537884214506,0.06534967949673619,3.744260827695593,4.98897347445542e-05,0.0498897347445542,1,8.722068665357775e-07,-0.039244598408868854,0,0.0,0.00699619761948819,True,1 inverted tets,visual-review-only; not an eligibility gate
e005-p200,combined extreme,new-2026-08-18,0.05,2.0,5,0.7768996506921366,0.004125445182627376,4.125445182627376,0.06545602343832235,3.750353886725266,5.15083795375674e-05,0.0515083795375674,2,1.744413733071555e-06,-0.06204735448995519,1,7.80201604094498e-06,-0.025009787112891795,True,2 inverted tets; 1 folded triangles,visual-review-only; not an eligibility gate
e005-p200,combined extreme,new-2026-08-18,0.05,2.0,6,0.7600241769288153,0.004035834070201948,4.035834070201948,0.06555387362889209,3.755960289669463,5.345278491484386e-05,0.05345278491484386,1,8.722068665357775e-07,-0.014928628638638848,3,2.340604812283494e-05,-0.027536507560149158,True,1 inverted tets; 3 folded triangles,visual-review-only; not an eligibility gate
e005-p200,combined extreme,new-2026-08-18,0.05,2.0,7,0.744428807042269,0.003953020487376385,3.9530204873763846,0.06566840938244783,3.7625227049515577,5.5357711514158266e-05,0.05535771151415827,3,2.6166205996073323e-06,-0.28112510948025454,6,4.681209624566988e-05,-0.1456183135970731,True,3 inverted tets; 6 folded triangles,visual-review-only; not an eligibility gate
e005-p200,combined extreme,new-2026-08-18,0.05,2.0,8,0.7297265115159483,0.0038749492535965933,3.8749492535965935,0.06585421785007474,3.7731687459443726,5.70875989258601e-05,0.0570875989258601,3,2.6166205996073323e-06,-0.34968660909214483,7,5.4614112286614864e-05,-0.23428779979004902,True,3 inverted tets; 7 folded triangles,visual-review-only; not an eligibility gate
e005-p200,combined extreme,new-2026-08-18,0.05,2.0,9,0.7159859632497416,0.003801985031510794,3.8019850315107937,0.06604095151351196,3.7838677967523413,5.869065868209993e-05,0.058690658682099925,3,2.6166205996073323e-06,-0.3727220863024489,12,9.362419249133976e-05,-0.3019795587353476,True,3 inverted tets; 12 folded triangles,visual-review-only; not an eligibility gate
e005-p200,combined extreme,new-2026-08-18,0.05,2.0,10,0.7032015651712527,0.0037340980998862195,3.7340980998862197,0.06623518415010837,3.7949965070730145,6.030986118919076e-05,0.06030986118919076,3,2.6166205996073323e-06,-0.3662171631347058,16,0.00012483225665511967,-0.3515614271488299,True,3 inverted tets; 16 folded triangles,visual-review-only; not an eligibility gate
e005-p200,combined extreme,new-2026-08-18,0.05,2.0,11,0.6913362327599148,0.0036710915347616026,3.6710915347616027,0.06645800895677514,3.807763428065839,6.172336887580689e-05,0.061723368875806886,3,2.6166205996073323e-06,-0.3216911900631044,21,0.00016384233685984458,-0.3852658337805682,True,3 inverted tets; 21 folded triangles,visual-review-only; not an eligibility gate
e005-p200,combined extreme,new-2026-08-18,0.05,2.0,12,0.6802536130867427,0.003612241283122479,3.612241283122479,0.06670384233035864,3.821848642835636,6.293184275290466e-05,0.06293184275290466,3,2.6166205996073323e-06,-0.23012891885961656,26,0.0002028524170645695,-0.42870320974273346,True,3 inverted tets; 26 folded triangles,visual-review-only; not an eligibility gate
e005-p200,combined extreme,new-2026-08-18,0.05,2.0,13,0.671547617391572,0.0035660112353053395,3.5660112353053393,0.06693226171645505,3.8349361096179297,6.402857757664813e-05,0.06402857757664814,3,2.6166205996073323e-06,-0.14865088315560565,19,0.00014823830477795464,-0.4579522530818694,True,3 inverted tets; 19 folded triangles,visual-review-only; not an eligibility gate
e005-p200,combined extreme,new-2026-08-18,0.05,2.0,14,0.6622540670994939,0.0035166611908719276,3.5166611908719276,0.06714737906474798,3.84726142577516,6.50446875530324e-05,0.06504468755303239,1,8.722068665357775e-07,-0.08990334270899246,25,0.00019505040102362452,-0.49489544274832514,True,1 inverted tets; 25 folded triangles,visual-review-only; not an eligibility gate
e005-p200,combined extreme,new-2026-08-18,0.05,2.0,15,0.6537116304086313,0.0034712996641125555,3.4712996641125553,0.06739775983458242,3.86160718715791,6.598740041147194e-05,0.06598740041147194,3,2.6166205996073323e-06,-0.033121485632480116,31,0.0002418624972692944,-0.5411904323837908,True,3 inverted tets; 31 folded triangles,visual-review-only; not an eligibility gate
e005-p200,combined extreme,new-2026-08-18,0.05,2.0,16,0.6457715091905051,0.003429136516272788,3.4291365162727883,0.06759566461273434,3.8729462956914875,6.676074862733527e-05,0.06676074862733528,3,2.6166205996073323e-06,-0.3434164591476688,37,0.0002886745935149643,-0.571903770049058,True,3 inverted tets; 37 folded triangles,visual-review-only; not an eligibility gate
e005-p200,combined extreme,new-2026-08-18,0.05,2.0,17,0.6385231661918024,0.0033906468069784296,3.3906468069784297,0.06791600058088776,3.8913001946929158,6.731314425767103e-05,0.06731314425767103,4,3.48882746614311e-06,-0.36926442622134437,47,0.0003666947539244141,-0.591173027364106,True,4 inverted tets; 47 folded triangles,visual-review-only; not an eligibility gate
e005-p200,combined extreme,new-2026-08-18,0.05,2.0,18,0.632153694096119,0.003356824024396913,3.356824024396913,0.06835109284900702,3.916229145354924,6.834205584019852e-05,0.06834205584019852,6,5.233241199214665e-06,-0.4737057432010571,52,0.000405704834129139,-0.6137314725159473,True,6 inverted tets; 52 folded triangles,visual-review-only; not an eligibility gate
e005-p200,combined extreme,new-2026-08-18,0.05,2.0,19,0.625770361836279,0.003322927642416298,3.322927642416298,0.06853753811423119,3.926911672162466,6.874575331422843e-05,0.06874575331422843,6,5.233241199214665e-06,-0.5332136992846693,61,0.0004759229784976438,-0.6316471891678702,True,6 inverted tets; 61 folded triangles,visual-review-only; not an eligibility gate
e005-p200,combined extreme,new-2026-08-18,0.05,2.0,20,0.6193162077462048,0.003288655186668493,3.288655186668493,0.06897236365914758,3.9518253407106516,6.920187107123922e-05,0.06920187107123922,6,5.233241199214665e-06,-0.6402610122837163,62,0.0004837249945385888,-0.6450073895799507,True,6 inverted tets; 62 folded triangles,visual-review-only; not an eligibility gate
e005-p200,combined extreme,new-2026-08-18,0.05,2.0,21,0.6150219461242105,0.0032658520602858064,3.2658520602858063,0.06905678271499806,3.9566621963213633,6.947798479657884e-05,0.06947798479657884,8,6.97765493228622e-06,-0.6760124306915332,74,0.0005773491870299285,-0.6537929968450926,True,8 inverted tets; 74 folded triangles,visual-review-only; not an eligibility gate
e005-p200,combined extreme,new-2026-08-18,0.05,2.0,22,0.6119718824440767,0.0032496557979954264,3.2496557979954264,0.06944590333418012,3.9789571655220124,6.992926648818589e-05,0.06992926648818588,9,7.849861798821998e-06,-0.709299417270836,75,0.0005851512030708735,-0.6178196333814706,True,9 inverted tets; 75 folded triangles,visual-review-only; not an eligibility gate
e005-p200,combined extreme,new-2026-08-18,0.05,2.0,23,0.6068102907649499,0.003222247028396453,3.222247028396453,0.06970324366463874,3.9937016803557936,7.035225424566987e-05,0.07035225424566986,9,7.849861798821998e-06,-0.7276265414826228,77,0.0006007552351527635,-0.6233743447500716,True,9 inverted tets; 77 folded triangles,visual-review-only; not an eligibility gate
e005-p200,combined extreme,new-2026-08-18,0.05,2.0,24,0.6020158104951608,0.0031967876714324205,3.1967876714324204,0.06965744097931255,3.991077379796237,7.027940821371166e-05,0.07027940821371166,10,8.722068665357775e-06,-0.7307370237457519,80,0.0006241612832755984,-0.6124940745101698,True,10 inverted tets; 80 folded triangles,visual-review-only; not an eligibility gate
e005-p200,combined extreme,new-2026-08-18,0.05,2.0,25,0.5968859704007352,0.0031695475071636596,3.1695475071636596,0.06999377216981845,4.010347737530836,7.0874210233158e-05,0.070874210233158,10,8.722068665357775e-06,-0.7212058478266894,84,0.0006553693474393783,-0.6376167861038184,True,10 inverted tets; 84 folded triangles,visual-review-only; not an eligibility gate
e005-p200,combined extreme,new-2026-08-18,0.05,2.0,26,0.592420875465862,0.003145837232133112,3.145837232133112,0.07028300274070767,4.026919428548948,7.150124468467681e-05,0.0715012446846768,11,9.594275531893552e-06,-0.7075467884301835,83,0.0006475673313984334,-0.6427799184250893,True,11 inverted tets; 83 folded triangles,visual-review-only; not an eligibility gate
e005-p200,combined extreme,new-2026-08-18,0.05,2.0,27,0.5878487308793038,0.003121558508565547,3.121558508565547,0.07055971317378541,4.042773768511539,7.173545876620043e-05,0.07173545876620044,12,1.046648239842933e-05,-0.7006273039053947,86,0.0006709733795212683,-0.6398380268520507,True,12 inverted tets; 86 folded triangles,visual-review-only; not an eligibility gate
e005-p200,combined extreme,new-2026-08-18,0.05,2.0,28,0.5848649575518989,0.0031057142572666467,3.1057142572666465,0.07078905895718371,4.055914313949383,7.212148263193016e-05,0.07212148263193016,14,1.2210896131500885e-05,-0.7079278639909374,87,0.0006787753955622133,-0.6325715417660265,True,14 inverted tets; 87 folded triangles,visual-review-only; not an eligibility gate
e005-p200,combined extreme,new-2026-08-18,0.05,2.0,29,0.5806372007236585,0.0030832642805871022,3.0832642805871022,0.07102719179276769,4.0695583203918275,7.242506325714134e-05,0.07242506325714135,16,1.395530986457244e-05,-0.70165113977837,90,0.0007021814436850482,-0.6386963207544565,True,16 inverted tets; 90 folded triangles,visual-review-only; not an eligibility gate
e005-p200,combined extreme,new-2026-08-18,0.05,2.0,30,0.5765748105588517,0.0030616924238866593,3.0616924238866594,0.07148096026719897,4.09555733885283,7.268389400193721e-05,0.07268389400193721,16,1.395530986457244e-05,-0.6947817621005795,88,0.0006865774116031583,-0.6432607019229556,True,16 inverted tets; 88 folded triangles,visual-review-only; not an eligibility gate
e005-p200,combined extreme,new-2026-08-18,0.05,2.0,31,0.5731489312154829,0.003043500528162711,3.0435005281627108,0.07168736446947238,4.107383428516862,7.276040154508809e-05,0.07276040154508809,17,1.4827516731108217e-05,-0.6866163691995154,89,0.0006943794276441032,-0.6365302321105234,True,17 inverted tets; 89 folded triangles,visual-review-only; not an eligibility gate
e005-p200,combined extreme,new-2026-08-18,0.05,2.0,32,0.5711524614973528,0.003032898996325769,3.032898996325769,0.07191263801986696,4.120290652190398,7.279915525119412e-05,0.07279915525119413,19,1.6571930464179773e-05,-0.6759236603578713,88,0.0006865774116031583,-0.6366712020595703,True,19 inverted tets; 88 folded triangles,visual-review-only; not an eligibility gate
e005-p200,combined extreme,new-2026-08-18,0.05,2.0,33,0.5676136716901595,0.0030141075303373238,3.014107530337324,0.07214338546422618,4.133511506885611,7.302411616197632e-05,0.07302411616197632,18,1.5699723597643995e-05,-0.6556551606378869,88,0.0006865774116031583,-0.6370839509809094,True,18 inverted tets; 88 folded triangles,visual-review-only; not an eligibility gate
e005-p200,combined extreme,new-2026-08-18,0.05,2.0,34,0.5640832132569762,0.0029953603051034515,2.9953603051034516,0.07231462947551709,4.143323065999471,7.326882436509129e-05,0.07326882436509129,18,1.5699723597643995e-05,-0.659016008895375,93,0.0007255874918078831,-0.6407107029853576,True,18 inverted tets; 93 folded triangles,visual-review-only; not an eligibility gate
e005-p200,combined extreme,new-2026-08-18,0.05,2.0,35,0.5609797020555873,0.0029788802290426713,2.9788802290426712,0.07247463660369112,4.152490799135852,7.338454067074328e-05,0.07338454067074328,19,1.6571930464179773e-05,-0.5849936105821599,94,0.0007333895078488282,-0.641213668631146,True,19 inverted tets; 94 folded triangles,visual-review-only; not an eligibility gate
e005-p200,combined extreme,new-2026-08-18,0.05,2.0,36,0.5577181760825488,0.0029615610725705344,2.961561072570534,0.07267995571761245,4.16425471781691,7.35348726274033e-05,0.0735348726274033,19,1.6571930464179773e-05,-0.5884732769207002,95,0.0007411915238897731,-0.6414091016352286,True,19 inverted tets; 95 folded triangles,visual-review-only; not an eligibility gate
e005-p200,combined extreme,new-2026-08-18,0.05,2.0,37,0.5548194978651347,0.0029461686881392065,2.9461686881392066,0.07290676971052262,4.1772502023451725,7.368374338927465e-05,0.07368374338927465,21,1.8316344197251327e-05,-0.6183273049532375,100,0.0007802016040944981,-0.6410283432791966,True,21 inverted tets; 100 folded triangles,visual-review-only; not an eligibility gate
e005-p200,combined extreme,new-2026-08-18,0.05,2.0,38,0.5518683769154927,0.002930497825506941,2.930497825506941,0.07314158685164592,4.190704233488866,7.390753040228517e-05,0.07390753040228518,20,1.744413733071555e-05,-0.6197188948817695,100,0.0007802016040944981,-0.6416718174434848,True,20 inverted tets; 100 folded triangles,visual-review-only; not an eligibility gate
e005-p200,combined extreme,new-2026-08-18,0.05,2.0,39,0.5489878264514114,0.002915201701966697,2.915201701966697,0.07342335818793493,4.2068485418459876,7.414682166933772e-05,0.07414682166933771,20,1.744413733071555e-05,-0.6106592299416296,101,0.000788003620135443,-0.6412995496822389,True,20 inverted tets; 101 folded triangles,visual-review-only; not an eligibility gate
e005-p200,combined extreme,new-2026-08-18,0.05,2.0,40,0.5465647214170923,0.002902334677271904,2.9023346772719036,0.07396953629436566,4.238142242206915,7.45850147296922e-05,0.0745850147296922,23,2.006075793032288e-05,-0.6007353262572019,104,0.000811409668258278,-0.6400059306269412,True,23 inverted tets; 104 folded triangles,visual-review-only; not an eligibility gate
e025-p100,current moderate,reused-2026-08-17,0.25,1.0,0,0.9039840368470119,0.004800280945756769,4.80028094575677,0.0597713049761354,3.4246435111218543,2.9945808299270397e-05,0.029945808299270398,2,1.744413733071555e-06,-0.9419997313415451,2,1.560403208188996e-05,-0.9584433364114998,True,2 inverted tets; 2 folded triangles,visual-review-only; not an eligibility gate
e025-p100,current moderate,reused-2026-08-17,0.25,1.0,1,0.882820092238438,0.004687897456778433,4.687897456778432,0.05977973708664376,3.425126635466371,3.060253110376021e-05,0.03060253110376021,2,1.744413733071555e-06,-0.9496062791753739,2,1.560403208188996e-05,-0.9710376478886698,True,2 inverted tets; 2 folded triangles,visual-review-only; not an eligibility gate
e025-p100,current moderate,reused-2026-08-17,0.25,1.0,2,0.862285163198939,0.0045788541279442345,4.5788541279442345,0.06009707616399995,3.4433088252734563,3.210009610783417e-05,0.03210009610783417,2,1.744413733071555e-06,-0.9264024505830953,2,1.560403208188996e-05,-0.9519431864029232,True,2 inverted tets; 2 folded triangles,visual-review-only; not an eligibility gate
e025-p100,current moderate,reused-2026-08-17,0.25,1.0,3,0.8418778749878106,0.0044704885896587115,4.470488589658712,0.06038068535334218,3.459558434853893,3.4318560766416455e-05,0.034318560766416456,2,1.744413733071555e-06,-0.9131321553572609,3,2.340604812283494e-05,-0.9464682076863494,True,2 inverted tets; 3 folded triangles,visual-review-only; not an eligibility gate
e025-p100,current moderate,reused-2026-08-17,0.25,1.0,4,0.821679401955654,0.004363231889011848,4.363231889011848,0.06085230978322812,3.486580524201621,3.7275125931982966e-05,0.03727512593198297,2,1.744413733071555e-06,-0.893513819228584,3,2.340604812283494e-05,-0.93867929060094,True,2 inverted tets; 3 folded triangles,visual-review-only; not an eligibility gate
e025-p100,current moderate,reused-2026-08-17,0.25,1.0,5,0.802059574713141,0.004259047877975806,4.259047877975806,0.06142025483128086,3.5191213784503974,4.105388938536398e-05,0.04105388938536398,2,1.744413733071555e-06,-0.8684779928753387,3,2.340604812283494e-05,-0.9281575015146515,True,2 inverted tets; 3 folded triangles,visual-review-only; not an eligibility gate
e025-p100,current moderate,reused-2026-08-17,0.25,1.0,6,0.78357492281241,0.00416089180586472,4.16089180586472,0.06210114029286451,3.5581332417309577,4.5399201091781095e-05,0.0453992010917811,2,1.744413733071555e-06,-0.8432862513363572,3,2.340604812283494e-05,-0.9203712172508295,True,2 inverted tets; 3 folded triangles,visual-review-only; not an eligibility gate
e025-p100,current moderate,reused-2026-08-17,0.25,1.0,7,0.7665517466917199,0.004070496373381835,4.070496373381835,0.06287693680599721,3.602583107694427,5.015804369871828e-05,0.05015804369871828,2,1.744413733071555e-06,-0.8202127060920663,2,1.560403208188996e-05,-0.9172747645951774,True,2 inverted tets; 2 folded triangles,visual-review-only; not an eligibility gate
e025-p100,current moderate,reused-2026-08-17,0.25,1.0,8,0.7503816736947098,0.003984631037120172,3.984631037120172,0.06380126757337233,3.65554335953911,5.535501560797145e-05,0.05535501560797145,3,2.6166205996073323e-06,-0.7961272912490867,5,3.90100802047249e-05,-0.9157513779158089,True,3 inverted tets; 5 folded triangles,visual-review-only; not an eligibility gate
e025-p100,current moderate,reused-2026-08-17,0.25,1.0,9,0.7354002766595717,0.0039050777355160637,3.9050777355160635,0.06484104619156311,3.7151182859893863,5.954800539147006e-05,0.05954800539147006,5,4.3610343326788875e-06,-0.7783886625324834,8,6.241612832755983e-05,-0.9176506847728857,True,5 inverted tets; 8 folded triangles,visual-review-only; not an eligibility gate
e025-p100,current moderate,reused-2026-08-17,0.25,1.0,10,0.7215986714667105,0.0038317892926590115,3.8317892926590114,0.06595704843037702,3.779060504200574,6.304909126431066e-05,0.06304909126431066,6,5.233241199214665e-06,-0.7687500910374003,10,7.80201604094498e-05,-0.9181870640666406,True,6 inverted tets; 10 folded triangles,visual-review-only; not an eligibility gate
e025-p100,current moderate,reused-2026-08-17,0.25,1.0,11,0.7093391031789915,0.003766689280207463,3.766689280207463,0.06711541783350924,3.845430182117139,6.593075500115638e-05,0.06593075500115637,5,4.3610343326788875e-06,-0.7487379738206051,13,0.00010142620853228474,-0.913050518333466,True,5 inverted tets; 13 folded triangles,visual-review-only; not an eligibility gate
e025-p100,current moderate,reused-2026-08-17,0.25,1.0,12,0.697866012575979,0.0037057655736311016,3.7057655736311017,0.06860870866911448,3.930989444582883,6.849698516971343e-05,0.06849698516971343,5,4.3610343326788875e-06,-0.7409435592933741,16,0.00012483225665511967,-0.9127762767981024,True,5 inverted tets; 16 folded triangles,visual-review-only; not an eligibility gate
e025-p100,current moderate,reused-2026-08-17,0.25,1.0,13,0.6871969687315156,0.0036491114671552277,3.649111467155228,0.06986563837037929,4.003006211609996,7.045522983851222e-05,0.07045522983851223,5,4.3610343326788875e-06,-0.7241936629502461,19,0.00014823830477795464,-0.9098589713730286,True,5 inverted tets; 19 folded triangles,visual-review-only; not an eligibility gate
e025-p100,current moderate,reused-2026-08-17,0.25,1.0,14,0.6773284248870926,0.003596708126998939,3.596708126998939,0.07079891531789435,4.056479041819461,7.152469560566331e-05,0.07152469560566331,5,4.3610343326788875e-06,-0.7113143404545785,30,0.0002340604812283494,-0.9079783437561957,True,5 inverted tets; 30 folded triangles,visual-review-only; not an eligibility gate
e025-p100,current moderate,reused-2026-08-17,0.25,1.0,15,0.6684370053033061,0.003549493452547777,3.549493452547777,0.07182094960049575,4.115037292730202,7.279292663149303e-05,0.07279292663149303,5,4.3610343326788875e-06,-0.703009252420775,39,0.0003042786255968542,-0.9052780821824243,True,5 inverted tets; 39 folded triangles,visual-review-only; not an eligibility gate
e025-p100,current moderate,reused-2026-08-17,0.25,1.0,16,0.6603712206881611,0.003506663014594799,3.5066630145947992,0.07237686850850283,4.1468890999105295,7.320940277208495e-05,0.07320940277208496,6,5.233241199214665e-06,-0.7089230094262216,39,0.0003042786255968542,-0.9089345846093836,True,6 inverted tets; 39 folded triangles,visual-review-only; not an eligibility gate
e025-p100,current moderate,reused-2026-08-17,0.25,1.0,17,0.652246846142195,0.0034635214559615097,3.4635214559615095,0.07318634788728594,4.193268851917673,7.40938590856141e-05,0.0740938590856141,7,6.105448065750443e-06,-0.7043466525395906,46,0.0003588927378834691,-0.909342509686508,True,7 inverted tets; 46 folded triangles,visual-review-only; not an eligibility gate
e025-p100,current moderate,reused-2026-08-17,0.25,1.0,18,0.6450175156908431,0.003425132705937513,3.425132705937513,0.07397491675633489,4.238450519969582,7.491458412047347e-05,0.07491458412047347,6,5.233241199214665e-06,-0.7015458557591342,50,0.00039010080204724903,-0.9066651037188495,True,6 inverted tets; 50 folded triangles,visual-review-only; not an eligibility gate
e025-p100,current moderate,reused-2026-08-17,0.25,1.0,19,0.6382605898927555,0.0033892524903160266,3.389252490316027,0.0746103211486158,4.274856509931354,7.55908791310805e-05,0.07559087913108051,6,5.233241199214665e-06,-0.6958362262819844,51,0.000397902818088194,-0.9028557305065845,True,6 inverted tets; 51 folded triangles,visual-review-only; not an eligibility gate
e025-p100,current moderate,reused-2026-08-17,0.25,1.0,20,0.6319794343817647,0.003355898681080735,3.355898681080735,0.07563280521797806,4.333440531725174,7.582745333664583e-05,0.07582745333664583,8,6.97765493228622e-06,-0.6906778696956587,52,0.000405704834129139,-0.8980063250577479,True,8 inverted tets; 52 folded triangles,visual-review-only; not an eligibility gate
e025-p100,current moderate,reused-2026-08-17,0.25,1.0,21,0.6259198019899476,0.00332372119041377,3.32372119041377,0.07629022060938004,4.371107659039447,7.634563558029098e-05,0.07634563558029098,9,7.849861798821998e-06,-0.6808976472187849,57,0.00044471491433386386,-0.8925422391212742,True,9 inverted tets; 57 folded triangles,visual-review-only; not an eligibility gate
e025-p100,current moderate,reused-2026-08-17,0.25,1.0,22,0.6198053260692208,0.003291252472981627,3.2912524729816273,0.07697224291153859,4.410184658486929,7.684046904792939e-05,0.07684046904792939,9,7.849861798821998e-06,-0.6830411044044788,62,0.0004837249945385888,-0.8897280765370978,True,9 inverted tets; 62 folded triangles,visual-review-only; not an eligibility gate
e025-p100,current moderate,reused-2026-08-17,0.25,1.0,23,0.6145077050926467,0.0032631213688966623,3.263121368896662,0.07762728138700335,4.447715598549744,7.811375067010247e-05,0.07811375067010247,10,8.722068665357775e-06,-0.6883532524381767,61,0.0004759229784976438,-0.8889147462597439,True,10 inverted tets; 61 folded triangles,visual-review-only; not an eligibility gate
e025-p100,current moderate,reused-2026-08-17,0.25,1.0,24,0.6087031095879325,0.0032322981595662294,3.2322981595662292,0.07830889921552489,4.486769423364899,7.847178688085804e-05,0.07847178688085804,11,9.594275531893552e-06,-0.6877556415975642,63,0.0004915270105795337,-0.887615927256854,True,11 inverted tets; 63 folded triangles,visual-review-only; not an eligibility gate
e025-p100,current moderate,reused-2026-08-17,0.25,1.0,25,0.6047143310544589,0.0032111171908647687,3.2111171908647687,0.07852726858589432,4.499281066661997,7.896246792725363e-05,0.07896246792725363,12,1.046648239842933e-05,-0.6896369916112672,62,0.0004837249945385888,-0.8864710778304018,True,12 inverted tets; 62 folded triangles,visual-review-only; not an eligibility gate
e025-p100,current moderate,reused-2026-08-17,0.25,1.0,26,0.5994697610820218,0.0031832677949891657,3.183267794989166,0.08011551353809766,4.590280799256205,7.94922785529323e-05,0.0794922785529323,14,1.2210896131500885e-05,-0.7600433460064393,65,0.0005071310426614237,-0.890786708082096,True,14 inverted tets; 65 folded triangles,visual-review-only; not an eligibility gate
e025-p100,current moderate,reused-2026-08-17,0.25,1.0,27,0.5944479991116967,0.0031566015405889705,3.1566015405889707,0.08097434092162939,4.639487983662836,7.985937123601649e-05,0.0798593712360165,16,1.395530986457244e-05,-0.7669340763898204,68,0.0005305370907842587,-0.892458063328403,True,16 inverted tets; 68 folded triangles,visual-review-only; not an eligibility gate
e025-p100,current moderate,reused-2026-08-17,0.25,1.0,28,0.590411856023213,0.003135169059513782,3.135169059513782,0.0817912782338022,4.6862950437771,7.962182252938128e-05,0.07962182252938128,18,1.5699723597643995e-05,-0.7709559050608329,70,0.0005461411228661487,-0.8928983892390726,True,18 inverted tets; 70 folded triangles,visual-review-only; not an eligibility gate
e025-p100,current moderate,reused-2026-08-17,0.25,1.0,29,0.5856569932104279,0.003109920076755735,3.109920076755735,0.08242887586860187,4.722826697278645,7.966732335057198e-05,0.07966732335057199,19,1.6571930464179773e-05,-0.7747823228220734,64,0.0004993290266204787,-0.8935614354462079,True,19 inverted tets; 64 folded triangles,visual-review-only; not an eligibility gate
e025-p100,current moderate,reused-2026-08-17,0.25,1.0,30,0.5811180885581813,0.003085817861861786,3.085817861861786,0.08304929338222301,4.758374002345136,8.009921593384059e-05,0.08009921593384059,21,1.8316344197251327e-05,-0.7553497447513774,66,0.0005149330587023687,-0.8814905140020077,True,21 inverted tets; 66 folded triangles,visual-review-only; not an eligibility gate
e025-p100,current moderate,reused-2026-08-17,0.25,1.0,31,0.5817097432635412,0.0030889596306241116,3.0889596306241116,0.08353781122621985,4.786364013022986,7.927304724772958e-05,0.07927304724772959,22,1.9188551063787104e-05,-0.7260505567244349,65,0.0005071310426614237,-0.8649162269960303,True,22 inverted tets; 65 folded triangles,visual-review-only; not an eligibility gate
e025-p100,current moderate,reused-2026-08-17,0.25,1.0,32,0.5772281964957506,0.0030651619940729436,3.0651619940729438,0.08410103523975859,4.818634371919175,7.980054398835557e-05,0.07980054398835557,20,1.744413733071555e-05,-0.7298732178637033,69,0.0005383391068252036,-0.8656126968334493,True,20 inverted tets; 69 folded triangles,visual-review-only; not an eligibility gate
e025-p100,current moderate,reused-2026-08-17,0.25,1.0,33,0.574681632702128,0.0030516393861977895,3.0516393861977895,0.08459221199799365,4.846776727160961,8.003696995130724e-05,0.08003696995130724,18,1.5699723597643995e-05,-0.8595960903084202,69,0.0005383391068252036,-0.9015745333159554,True,18 inverted tets; 69 folded triangles,visual-review-only; not an eligibility gate
e025-p100,current moderate,reused-2026-08-17,0.25,1.0,34,0.570047722082503,0.003027032676405313,3.0270326764053133,0.08507873873789037,4.874652655977303,8.062866397790115e-05,0.08062866397790114,20,1.744413733071555e-05,-0.8521607072599345,71,0.0005539431389070936,-0.8932144417442986,True,20 inverted tets; 71 folded triangles,visual-review-only; not an eligibility gate
e025-p100,current moderate,reused-2026-08-17,0.25,1.0,35,0.5657501547899385,0.0030042119964522043,3.0042119964522045,0.08554428218555092,4.901326330708222,8.094725264457289e-05,0.08094725264457289,21,1.8316344197251327e-05,-0.7340751440738953,76,0.0005929532191118185,-0.8586245368484973,True,21 inverted tets; 76 folded triangles,visual-review-only; not an eligibility gate
e025-p100,current moderate,reused-2026-08-17,0.25,1.0,36,0.5614481921057941,0.0029813679763585734,2.981367976358573,0.08594100520705979,4.924056885476357,8.146260667958695e-05,0.08146260667958695,22,1.9188551063787104e-05,-0.7479033928440174,76,0.0005929532191118185,-0.871437092383758,True,22 inverted tets; 76 folded triangles,visual-review-only; not an eligibility gate
e025-p100,current moderate,reused-2026-08-17,0.25,1.0,37,0.5584141070506976,0.002965256562789165,2.965256562789165,0.08634778423269018,4.947363606839423,8.217978382940005e-05,0.08217978382940005,27,2.3549585396465993e-05,-0.7314084056697412,79,0.0006163592672346535,-0.8676597851241147,True,27 inverted tets; 79 folded triangles,visual-review-only; not an eligibility gate
e025-p100,current moderate,reused-2026-08-17,0.25,1.0,38,0.558037373160782,0.002963256053444232,2.963256053444232,0.08641343652301861,4.95112520599061,8.122933033770618e-05,0.08122933033770618,30,2.6166205996073325e-05,-0.7292723385135582,71,0.0005539431389070936,-0.8722615810503631,True,30 inverted tets; 71 folded triangles,visual-review-only; not an eligibility gate
e025-p100,current moderate,reused-2026-08-17,0.25,1.0,39,0.555370864241893,0.002949096520274069,2.949096520274069,0.0860147230714391,4.92828060798001,8.124053653767089e-05,0.08124053653767088,33,2.8782826595680656e-05,-0.7475580237232359,74,0.0005773491870299285,-0.8784823401807572,True,33 inverted tets; 74 folded triangles,visual-review-only; not an eligibility gate
e025-p100,current moderate,reused-2026-08-17,0.25,1.0,40,0.5511652354047147,0.0029267640463042344,2.9267640463042346,0.08645402727933486,4.9534508850147745,8.194215657376315e-05,0.08194215657376315,33,2.8782826595680656e-05,-0.7597609652763853,80,0.0006241612832755984,-0.8855808941844846,True,33 inverted tets; 80 folded triangles,visual-review-only; not an eligibility gate
no-skin,no skin,reused-2026-08-17,,,0,1.0,0.005310139062299789,5.310139062299789,0.05045580604700007,2.8909047384237616,0.0,0.0,0,0.0,1.0,0,0.0,0.9999999999999996,False,none,visual-review-only; not an eligibility gate
no-skin,no skin,reused-2026-08-17,,,1,0.9351120193768665,0.004965574861719136,4.965574861719135,0.04943390559594556,2.832354155495823,2.0271705088329864e-05,0.020271705088329865,0,0.0,0.5689934272890863,0,0.0,0.5243336891281919,False,none,visual-review-only; not an eligibility gate
no-skin,no skin,reused-2026-08-17,,,2,0.8762176041873295,0.004652837327069874,4.652837327069873,0.05020178420485096,2.8763503589644794,3.8968224290248e-05,0.038968224290248,0,0.0,0.019870164542996418,0,0.0,0.008359028965898956,False,none,visual-review-only; not an eligibility gate
no-skin,no skin,reused-2026-08-17,,,3,0.820751796278027,0.00435830617386867,4.3583061738686695,0.05561970686458878,3.1867744610957502,5.634892763977036e-05,0.05634892763977036,2,1.744413733071555e-06,-0.31035224890851154,2,1.560403208188996e-05,-0.5914080665407978,True,2 inverted tets; 2 folded triangles,visual-review-only; not an eligibility gate
no-skin,no skin,reused-2026-08-17,,,4,0.7702363062141396,0.0040900618968292045,4.090061896829204,0.06236496951842624,3.5732495428678495,7.203875392631854e-05,0.07203875392631855,1,8.722068665357775e-07,-0.31331185843916026,5,3.90100802047249e-05,-0.9920715193012473,True,1 inverted tets; 5 folded triangles,visual-review-only; not an eligibility gate
no-skin,no skin,reused-2026-08-17,,,5,0.7232618743795298,0.003840621131414904,3.840621131414904,0.06889662353872095,3.947485751470393,8.645925076341849e-05,0.08645925076341848,1,8.722068665357775e-07,-0.296062393288427,6,4.681209624566988e-05,-1.3698712049405877,True,1 inverted tets; 6 folded triangles,visual-review-only; not an eligibility gate
no-skin,no skin,reused-2026-08-17,,,6,0.6808586989494365,0.0036154543731980147,3.615454373198015,0.07649625311449011,4.382912452024763,9.797444907851479e-05,0.0979744490785148,1,8.722068665357775e-07,-0.33263833369552076,11,8.582217645039479e-05,-1.6619636387941747,True,1 inverted tets; 11 folded triangles,visual-review-only; not an eligibility gate
no-skin,no skin,reused-2026-08-17,,,7,0.6427855296227557,0.003413280549530853,3.413280549530853,0.08292797952858366,4.751423230535134,0.00010858874926786879,0.1085887492678688,1,8.722068665357775e-07,-0.33304388854542466,17,0.00013263427269606467,-1.7673578520906554,True,1 inverted tets; 17 folded triangles,visual-review-only; not an eligibility gate
no-skin,no skin,reused-2026-08-17,,,8,0.6078270583695012,0.0032276462057706625,3.2276462057706623,0.08890728297031512,5.094012082174395,0.00011813040465345847,0.11813040465345846,1,8.722068665357775e-07,-0.2698095158713809,16,0.00012483225665511967,-1.8761525182575576,True,1 inverted tets; 16 folded triangles,visual-review-only; not an eligibility gate
no-skin,no skin,reused-2026-08-17,,,9,0.5768898083207127,0.003063365105806454,3.063365105806454,0.09456366072972155,5.418098655120048,0.00012649616413112848,0.1264961641311285,1,8.722068665357775e-07,-0.24711742436560918,25,0.00019505040102362452,-2.1688799901015825,True,1 inverted tets; 25 folded triangles,visual-review-only; not an eligibility gate
no-skin,no skin,reused-2026-08-17,,,10,0.5485396067729414,0.002912821593143562,2.912821593143562,0.09905919070551737,5.675673549407697,0.0001341410071203253,0.1341410071203253,1,8.722068665357775e-07,-0.17918731476146801,30,0.0002340604812283494,-2.5513421855234246,True,1 inverted tets; 30 folded triangles,visual-review-only; not an eligibility gate
no-skin,no skin,reused-2026-08-17,,,11,0.520903694569203,0.0027660710562282037,2.7660710562282036,0.10368813065975022,5.94089227240472,0.00014092080540448152,0.14092080540448151,0,0.0,0.005840796297226206,44,0.00034328870580157915,-2.701395005872015,True,44 folded triangles,visual-review-only; not an eligibility gate
no-skin,no skin,reused-2026-08-17,,,12,0.4982801661710881,0.002645936974354325,2.645936974354325,0.10799037967846038,6.187392983591112,0.0001466891412851595,0.1466891412851595,1,8.722068665357775e-07,-0.025578244926830272,56,0.0004369128982929189,-2.8359295604676276,True,1 inverted tets; 56 folded triangles,visual-review-only; not an eligibility gate
no-skin,no skin,reused-2026-08-17,,,13,0.4753355340937761,0.0025240977872904935,2.5240977872904935,0.11194806599338768,6.414151706073129,0.0001520508364542474,0.1520508364542474,2,1.744413733071555e-06,-0.05951788554120082,69,0.0005383391068252036,-3.048984636949739,True,2 inverted tets; 69 folded triangles,visual-review-only; not an eligibility gate
no-skin,no skin,reused-2026-08-17,,,14,0.4555066392893192,0.0024188035984271136,2.4188035984271137,0.11524695808966333,6.603164300258789,0.00015945978614975449,0.15945978614975448,4,3.48882746614311e-06,-0.1681674993699788,87,0.0006787753955622133,-3.2988704090091856,True,4 inverted tets; 87 folded triangles,visual-review-only; not an eligibility gate
no-skin,no skin,reused-2026-08-17,,,15,0.43580271479982735,0.0023141730193148575,2.3141730193148575,0.11925191962418398,6.83263169329906,0.00016415545193378413,0.1641554519337841,4,3.48882746614311e-06,-0.17515640639853983,109,0.0008504197484630029,-3.276358049142767,True,4 inverted tets; 109 folded triangles,visual-review-only; not an eligibility gate
no-skin,no skin,reused-2026-08-17,,,16,0.41955041223266487,0.002227871032600653,2.227871032600653,0.1237057599557973,7.08781794692565,0.000169945288935352,0.169945288935352,5,4.3610343326788875e-06,-0.17373116065675948,123,0.0009596479730362325,-3.3578703838464437,True,5 inverted tets; 123 folded triangles,visual-review-only; not an eligibility gate
no-skin,no skin,reused-2026-08-17,,,17,0.4039683364273114,0.002145128043194929,2.145128043194929,0.12845569719872307,7.359969303897304,0.00017466968211398166,0.17466968211398165,6,5.233241199214665e-06,-0.1434762655176438,133,0.0010376681334456823,-3.5150264113686633,True,6 inverted tets; 133 folded triangles,visual-review-only; not an eligibility gate
no-skin,no skin,reused-2026-08-17,,,18,0.3897236319844546,0.0020694866817019997,2.0694866817019997,0.13047114432819004,7.475445918247518,0.00017789139702380186,0.17789139702380186,6,5.233241199214665e-06,-2.547458400261859,156,0.0012171145023874169,-3.3543029961114885,True,6 inverted tets; 156 folded triangles,visual-review-only; not an eligibility gate
no-skin,no skin,reused-2026-08-17,,,19,0.3762568732966576,0.0019979763203513638,1.9979763203513639,0.13144104173420496,7.531016946172858,0.0001796954037730244,0.1796954037730244,8,6.97765493228622e-06,-2.340414527183021,186,0.0014511749836157663,-3.464283780887048,True,8 inverted tets; 186 folded triangles,visual-review-only; not an eligibility gate
no-skin,no skin,reused-2026-08-17,,,20,0.364340984757179,0.0019347012951558683,1.9347012951558684,0.1344597987621756,7.703978983251032,0.0001828313957108435,0.1828313957108435,10,8.722068665357775e-06,-2.0062251117407595,202,0.001576007240270886,-3.6134502134288646,True,10 inverted tets; 202 folded triangles,visual-review-only; not an eligibility gate
no-skin,no skin,reused-2026-08-17,,,21,0.3540425441619521,0.0018800151434703797,1.8800151434703798,0.13712973277097837,7.856954933533876,0.00018616726498099233,0.18616726498099234,12,1.046648239842933e-05,-1.7053780687839006,198,0.001544799176107106,-3.7744139009197597,True,12 inverted tets; 198 folded triangles,visual-review-only; not an eligibility gate
no-skin,no skin,reused-2026-08-17,,,22,0.34245939416845644,0.0018185070062254412,1.8185070062254411,0.13977998281682735,8.008803075815376,0.0001886382384277659,0.1886382384277659,14,1.2210896131500885e-05,-1.9421274595812785,214,0.0016696314327622258,-3.857113531716601,True,14 inverted tets; 214 folded triangles,visual-review-only; not an eligibility gate
no-skin,no skin,reused-2026-08-17,,,23,0.33264500741321246,0.0017663912477439022,1.766391247743902,0.1415964904726172,8.112881297945336,0.00019114613355057392,0.19114613355057392,15,1.3083102998036662e-05,-2.4329318136334757,224,0.0017476515931716756,-3.9193197724394997,True,15 inverted tets; 224 folded triangles,visual-review-only; not an eligibility gate
no-skin,no skin,reused-2026-08-17,,,24,0.3237064604207742,0.0017189263201991538,1.7189263201991538,0.14608199143274853,8.36988157196274,0.00019571207922047644,0.19571207922047643,14,1.2210896131500885e-05,-2.6137374342215938,232,0.0018100677214992354,-3.981484640904886,True,14 inverted tets; 232 folded triangles,visual-review-only; not an eligibility gate
no-skin,no skin,reused-2026-08-17,,,25,0.31847006123383703,0.0016911203123308037,1.6911203123308038,0.14753265162950657,8.452998278744595,0.00020016007748239383,0.20016007748239384,15,1.3083102998036662e-05,-2.4083318352259653,249,0.0019427019941953,-3.979493353660903,True,15 inverted tets; 249 folded triangles,visual-review-only; not an eligibility gate
no-skin,no skin,reused-2026-08-17,,,26,0.3104558282027631,0.0016485636204581246,1.6485636204581247,0.14959390121552954,8.571099180546799,0.00020051148570246827,0.20051148570246827,16,1.395530986457244e-05,-2.709818838697264,253,0.00197391005835908,-3.941011058829948,True,16 inverted tets; 253 folded triangles,visual-review-only; not an eligibility gate
no-skin,no skin,reused-2026-08-17,,,27,0.30280114434858985,0.0016079161847145239,1.6079161847145238,0.15138375764157333,8.673650399693477,0.0002014205047420197,0.2014205047420197,18,1.5699723597643995e-05,-2.9918778688656973,253,0.00197391005835908,-3.984137346986579,True,18 inverted tets; 253 folded triangles,visual-review-only; not an eligibility gate
no-skin,no skin,reused-2026-08-17,,,28,0.2943837382853123,0.0015632185879746745,1.5632185879746745,0.15251007247357348,8.738183485970072,0.00020240125982225475,0.20240125982225476,18,1.5699723597643995e-05,-2.2069429023842746,248,0.0019348999781543552,-4.052841033465176,True,18 inverted tets; 248 folded triangles,visual-review-only; not an eligibility gate
no-skin,no skin,reused-2026-08-17,,,29,0.28754166136201853,0.0015268862080370323,1.5268862080370325,0.15294057884182244,8.762849683924243,0.0002052254453435659,0.2052254453435659,18,1.5699723597643995e-05,-2.089888206907116,259,0.00202072215460475,-4.003339752863988,True,18 inverted tets; 259 folded triangles,visual-review-only; not an eligibility gate
no-skin,no skin,reused-2026-08-17,,,30,0.28104960031466575,0.0014924124610746496,1.4924124610746496,0.1539085506966906,8.818310385895638,0.00020846264630088108,0.20846264630088107,21,1.8316344197251327e-05,-1.984157928902702,265,0.0020675342508504196,-4.036437161918963,True,21 inverted tets; 265 folded triangles,visual-review-only; not an eligibility gate
no-skin,no skin,reused-2026-08-17,,,31,0.2747111219106431,0.0014587542593059053,1.4587542593059053,0.155370473275873,8.90207237965767,0.00021026483103874505,0.21026483103874505,23,2.006075793032288e-05,-2.786645228133513,274,0.0021377523952189246,-4.096701263910344,True,23 inverted tets; 274 folded triangles,visual-review-only; not an eligibility gate
no-skin,no skin,reused-2026-08-17,,,32,0.27351979223711853,0.0014524281330704457,1.4524281330704456,0.15633256522371097,8.957196187772306,0.00021191044612787265,0.21191044612787266,27,2.3549585396465993e-05,-14.019332333885382,283,0.0022079705395874295,-3.9695546383608056,True,27 inverted tets; 283 folded triangles,visual-review-only; not an eligibility gate
no-skin,no skin,reused-2026-08-17,,,33,0.27248334911590133,0.0014469244759666182,1.4469244759666182,0.15722212527443957,9.008164224302497,0.00021233958705077656,0.21233958705077657,31,2.7038412862609102e-05,-9.887431945128245,285,0.0022235745716693194,-3.7660363656642533,True,31 inverted tets; 285 folded triangles,visual-review-only; not an eligibility gate
no-skin,no skin,reused-2026-08-17,,,34,0.26744953159687335,0.0014201942049263388,1.4201942049263387,0.15844946149259873,9.078485409646564,0.00021357245952711946,0.21357245952711945,43,3.750489526103843e-05,-6.796352189396532,282,0.0022001685235464846,-3.910215844948941,True,43 inverted tets; 282 folded triangles,visual-review-only; not an eligibility gate
no-skin,no skin,reused-2026-08-17,,,35,0.26058963911220584,0.001383767221880329,1.383767221880329,0.16055442278468393,9.19909080772145,0.00021430174854216805,0.21430174854216805,50,4.361034332678887e-05,-5.398618026918667,303,0.002364010860406329,-4.565968813608982,True,50 inverted tets; 303 folded triangles,visual-review-only; not an eligibility gate
no-skin,no skin,reused-2026-08-17,,,36,0.2569058953219255,0.0013642060300840572,1.3642060300840573,0.162043375610255,9.284401520520753,0.00021560280440917923,0.21560280440917923,49,4.2738136460253094e-05,-4.300182108809842,323,0.0025200511812252285,-4.324384417282864,True,49 inverted tets; 323 folded triangles,visual-review-only; not an eligibility gate
no-skin,no skin,reused-2026-08-17,,,37,0.25079998350706884,0.001331782789245029,1.3317827892450291,0.16332199633673736,9.357661091746142,0.00021604352362738035,0.21604352362738036,58,5.0587998259075095e-05,-3.4756468840701076,323,0.0025200511812252285,-4.29211135564,True,58 inverted tets; 323 folded triangles,visual-review-only; not an eligibility gate
no-skin,no skin,reused-2026-08-17,,,38,0.24804005847659943,0.0013171272035317145,1.3171272035317145,0.16339720812751823,9.361970409927508,0.00021746817514366686,0.21746817514366687,65,5.6693446324825535e-05,-3.1146427010249402,342,0.0026682894860031833,-4.1340887274272315,True,65 inverted tets; 342 folded triangles,visual-review-only; not an eligibility gate
no-skin,no skin,reused-2026-08-17,,,39,0.24392382285487382,0.0012952694199671595,1.2952694199671595,0.16424226201874587,9.410388431355958,0.0002176738322208682,0.2176738322208682,67,5.843786005789709e-05,-2.9591827449213715,348,0.002715101582248853,-4.242308641563867,True,67 inverted tets; 348 folded triangles,visual-review-only; not an eligibility gate
no-skin,no skin,reused-2026-08-17,,,40,0.23916057889923317,0.0012699759321750487,1.2699759321750488,0.16484453408887967,9.444896079093231,0.0002181681487086174,0.2181681487086174,69,6.0182273790968644e-05,-2.8397985664367797,349,0.002722903598289798,-4.343217877284486,True,69 inverted tets; 349 folded triangles,visual-review-only; not an eligibility gate
