case,deformed_mask_area,deformed_surface_area,mask_area_rel_change,mask_triangle_area_rel_change/max,mask_triangle_area_rel_change/min,mask_triangle_area_rel_change/p05,mask_triangle_area_rel_change/p50,mask_triangle_area_rel_change/p95,n_mask_triangles,n_triangles,physical,rest_mask_area,rest_surface_area,state,surface_area_rel_change,surface_path,triangle_area_rel_change/max,triangle_area_rel_change/min,triangle_area_rel_change/p05,triangle_area_rel_change/p50,triangle_area_rel_change/p95
3152k-expression001,434.59754329366393,1382.5400727221715,-0.0036656161630566064,4.321233282762022,-0.9442965263257839,-0.21020455933900273,-0.00294710927244779,0.09478777838329339,34372,126402,False,436.1964721321799,1373.8430906477215,target-raw,0.006330404202382178,/home/liblaf/github/liblaf/apple/exp/2026/06/10/unreachable-inverse-physics/data/41-area-change-surfaces/3152k-expression001-area-change.vtp,58.74353073728827,-0.9442965263257839,-0.1300027032404412,0.0,0.03799179893025791
3152k-expression001,434.59754329366393,1378.0427468593793,-0.0036656161630566064,4.321233282762022,-0.9442965263257839,-0.21020455933900273,-0.00294710927244779,0.09478777838329339,34372,126402,False,436.1964721321799,1373.8430906477215,target-masked-diagnostic,0.003056867440136779,/home/liblaf/github/liblaf/apple/exp/2026/06/10/unreachable-inverse-physics/data/41-area-change-surfaces/3152k-expression001-area-change.vtp,27.796950110100827,-0.9502758698415674,-0.04884827179629339,0.0,0.03248232757301568
3152k-expression001,439.7412676915622,1383.367766563451,0.008126603000833343,1.9923027923220884,-0.5749332413631159,-0.12951080170761065,-0.001436414696747601,0.14610396256471078,34372,126402,True,436.1964721321799,1373.8430906477215,solution,0.006932870267767566,/home/liblaf/github/liblaf/apple/exp/2026/06/10/unreachable-inverse-physics/data/41-area-change-surfaces/3152k-expression001-area-change.vtp,6.130212462743491,-0.6464260195957515,-0.09044280346173164,0.0,0.1144947852277597
515k-nosmas,430.37840741566345,1383.3738301477615,0.00047443028723481717,0.32521437473005044,-0.23328293239032027,-0.011957742507768784,-1.4560298476462563e-05,0.03524387922462469,13079,59068,True,430.17431968961205,1383.1171663419732,target-raw,0.0001855690985796965,/home/liblaf/github/liblaf/apple/exp/2026/06/10/unreachable-inverse-physics/data/41-area-change-surfaces/515k-nosmas-area-change.vtp,0.32521437473005044,-0.23348202258159745,-0.0037531388401008327,0.0,0.018842343514061968
515k-nosmas,430.37840741566345,1383.1992078954174,0.00047443028723481717,0.32521437473005044,-0.23328293239032027,-0.011957742507768784,-1.4560298476462563e-05,0.03524387922462469,13079,59068,False,430.17431968961205,1383.1171663419732,target-masked-diagnostic,5.931641616530037e-05,/home/liblaf/github/liblaf/apple/exp/2026/06/10/unreachable-inverse-physics/data/41-area-change-surfaces/515k-nosmas-area-change.vtp,3.605146729588986,-0.965811548925399,-0.0017213185404609964,0.0,0.006437773561441873
515k-nosmas,430.41357449309317,1383.2825411652504,0.0005561810469154604,0.30183472601229555,-0.22632222677198144,-0.0108559786420782,-9.949992099800298e-06,0.030200257391834136,13079,59068,True,430.17431968961205,1383.1171663419732,solution,0.00011956674915292176,/home/liblaf/github/liblaf/apple/exp/2026/06/10/unreachable-inverse-physics/data/41-area-change-surfaces/515k-nosmas-area-change.vtp,0.30183472601229555,-0.22632222677198144,-0.003441070269432732,0.0,0.013950779392609034
20-toy-squash-coarse,0.5625,2.405562146310566,0.0,0.0,0.0,0.0,0.0,0.0,72,640,True,0.5625,2.4000000000000004,target-raw,0.0023175609627357208,/home/liblaf/github/liblaf/apple/exp/2026/06/10/unreachable-inverse-physics/data/41-area-change-surfaces/20-toy-squash-coarse-area-change.vtp,0.025280449438103814,0.0,0.0,0.0,0.012719112093773077
20-toy-squash-coarse,0.5625,2.405562146310566,0.0,0.0,0.0,0.0,0.0,0.0,72,640,False,0.5625,2.4000000000000004,target-masked-diagnostic,0.0023175609627357208,/home/liblaf/github/liblaf/apple/exp/2026/06/10/unreachable-inverse-physics/data/41-area-change-surfaces/20-toy-squash-coarse-area-change.vtp,0.025280449438103814,0.0,0.0,0.0,0.012719112093773077
20-toy-squash-coarse,0.5635425213863392,2.4009728116666365,0.0018533713534918395,0.06400510365587353,-0.06728391429524527,-0.04253865805585901,0.006297832725122854,0.029239096305512007,72,640,True,0.5625,2.4000000000000004,solution,0.0004053381944317813,/home/liblaf/github/liblaf/apple/exp/2026/06/10/unreachable-inverse-physics/data/41-area-change-surfaces/20-toy-squash-coarse-area-change.vtp,0.06400510365587353,-0.0783181872358023,-0.0029827356933990563,0.0,0.010500946629618143
20-toy-squash-fine,0.8100000000000002,2.414623379187246,0.0,0.0,0.0,0.0,0.0,0.0,648,3200,True,0.8100000000000002,2.4000000000000004,target-raw,0.006093074661352338,/home/liblaf/github/liblaf/apple/exp/2026/06/10/unreachable-inverse-physics/data/41-area-change-surfaces/20-toy-squash-fine-area-change.vtp,0.1489125293076059,0.0,0.0,0.0,0.0
20-toy-squash-fine,0.8100000000000002,2.414623379187246,0.0,0.0,0.0,0.0,0.0,0.0,648,3200,False,0.8100000000000002,2.4000000000000004,target-masked-diagnostic,0.006093074661352338,/home/liblaf/github/liblaf/apple/exp/2026/06/10/unreachable-inverse-physics/data/41-area-change-surfaces/20-toy-squash-fine-area-change.vtp,0.1489125293076059,0.0,0.0,0.0,0.0
20-toy-squash-fine,0.8132476878726337,2.4046570654799906,0.0040094912007822,0.24900375719695123,-0.0995252611152373,-0.047934113501987334,0.004883677991735613,0.03214349218110931,648,3200,True,0.8100000000000002,2.4000000000000004,solution,0.0019404439499959292,/home/liblaf/github/liblaf/apple/exp/2026/06/10/unreachable-inverse-physics/data/41-area-change-surfaces/20-toy-squash-fine-area-change.vtp,0.24900375719695123,-0.0995252611152373,-0.0010395391909592973,0.0,0.0151738084456508
20-toy-squash-medium,0.7346938775510203,2.4101967669171867,0.0,0.0,0.0,0.0,0.0,0.0,288,1904,True,0.7346938775510203,2.4000000000000004,target-raw,0.00424865288216103,/home/liblaf/github/liblaf/apple/exp/2026/06/10/unreachable-inverse-physics/data/41-area-change-surfaces/20-toy-squash-medium-area-change.vtp,0.07554637277990017,0.0,0.0,0.0,0.03846039885977356
20-toy-squash-medium,0.7346938775510203,2.4101967669171867,0.0,0.0,0.0,0.0,0.0,0.0,288,1904,False,0.7346938775510203,2.4000000000000004,target-masked-diagnostic,0.00424865288216103,/home/liblaf/github/liblaf/apple/exp/2026/06/10/unreachable-inverse-physics/data/41-area-change-surfaces/20-toy-squash-medium-area-change.vtp,0.07554637277990017,0.0,0.0,0.0,0.03846039885977356
20-toy-squash-medium,0.7366413252851767,2.402861543172812,0.002650692749268435,0.1413806058767384,-0.08588089420713974,-0.03541661564336572,0.004549775815983259,0.027630045908531287,288,1904,True,0.7346938775510203,2.4000000000000004,solution,0.0011923096553383417,/home/liblaf/github/liblaf/apple/exp/2026/06/10/unreachable-inverse-physics/data/41-area-change-surfaces/20-toy-squash-medium-area-change.vtp,0.1413806058767384,-0.08588089420713974,-0.0002778388564327049,0.0,0.00978268157520617
20-toy-stretch-coarse,0.5625,2.405562146310566,0.0,0.0,0.0,0.0,0.0,0.0,72,640,True,0.5625,2.4000000000000004,target-raw,0.0023175609627357208,/home/liblaf/github/liblaf/apple/exp/2026/06/10/unreachable-inverse-physics/data/41-area-change-surfaces/20-toy-stretch-coarse-area-change.vtp,0.025280449438103814,0.0,0.0,0.0,0.012719112093773077
20-toy-stretch-coarse,0.5625,2.405562146310566,0.0,0.0,0.0,0.0,0.0,0.0,72,640,False,0.5625,2.4000000000000004,target-masked-diagnostic,0.0023175609627357208,/home/liblaf/github/liblaf/apple/exp/2026/06/10/unreachable-inverse-physics/data/41-area-change-surfaces/20-toy-stretch-coarse-area-change.vtp,0.025280449438103814,0.0,0.0,0.0,0.012719112093773077
20-toy-stretch-coarse,0.5682191953334792,2.4019057391063816,0.010167458370629712,0.05945313559255139,-0.025482620715715498,-0.018180365044101053,0.0062292514005063415,0.05299265372916369,72,640,True,0.5625,2.4000000000000004,solution,0.0007940579609921894,/home/liblaf/github/liblaf/apple/exp/2026/06/10/unreachable-inverse-physics/data/41-area-change-surfaces/20-toy-stretch-coarse-area-change.vtp,0.05945313559255139,-0.04641333212047993,-0.011066301137234013,0.0,0.009790140737550428
20-toy-stretch-fine,0.8100000000000002,2.414623379187246,0.0,0.0,0.0,0.0,0.0,0.0,648,3200,True,0.8100000000000002,2.4000000000000004,target-raw,0.006093074661352338,/home/liblaf/github/liblaf/apple/exp/2026/06/10/unreachable-inverse-physics/data/41-area-change-surfaces/20-toy-stretch-fine-area-change.vtp,0.1489125293076059,0.0,0.0,0.0,0.0
20-toy-stretch-fine,0.8100000000000002,2.414623379187246,0.0,0.0,0.0,0.0,0.0,0.0,648,3200,False,0.8100000000000002,2.4000000000000004,target-masked-diagnostic,0.006093074661352338,/home/liblaf/github/liblaf/apple/exp/2026/06/10/unreachable-inverse-physics/data/41-area-change-surfaces/20-toy-stretch-fine-area-change.vtp,0.1489125293076059,0.0,0.0,0.0,0.0
20-toy-stretch-fine,0.818589459539098,2.4085107618893846,0.010604271035923318,0.2524483773326338,-0.10674986790960583,-0.03820210911773205,-0.009167195616976709,0.12269284750133762,648,3200,True,0.8100000000000002,2.4000000000000004,solution,0.0035461507872434073,/home/liblaf/github/liblaf/apple/exp/2026/06/10/unreachable-inverse-physics/data/41-area-change-surfaces/20-toy-stretch-fine-area-change.vtp,0.2524483773326338,-0.10674986790960583,-0.023465411037015653,0.0,0.03444633591409103
20-toy-stretch-medium,0.7346938775510203,2.4101967669171867,0.0,0.0,0.0,0.0,0.0,0.0,288,1904,True,0.7346938775510203,2.4000000000000004,target-raw,0.00424865288216103,/home/liblaf/github/liblaf/apple/exp/2026/06/10/unreachable-inverse-physics/data/41-area-change-surfaces/20-toy-stretch-medium-area-change.vtp,0.07554637277990017,0.0,0.0,0.0,0.03846039885977356
20-toy-stretch-medium,0.7346938775510203,2.4101967669171867,0.0,0.0,0.0,0.0,0.0,0.0,288,1904,False,0.7346938775510203,2.4000000000000004,target-masked-diagnostic,0.00424865288216103,/home/liblaf/github/liblaf/apple/exp/2026/06/10/unreachable-inverse-physics/data/41-area-change-surfaces/20-toy-stretch-medium-area-change.vtp,0.07554637277990017,0.0,0.0,0.0,0.03846039885977356
20-toy-stretch-medium,0.740295863665555,2.4046798898907213,0.007624925544783334,0.12200614152815237,-0.03836550936848715,-0.02636441173258295,-0.00594278580046681,0.07936815379029684,288,1904,True,0.7346938775510203,2.4000000000000004,solution,0.0019499541211336346,/home/liblaf/github/liblaf/apple/exp/2026/06/10/unreachable-inverse-physics/data/41-area-change-surfaces/20-toy-stretch-medium-area-change.vtp,0.12200614152815237,-0.03836550936848715,-0.015107554526039556,0.0,0.012461244811716067
40-toy-forward-activation-coarse,0.5625,2.4000000000000004,0.0,0.0,0.0,0.0,0.0,0.0,72,640,True,0.5625,2.4000000000000004,target-raw,0.0,/home/liblaf/github/liblaf/apple/exp/2026/06/10/unreachable-inverse-physics/data/41-area-change-surfaces/40-toy-forward-activation-coarse-area-change.vtp,0.0,0.0,0.0,0.0,0.0
40-toy-forward-activation-coarse,0.5625,2.4000000000000004,0.0,0.0,0.0,0.0,0.0,0.0,72,640,False,0.5625,2.4000000000000004,target-masked-diagnostic,0.0,/home/liblaf/github/liblaf/apple/exp/2026/06/10/unreachable-inverse-physics/data/41-area-change-surfaces/40-toy-forward-activation-coarse-area-change.vtp,0.0,0.0,0.0,0.0,0.0
40-toy-forward-activation-coarse,0.5576393065807868,2.402690309635018,-0.008641232745267957,0.1449822075602516,-0.3040991499030593,-0.24215417560248642,0.028038859620546086,0.13443835213986952,72,640,True,0.5625,2.4000000000000004,solution,0.001120962347924026,/home/liblaf/github/liblaf/apple/exp/2026/06/10/unreachable-inverse-physics/data/41-area-change-surfaces/40-toy-forward-activation-coarse-area-change.vtp,0.1449822075602516,-0.3040991499030593,-0.030019329323418276,0.0,0.0671712509986368
40-toy-forward-activation-fine,0.8100000000000002,2.4000000000000004,0.0,0.0,0.0,0.0,0.0,0.0,648,3200,True,0.8100000000000002,2.4000000000000004,target-raw,0.0,/home/liblaf/github/liblaf/apple/exp/2026/06/10/unreachable-inverse-physics/data/41-area-change-surfaces/40-toy-forward-activation-fine-area-change.vtp,0.0,0.0,0.0,0.0,0.0
40-toy-forward-activation-fine,0.8100000000000002,2.4000000000000004,0.0,0.0,0.0,0.0,0.0,0.0,648,3200,False,0.8100000000000002,2.4000000000000004,target-masked-diagnostic,0.0,/home/liblaf/github/liblaf/apple/exp/2026/06/10/unreachable-inverse-physics/data/41-area-change-surfaces/40-toy-forward-activation-fine-area-change.vtp,0.0,0.0,0.0,0.0,0.0
40-toy-forward-activation-fine,0.8109312635083439,2.403573766499349,0.0011497080349922584,0.13938404471330257,-0.3188535987592044,-0.2062172498154499,0.030784456716748232,0.1054002220940597,648,3200,True,0.8100000000000002,2.4000000000000004,solution,0.001489069374728702,/home/liblaf/github/liblaf/apple/exp/2026/06/10/unreachable-inverse-physics/data/41-area-change-surfaces/40-toy-forward-activation-fine-area-change.vtp,0.13938404471330257,-0.3188535987592044,-0.03656801231056019,0.0,0.061684642662244486
40-toy-forward-activation-medium,0.7346938775510203,2.4000000000000004,0.0,0.0,0.0,0.0,0.0,0.0,288,1904,True,0.7346938775510203,2.4000000000000004,target-raw,0.0,/home/liblaf/github/liblaf/apple/exp/2026/06/10/unreachable-inverse-physics/data/41-area-change-surfaces/40-toy-forward-activation-medium-area-change.vtp,0.0,0.0,0.0,0.0,0.0
40-toy-forward-activation-medium,0.7346938775510203,2.4000000000000004,0.0,0.0,0.0,0.0,0.0,0.0,288,1904,False,0.7346938775510203,2.4000000000000004,target-masked-diagnostic,0.0,/home/liblaf/github/liblaf/apple/exp/2026/06/10/unreachable-inverse-physics/data/41-area-change-surfaces/40-toy-forward-activation-medium-area-change.vtp,0.0,0.0,0.0,0.0,0.0
40-toy-forward-activation-medium,0.7398760218208722,2.407987452907927,0.007053474145076066,0.15945647838032162,-0.30613800797613233,-0.17029576818469513,0.026901532593124222,0.11506645604134537,288,1904,True,0.7346938775510203,2.4000000000000004,solution,0.003328105378302748,/home/liblaf/github/liblaf/apple/exp/2026/06/10/unreachable-inverse-physics/data/41-area-change-surfaces/40-toy-forward-activation-medium-area-change.vtp,0.15945647838032162,-0.30613800797613233,-0.015736556556614822,0.0,0.050513335369122385
30-toy-squash-coarse-dy-m0p005-nu-0p3,0.5625,2.4003498501358322,0.0,0.0,0.0,0.0,0.0,0.0,72,640,True,0.5625,2.4000000000000004,target-raw,0.00014577088992995257,/home/liblaf/github/liblaf/apple/exp/2026/06/10/unreachable-inverse-physics/data/41-area-change-surfaces/30-toy-squash-coarse-dy-m0p005-nu-0p3-area-change.vtp,0.0015987220439130923,0.0,0.0,0.0,0.0007996802557443949
30-toy-squash-coarse-dy-m0p005-nu-0p3,0.5625,2.4003498501358322,0.0,0.0,0.0,0.0,0.0,0.0,72,640,False,0.5625,2.4000000000000004,target-masked-diagnostic,0.00014577088992995257,/home/liblaf/github/liblaf/apple/exp/2026/06/10/unreachable-inverse-physics/data/41-area-change-surfaces/30-toy-squash-coarse-dy-m0p005-nu-0p3-area-change.vtp,0.0015987220439130923,0.0,0.0,0.0,0.0007996802557443949
30-toy-squash-coarse-dy-m0p005-nu-0p3,0.561481885712333,2.400149497719161,-0.001809980955852386,0.009741937899252484,-0.013456054855204402,-0.00871784458367511,-0.0028829974747042186,0.006922389014442558,72,640,True,0.5625,2.4000000000000004,solution,6.229071631680405e-05,/home/liblaf/github/liblaf/apple/exp/2026/06/10/unreachable-inverse-physics/data/41-area-change-surfaces/30-toy-squash-coarse-dy-m0p005-nu-0p3-area-change.vtp,0.011026862749377475,-0.013456054855204402,-0.0036870039621733513,0.0,0.003567838898300118
30-toy-squash-coarse-dy-m0p005-nu-0p49,0.5625,2.4003498501358322,0.0,0.0,0.0,0.0,0.0,0.0,72,640,True,0.5625,2.4000000000000004,target-raw,0.00014577088992995257,/home/liblaf/github/liblaf/apple/exp/2026/06/10/unreachable-inverse-physics/data/41-area-change-surfaces/30-toy-squash-coarse-dy-m0p005-nu-0p49-area-change.vtp,0.0015987220439130923,0.0,0.0,0.0,0.0007996802557443949
30-toy-squash-coarse-dy-m0p005-nu-0p49,0.5625,2.4003498501358322,0.0,0.0,0.0,0.0,0.0,0.0,72,640,False,0.5625,2.4000000000000004,target-masked-diagnostic,0.00014577088992995257,/home/liblaf/github/liblaf/apple/exp/2026/06/10/unreachable-inverse-physics/data/41-area-change-surfaces/30-toy-squash-coarse-dy-m0p005-nu-0p49-area-change.vtp,0.0015987220439130923,0.0,0.0,0.0,0.0007996802557443949
30-toy-squash-coarse-dy-m0p005-nu-0p49,0.5623888120135101,2.4000518389512857,-0.0001976675315376042,0.007152080581044551,-0.013645038137026111,-0.008076474374961368,0.0008314332330264795,0.0045256731518540485,72,640,True,0.5625,2.4000000000000004,solution,2.1599563035490377e-05,/home/liblaf/github/liblaf/apple/exp/2026/06/10/unreachable-inverse-physics/data/41-area-change-surfaces/30-toy-squash-coarse-dy-m0p005-nu-0p49-area-change.vtp,0.007152080581044551,-0.013645038137026111,-0.0008660259542815907,0.0,0.002159801780567049
30-toy-squash-coarse-dy-m0p01-nu-0p3,0.5625,2.4013976086612567,0.0,0.0,0.0,0.0,0.0,0.0,72,640,True,0.5625,2.4000000000000004,target-raw,0.0005823369421902314,/home/liblaf/github/liblaf/apple/exp/2026/06/10/unreachable-inverse-physics/data/41-area-change-surfaces/30-toy-squash-coarse-dy-m0p01-nu-0p3-area-change.vtp,0.00637965003273,0.0,0.0,0.0,0.0031948963187562462
30-toy-squash-coarse-dy-m0p01-nu-0p3,0.5625,2.4013976086612567,0.0,0.0,0.0,0.0,0.0,0.0,72,640,False,0.5625,2.4000000000000004,target-masked-diagnostic,0.0005823369421902314,/home/liblaf/github/liblaf/apple/exp/2026/06/10/unreachable-inverse-physics/data/41-area-change-surfaces/30-toy-squash-coarse-dy-m0p01-nu-0p3-area-change.vtp,0.00637965003273,0.0,0.0,0.0,0.0031948963187562462
30-toy-squash-coarse-dy-m0p01-nu-0p3,0.5606655096056326,2.400457540289106,-0.0032613162566532683,0.026803791375646924,-0.03407791352449241,-0.014909264865309229,-0.0038029117130935486,0.013787162068931167,72,640,True,0.5625,2.4000000000000004,solution,0.0001906417871273547,/home/liblaf/github/liblaf/apple/exp/2026/06/10/unreachable-inverse-physics/data/41-area-change-surfaces/30-toy-squash-coarse-dy-m0p01-nu-0p3-area-change.vtp,0.026803791375646924,-0.03407791352449241,-0.004952818165628036,0.0,0.005279873008673272
30-toy-squash-coarse-dy-m0p01-nu-0p49,0.5625,2.4013976086612567,0.0,0.0,0.0,0.0,0.0,0.0,72,640,True,0.5625,2.4000000000000004,target-raw,0.0005823369421902314,/home/liblaf/github/liblaf/apple/exp/2026/06/10/unreachable-inverse-physics/data/41-area-change-surfaces/30-toy-squash-coarse-dy-m0p01-nu-0p49-area-change.vtp,0.00637965003273,0.0,0.0,0.0,0.0031948963187562462
30-toy-squash-coarse-dy-m0p01-nu-0p49,0.5625,2.4013976086612567,0.0,0.0,0.0,0.0,0.0,0.0,72,640,False,0.5625,2.4000000000000004,target-masked-diagnostic,0.0005823369421902314,/home/liblaf/github/liblaf/apple/exp/2026/06/10/unreachable-inverse-physics/data/41-area-change-surfaces/30-toy-squash-coarse-dy-m0p01-nu-0p49-area-change.vtp,0.00637965003273,0.0,0.0,0.0,0.0031948963187562462
30-toy-squash-coarse-dy-m0p01-nu-0p49,0.5627499069378749,2.400272259383242,0.00044427900066645876,0.03633038977455305,-0.03796675267103522,-0.02001390274034523,0.0007324730069475649,0.019472216960759715,72,640,True,0.5625,2.4000000000000004,solution,0.00011344140968416738,/home/liblaf/github/liblaf/apple/exp/2026/06/10/unreachable-inverse-physics/data/41-area-change-surfaces/30-toy-squash-coarse-dy-m0p01-nu-0p49-area-change.vtp,0.03633038977455305,-0.03796675267103522,-0.0022767559686443064,0.0,0.004050684268486082
30-toy-squash-coarse-dy-m0p02-nu-0p3,0.5625,2.405562146310566,0.0,0.0,0.0,0.0,0.0,0.0,72,640,True,0.5625,2.4000000000000004,target-raw,0.0023175609627357208,/home/liblaf/github/liblaf/apple/exp/2026/06/10/unreachable-inverse-physics/data/41-area-change-surfaces/30-toy-squash-coarse-dy-m0p02-nu-0p3-area-change.vtp,0.025280449438103814,0.0,0.0,0.0,0.012719112093773077
30-toy-squash-coarse-dy-m0p02-nu-0p3,0.5625,2.405562146310566,0.0,0.0,0.0,0.0,0.0,0.0,72,640,False,0.5625,2.4000000000000004,target-masked-diagnostic,0.0023175609627357208,/home/liblaf/github/liblaf/apple/exp/2026/06/10/unreachable-inverse-physics/data/41-area-change-surfaces/30-toy-squash-coarse-dy-m0p02-nu-0p3-area-change.vtp,0.025280449438103814,0.0,0.0,0.0,0.012719112093773077
30-toy-squash-coarse-dy-m0p02-nu-0p3,0.5593795156998285,2.4015119339628703,-0.005547527644749417,0.047643990655594326,-0.061535071590689605,-0.049186183746646316,0.0028842894881524472,0.01521967431130408,72,640,True,0.5625,2.4000000000000004,solution,0.0006299724845291177,/home/liblaf/github/liblaf/apple/exp/2026/06/10/unreachable-inverse-physics/data/41-area-change-surfaces/30-toy-squash-coarse-dy-m0p02-nu-0p3-area-change.vtp,0.047643990655594326,-0.061535071590689605,-0.0030484838747488747,0.0,0.010800599498543608
30-toy-squash-coarse-dy-m0p02-nu-0p49,0.5625,2.405562146310566,0.0,0.0,0.0,0.0,0.0,0.0,72,640,True,0.5625,2.4000000000000004,target-raw,0.0023175609627357208,/home/liblaf/github/liblaf/apple/exp/2026/06/10/unreachable-inverse-physics/data/41-area-change-surfaces/30-toy-squash-coarse-dy-m0p02-nu-0p49-area-change.vtp,0.025280449438103814,0.0,0.0,0.0,0.012719112093773077
30-toy-squash-coarse-dy-m0p02-nu-0p49,0.5625,2.405562146310566,0.0,0.0,0.0,0.0,0.0,0.0,72,640,False,0.5625,2.4000000000000004,target-masked-diagnostic,0.0023175609627357208,/home/liblaf/github/liblaf/apple/exp/2026/06/10/unreachable-inverse-physics/data/41-area-change-surfaces/30-toy-squash-coarse-dy-m0p02-nu-0p49-area-change.vtp,0.025280449438103814,0.0,0.0,0.0,0.012719112093773077
30-toy-squash-coarse-dy-m0p02-nu-0p49,0.5637401945844994,2.401114121284418,0.002204790372443366,0.06587859708592414,-0.06699654288852641,-0.044026449032050406,0.006489457564759937,0.0291900812361097,72,640,True,0.5625,2.4000000000000004,solution,0.0004642172018405333,/home/liblaf/github/liblaf/apple/exp/2026/06/10/unreachable-inverse-physics/data/41-area-change-surfaces/30-toy-squash-coarse-dy-m0p02-nu-0p49-area-change.vtp,0.06587859708592414,-0.07605107736401451,-0.0022832422062306116,0.0,0.009634069313424774
30-toy-squash-coarse-dy-m0p04-nu-0p3,0.5625,2.4218186827407324,0.0,0.0,0.0,0.0,0.0,0.0,72,640,True,0.5625,2.4000000000000004,target-raw,0.00909111780863836,/home/liblaf/github/liblaf/apple/exp/2026/06/10/unreachable-inverse-physics/data/41-area-change-surfaces/30-toy-squash-coarse-dy-m0p04-nu-0p3-area-change.vtp,0.09763381872097954,0.0,0.0,0.0,0.04995237987253498
30-toy-squash-coarse-dy-m0p04-nu-0p3,0.5625,2.4218186827407324,0.0,0.0,0.0,0.0,0.0,0.0,72,640,False,0.5625,2.4000000000000004,target-masked-diagnostic,0.00909111780863836,/home/liblaf/github/liblaf/apple/exp/2026/06/10/unreachable-inverse-physics/data/41-area-change-surfaces/30-toy-squash-coarse-dy-m0p04-nu-0p3-area-change.vtp,0.09763381872097954,0.0,0.0,0.0,0.04995237987253498
30-toy-squash-coarse-dy-m0p04-nu-0p3,0.5590682096284011,2.404333107605376,-0.006100960660620269,0.10462467029420641,-0.1330005364917869,-0.11866859257026593,0.007590733777946168,0.05434133117953372,72,640,True,0.5625,2.4000000000000004,solution,0.0018054615022398135,/home/liblaf/github/liblaf/apple/exp/2026/06/10/unreachable-inverse-physics/data/41-area-change-surfaces/30-toy-squash-coarse-dy-m0p04-nu-0p3-area-change.vtp,0.10640900246450102,-0.1330005364917869,-0.00010607475599246859,0.0,0.021301934986328267
30-toy-squash-coarse-dy-m0p04-nu-0p49,0.5625,2.4218186827407324,0.0,0.0,0.0,0.0,0.0,0.0,72,640,True,0.5625,2.4000000000000004,target-raw,0.00909111780863836,/home/liblaf/github/liblaf/apple/exp/2026/06/10/unreachable-inverse-physics/data/41-area-change-surfaces/30-toy-squash-coarse-dy-m0p04-nu-0p49-area-change.vtp,0.09763381872097954,0.0,0.0,0.0,0.04995237987253498
30-toy-squash-coarse-dy-m0p04-nu-0p49,0.5625,2.4218186827407324,0.0,0.0,0.0,0.0,0.0,0.0,72,640,False,0.5625,2.4000000000000004,target-masked-diagnostic,0.00909111780863836,/home/liblaf/github/liblaf/apple/exp/2026/06/10/unreachable-inverse-physics/data/41-area-change-surfaces/30-toy-squash-coarse-dy-m0p04-nu-0p49-area-change.vtp,0.09763381872097954,0.0,0.0,0.0,0.04995237987253498
30-toy-squash-coarse-dy-m0p04-nu-0p49,0.5663941513855335,2.4045904652707533,0.006922935796503937,0.2711315379859851,-0.09759639276923571,-0.06347145132032267,0.013833916397963497,0.05072436816055995,72,640,True,0.5625,2.4000000000000004,solution,0.0019126938628137857,/home/liblaf/github/liblaf/apple/exp/2026/06/10/unreachable-inverse-physics/data/41-area-change-surfaces/30-toy-squash-coarse-dy-m0p04-nu-0p49-area-change.vtp,0.2711315379859851,-0.10035245763522604,-0.0037578721407661637,0.0,0.01906676867230984
30-toy-stretch-coarse-dy-p0p005-nu-0p3,0.5625,2.4003498501358322,0.0,0.0,0.0,0.0,0.0,0.0,72,640,True,0.5625,2.4000000000000004,target-raw,0.00014577088992995257,/home/liblaf/github/liblaf/apple/exp/2026/06/10/unreachable-inverse-physics/data/41-area-change-surfaces/30-toy-stretch-coarse-dy-p0p005-nu-0p3-area-change.vtp,0.0015987220439130923,0.0,0.0,0.0,0.0007996802557443949
30-toy-stretch-coarse-dy-p0p005-nu-0p3,0.5625,2.4003498501358322,0.0,0.0,0.0,0.0,0.0,0.0,72,640,False,0.5625,2.4000000000000004,target-masked-diagnostic,0.00014577088992995257,/home/liblaf/github/liblaf/apple/exp/2026/06/10/unreachable-inverse-physics/data/41-area-change-surfaces/30-toy-stretch-coarse-dy-p0p005-nu-0p3-area-change.vtp,0.0015987220439130923,0.0,0.0,0.0,0.0007996802557443949
30-toy-stretch-coarse-dy-p0p005-nu-0p3,0.5639693753541303,2.4001558900840023,0.0026122228517870827,0.020775953072247333,-0.010578653766586066,-0.006186494297632827,0.0032161164052558755,0.011475994709010954,72,640,True,0.5625,2.4000000000000004,solution,6.495420166752197e-05,/home/liblaf/github/liblaf/apple/exp/2026/06/10/unreachable-inverse-physics/data/41-area-change-surfaces/30-toy-stretch-coarse-dy-p0p005-nu-0p3-area-change.vtp,0.020775953072247333,-0.010578653766586066,-0.0034698666265913667,0.0,0.004161700714819957
30-toy-stretch-coarse-dy-p0p005-nu-0p49,0.5625,2.4003498501358322,0.0,0.0,0.0,0.0,0.0,0.0,72,640,True,0.5625,2.4000000000000004,target-raw,0.00014577088992995257,/home/liblaf/github/liblaf/apple/exp/2026/06/10/unreachable-inverse-physics/data/41-area-change-surfaces/30-toy-stretch-coarse-dy-p0p005-nu-0p49-area-change.vtp,0.0015987220439130923,0.0,0.0,0.0,0.0007996802557443949
30-toy-stretch-coarse-dy-p0p005-nu-0p49,0.5625,2.4003498501358322,0.0,0.0,0.0,0.0,0.0,0.0,72,640,False,0.5625,2.4000000000000004,target-masked-diagnostic,0.00014577088992995257,/home/liblaf/github/liblaf/apple/exp/2026/06/10/unreachable-inverse-physics/data/41-area-change-surfaces/30-toy-stretch-coarse-dy-p0p005-nu-0p49-area-change.vtp,0.0015987220439130923,0.0,0.0,0.0,0.0007996802557443949
30-toy-stretch-coarse-dy-p0p005-nu-0p49,0.5634484219718512,2.4001256998921376,0.0016860835055132473,0.01699739017758839,-0.007412670211150774,-0.005966706692417073,0.001390236197482464,0.01195191884645284,72,640,True,0.5625,2.4000000000000004,solution,5.237495505716616e-05,/home/liblaf/github/liblaf/apple/exp/2026/06/10/unreachable-inverse-physics/data/41-area-change-surfaces/30-toy-stretch-coarse-dy-p0p005-nu-0p49-area-change.vtp,0.01699739017758839,-0.011835293021057791,-0.003982420067811371,0.0,0.0032886957459812394
30-toy-stretch-coarse-dy-p0p01-nu-0p3,0.5625,2.4013976086612567,0.0,0.0,0.0,0.0,0.0,0.0,72,640,True,0.5625,2.4000000000000004,target-raw,0.0005823369421902314,/home/liblaf/github/liblaf/apple/exp/2026/06/10/unreachable-inverse-physics/data/41-area-change-surfaces/30-toy-stretch-coarse-dy-p0p01-nu-0p3-area-change.vtp,0.00637965003273,0.0,0.0,0.0,0.0031948963187562462
30-toy-stretch-coarse-dy-p0p01-nu-0p3,0.5625,2.4013976086612567,0.0,0.0,0.0,0.0,0.0,0.0,72,640,False,0.5625,2.4000000000000004,target-masked-diagnostic,0.0005823369421902314,/home/liblaf/github/liblaf/apple/exp/2026/06/10/unreachable-inverse-physics/data/41-area-change-surfaces/30-toy-stretch-coarse-dy-p0p01-nu-0p3-area-change.vtp,0.00637965003273,0.0,0.0,0.0,0.0031948963187562462
30-toy-stretch-coarse-dy-p0p01-nu-0p3,0.5650230997018747,2.400572667340255,0.0044855105811105744,0.0406750588193967,-0.03035150405197984,-0.015510714121304496,0.004321280108117054,0.02217407068207541,72,640,True,0.5625,2.4000000000000004,solution,0.00023861139177272506,/home/liblaf/github/liblaf/apple/exp/2026/06/10/unreachable-inverse-physics/data/41-area-change-surfaces/30-toy-stretch-coarse-dy-p0p01-nu-0p3-area-change.vtp,0.0406750588193967,-0.03035150405197984,-0.005880747713357065,0.0,0.00755432613693574
30-toy-stretch-coarse-dy-p0p01-nu-0p49,0.5625,2.4013976086612567,0.0,0.0,0.0,0.0,0.0,0.0,72,640,True,0.5625,2.4000000000000004,target-raw,0.0005823369421902314,/home/liblaf/github/liblaf/apple/exp/2026/06/10/unreachable-inverse-physics/data/41-area-change-surfaces/30-toy-stretch-coarse-dy-p0p01-nu-0p49-area-change.vtp,0.00637965003273,0.0,0.0,0.0,0.0031948963187562462
30-toy-stretch-coarse-dy-p0p01-nu-0p49,0.5625,2.4013976086612567,0.0,0.0,0.0,0.0,0.0,0.0,72,640,False,0.5625,2.4000000000000004,target-masked-diagnostic,0.0005823369421902314,/home/liblaf/github/liblaf/apple/exp/2026/06/10/unreachable-inverse-physics/data/41-area-change-surfaces/30-toy-stretch-coarse-dy-p0p01-nu-0p49-area-change.vtp,0.00637965003273,0.0,0.0,0.0,0.0031948963187562462
30-toy-stretch-coarse-dy-p0p01-nu-0p49,0.5648144339031367,2.400567793213752,0.004114549161131853,0.0252005893702556,-0.016897208675255015,-0.010286624620658108,0.003985840067068258,0.019834767423358293,72,640,True,0.5625,2.4000000000000004,solution,0.00023658050572983313,/home/liblaf/github/liblaf/apple/exp/2026/06/10/unreachable-inverse-physics/data/41-area-change-surfaces/30-toy-stretch-coarse-dy-p0p01-nu-0p49-area-change.vtp,0.0252005893702556,-0.019220034163549338,-0.006430831736672426,0.0,0.006706760424394475
30-toy-stretch-coarse-dy-p0p02-nu-0p3,0.5625,2.405562146310566,0.0,0.0,0.0,0.0,0.0,0.0,72,640,True,0.5625,2.4000000000000004,target-raw,0.0023175609627357208,/home/liblaf/github/liblaf/apple/exp/2026/06/10/unreachable-inverse-physics/data/41-area-change-surfaces/30-toy-stretch-coarse-dy-p0p02-nu-0p3-area-change.vtp,0.025280449438103814,0.0,0.0,0.0,0.012719112093773077
30-toy-stretch-coarse-dy-p0p02-nu-0p3,0.5625,2.405562146310566,0.0,0.0,0.0,0.0,0.0,0.0,72,640,False,0.5625,2.4000000000000004,target-masked-diagnostic,0.0023175609627357208,/home/liblaf/github/liblaf/apple/exp/2026/06/10/unreachable-inverse-physics/data/41-area-change-surfaces/30-toy-stretch-coarse-dy-p0p02-nu-0p3-area-change.vtp,0.025280449438103814,0.0,0.0,0.0,0.012719112093773077
30-toy-stretch-coarse-dy-p0p02-nu-0p3,0.565873364692566,2.401664768148061,0.005997092786784064,0.06891235680321439,-0.050039318735666694,-0.027563589112406316,0.002806191878152231,0.03961206042791123,72,640,True,0.5625,2.4000000000000004,solution,0.000693653395025251,/home/liblaf/github/liblaf/apple/exp/2026/06/10/unreachable-inverse-physics/data/41-area-change-surfaces/30-toy-stretch-coarse-dy-p0p02-nu-0p3-area-change.vtp,0.06891235680321439,-0.050039318735666694,-0.0043541391035985515,0.0,0.006347301798060142
30-toy-stretch-coarse-dy-p0p02-nu-0p49,0.5625,2.405562146310566,0.0,0.0,0.0,0.0,0.0,0.0,72,640,True,0.5625,2.4000000000000004,target-raw,0.0023175609627357208,/home/liblaf/github/liblaf/apple/exp/2026/06/10/unreachable-inverse-physics/data/41-area-change-surfaces/30-toy-stretch-coarse-dy-p0p02-nu-0p49-area-change.vtp,0.025280449438103814,0.0,0.0,0.0,0.012719112093773077
30-toy-stretch-coarse-dy-p0p02-nu-0p49,0.5625,2.405562146310566,0.0,0.0,0.0,0.0,0.0,0.0,72,640,False,0.5625,2.4000000000000004,target-masked-diagnostic,0.0023175609627357208,/home/liblaf/github/liblaf/apple/exp/2026/06/10/unreachable-inverse-physics/data/41-area-change-surfaces/30-toy-stretch-coarse-dy-p0p02-nu-0p49-area-change.vtp,0.025280449438103814,0.0,0.0,0.0,0.012719112093773077
30-toy-stretch-coarse-dy-p0p02-nu-0p49,0.5679143914090133,2.4019141094708885,0.009625584727134928,0.05574930495390329,-0.02240341512943278,-0.020279257115554755,0.005379230662356793,0.04948813911852448,72,640,True,0.5625,2.4000000000000004,solution,0.0007975456128699321,/home/liblaf/github/liblaf/apple/exp/2026/06/10/unreachable-inverse-physics/data/41-area-change-surfaces/30-toy-stretch-coarse-dy-p0p02-nu-0p49-area-change.vtp,0.05574930495390329,-0.05048408010826366,-0.011518276321600584,0.0,0.013659776528982329
30-toy-stretch-coarse-dy-p0p04-nu-0p3,0.5625,2.4218186827407324,0.0,0.0,0.0,0.0,0.0,0.0,72,640,True,0.5625,2.4000000000000004,target-raw,0.00909111780863836,/home/liblaf/github/liblaf/apple/exp/2026/06/10/unreachable-inverse-physics/data/41-area-change-surfaces/30-toy-stretch-coarse-dy-p0p04-nu-0p3-area-change.vtp,0.09763381872097954,0.0,0.0,0.0,0.04995237987253498
30-toy-stretch-coarse-dy-p0p04-nu-0p3,0.5625,2.4218186827407324,0.0,0.0,0.0,0.0,0.0,0.0,72,640,False,0.5625,2.4000000000000004,target-masked-diagnostic,0.00909111780863836,/home/liblaf/github/liblaf/apple/exp/2026/06/10/unreachable-inverse-physics/data/41-area-change-surfaces/30-toy-stretch-coarse-dy-p0p04-nu-0p3-area-change.vtp,0.09763381872097954,0.0,0.0,0.0,0.04995237987253498
30-toy-stretch-coarse-dy-p0p04-nu-0p3,0.5662135839779159,2.4041625611671846,0.0066019270718504774,0.09893688569405001,-0.05165170076521863,-0.02924861525402738,0.004003532909554908,0.05132621250573368,72,640,True,0.5625,2.4000000000000004,solution,0.0017344004863266704,/home/liblaf/github/liblaf/apple/exp/2026/06/10/unreachable-inverse-physics/data/41-area-change-surfaces/30-toy-stretch-coarse-dy-p0p04-nu-0p3-area-change.vtp,0.09991452703821246,-0.05165170076521863,-0.009222932122650476,0.0,0.01066248647352185
30-toy-stretch-coarse-dy-p0p04-nu-0p49,0.5625,2.4218186827407324,0.0,0.0,0.0,0.0,0.0,0.0,72,640,True,0.5625,2.4000000000000004,target-raw,0.00909111780863836,/home/liblaf/github/liblaf/apple/exp/2026/06/10/unreachable-inverse-physics/data/41-area-change-surfaces/30-toy-stretch-coarse-dy-p0p04-nu-0p49-area-change.vtp,0.09763381872097954,0.0,0.0,0.0,0.04995237987253498
30-toy-stretch-coarse-dy-p0p04-nu-0p49,0.5625,2.4218186827407324,0.0,0.0,0.0,0.0,0.0,0.0,72,640,False,0.5625,2.4000000000000004,target-masked-diagnostic,0.00909111780863836,/home/liblaf/github/liblaf/apple/exp/2026/06/10/unreachable-inverse-physics/data/41-area-change-surfaces/30-toy-stretch-coarse-dy-p0p04-nu-0p49-area-change.vtp,0.09763381872097954,0.0,0.0,0.0,0.04995237987253498
30-toy-stretch-coarse-dy-p0p04-nu-0p49,0.574771190234195,2.4062622470270156,0.0218154493052356,0.26331801002731337,-0.04884016011697345,-0.039661122883805355,-0.0006617050037387995,0.1535797988200859,72,640,True,0.5625,2.4000000000000004,solution,0.002609269594589625,/home/liblaf/github/liblaf/apple/exp/2026/06/10/unreachable-inverse-physics/data/41-area-change-surfaces/30-toy-stretch-coarse-dy-p0p04-nu-0p49-area-change.vtp,0.26331801002731337,-0.08751027926511279,-0.021942680200121675,0.0,0.016074771199224683
