activation_inv/max_abs,activation_inv/rms,area_surface_path,best/data_loss,best/error_max,best/error_mean,best/error_rms,best/error_rms_fraction_of_target,best/loss,best/reg_loss,best/step,case,convergence/best_in_last_window,convergence/converged,convergence/final_loss_over_best_loss,convergence/last_window_rel_improvement,convergence/status,elapsed_s,final_step/error_max,final_step/error_rms,final_step/loss,final_step/step,forward/grad_norm,forward/grad_norm_first,forward/line_search_ok,forward/line_search_steps,forward/result,forward/steps,forward/success,forward/surface_area/deformed,forward/surface_area/rel_change,forward/surface_area/rest,forward/target_area/deformed,forward/target_area/rel_change,forward/target_area/rest,forward/top_y/edge_max,forward/top_y/edge_rms,forward/top_y/max,forward/top_y/mean,forward/top_y/min,forward/top_y/range,forward/top_y/std,forward/volume/abs_rel_change,forward/volume/deformed,forward/volume/inverted_fraction,forward/volume/inverted_tets,forward/volume/rel_change,forward/volume/rest,forward/volume/signed_deformed,forward/volume/signed_rest,initial/error_max,initial/error_rms,initial/loss,input_path,inverse/surface_area/deformed,inverse/surface_area/rel_change,inverse/surface_area/rest,inverse/target_area/deformed,inverse/target_area/rel_change,inverse/target_area/rest,inverse/top_y/edge_max,inverse/top_y/edge_rms,inverse/top_y/max,inverse/top_y/mean,inverse/top_y/min,inverse/top_y/range,inverse/top_y/std,inverse/volume/abs_rel_change,inverse/volume/deformed,inverse/volume/inverted_fraction,inverse/volume/inverted_tets,inverse/volume/rel_change,inverse/volume/rest,inverse/volume/signed_deformed,inverse/volume/signed_rest,inverse_lr,inverse_max_steps,kind,lr,mode,n_active_tets,n_evaluations,n_points,n_target_points,n_tets,output_path,resolution,series_frames,target/displacement_max,target/displacement_rms,target/surface_area/deformed,target/surface_area/rel_change,target/surface_area/rest,target/target_area/deformed,target/target_area/rel_change,target/target_area/rest,target/volume/abs_rel_change,target/volume/deformed,target/volume/inverted_fraction,target/volume/inverted_tets,target/volume/rel_change,target/volume/rest,target/volume/signed_deformed,target/volume/signed_rest,target_path,target_y,x_segments,z_segments
,,/home/liblaf/github/liblaf/apple/exp/2026/06/10/unreachable-inverse-physics/data/50-toy-tetwild-area-surfaces/50-toy-tetwild-stretch-lr005-area-change.vtp,,,,,,,,,50-toy-tetwild-stretch-lr005,,,,,,,,,,,,,,,,,,,,,,,,,,,,,,,,,,,,,,,,,,/home/liblaf/github/liblaf/apple/exp/2026/06/10/unreachable-inverse-physics/data/50-toy-tetwild-lr005-input.vtu,,,,,,,,,,,,,,,,,,,,,,,,target,0.05,stretch,167,,802,217,2886,,lr005,,,,2.4124443748808013,0.005198732359725344,2.399967585730572,0.772463857755168,0.0,0.772463857755168,0.17694093404012756,0.117693159443167,0.0,0.0,0.17694093404012756,0.09999920645053736,0.117693159443167,0.09999920645053736,/home/liblaf/github/liblaf/apple/exp/2026/06/10/unreachable-inverse-physics/data/50-toy-tetwild-stretch-lr005-target.vtu,0.02,,
,,/home/liblaf/github/liblaf/apple/exp/2026/06/10/unreachable-inverse-physics/data/50-toy-tetwild-area-surfaces/50-toy-tetwild-squash-lr005-area-change.vtp,,,,,,,,,50-toy-tetwild-squash-lr005,,,,,,,,,,,,,,,,,,,,,,,,,,,,,,,,,,,,,,,,,,/home/liblaf/github/liblaf/apple/exp/2026/06/10/unreachable-inverse-physics/data/50-toy-tetwild-lr005-input.vtu,,,,,,,,,,,,,,,,,,,,,,,,target,0.05,squash,167,,802,217,2886,,lr005,,,,2.4124443748808013,0.005198732359725344,2.399967585730572,0.772463857755168,0.0,0.772463857755168,-0.17694093404012767,0.08230525345790772,0.0,0.0,-0.17694093404012767,0.09999920645053736,0.08230525345790772,0.09999920645053736,/home/liblaf/github/liblaf/apple/exp/2026/06/10/unreachable-inverse-physics/data/50-toy-tetwild-squash-lr005-target.vtu,-0.02,,
,,/home/liblaf/github/liblaf/apple/exp/2026/06/10/unreachable-inverse-physics/data/50-toy-tetwild-area-surfaces/50-toy-tetwild-stretch-lr002-area-change.vtp,,,,,,,,,50-toy-tetwild-stretch-lr002,,,,,,,,,,,,,,,,,,,,,,,,,,,,,,,,,,,,,,,,,,/home/liblaf/github/liblaf/apple/exp/2026/06/10/unreachable-inverse-physics/data/50-toy-tetwild-lr002-input.vtu,,,,,,,,,,,,,,,,,,,,,,,,target,0.02,stretch,2049,,8975,1404,42343,,lr002,,,,2.429617407270185,0.012393790286237882,2.3998738737653165,0.8991699388214509,0.0,0.8991699388214509,0.19025720426020443,0.11902411109848506,0.0,0.0,0.19025720426020443,0.09999864791615659,0.11902411109848506,0.09999864791615659,/home/liblaf/github/liblaf/apple/exp/2026/06/10/unreachable-inverse-physics/data/50-toy-tetwild-stretch-lr002-target.vtu,0.02,,
,,/home/liblaf/github/liblaf/apple/exp/2026/06/10/unreachable-inverse-physics/data/50-toy-tetwild-area-surfaces/50-toy-tetwild-squash-lr002-area-change.vtp,,,,,,,,,50-toy-tetwild-squash-lr002,,,,,,,,,,,,,,,,,,,,,,,,,,,,,,,,,,,,,,,,,,/home/liblaf/github/liblaf/apple/exp/2026/06/10/unreachable-inverse-physics/data/50-toy-tetwild-lr002-input.vtu,,,,,,,,,,,,,,,,,,,,,,,,target,0.02,squash,2049,,8975,1404,42343,,lr002,,,,2.4272048054560496,0.011388486699033029,2.3998738737653165,0.8991699388214509,0.0,0.8991699388214509,-0.17887014554256087,0.08211187520933436,0.030205701060387787,1279.0,-0.1902572042602042,0.09999864791615659,0.08097318473382814,0.09999864791615659,/home/liblaf/github/liblaf/apple/exp/2026/06/10/unreachable-inverse-physics/data/50-toy-tetwild-squash-lr002-target.vtu,-0.02,,
,,/home/liblaf/github/liblaf/apple/exp/2026/06/10/unreachable-inverse-physics/data/50-toy-tetwild-area-surfaces/50-toy-tetwild-stretch-lr001-area-change.vtp,,,,,,,,,50-toy-tetwild-stretch-lr001,,,,,,,,,,,,,,,,,,,,,,,,,,,,,,,,,,,,,,,,,,/home/liblaf/github/liblaf/apple/exp/2026/06/10/unreachable-inverse-physics/data/50-toy-tetwild-lr001-input.vtu,,,,,,,,,,,,,,,,,,,,,,,,target,0.01,stretch,9363,,69952,5857,369071,,lr001,,,,2.449464444736636,0.02071740975217451,2.399747884511301,0.9518315236917614,0.0,0.9518315236917614,0.19545641176192263,0.11954826368430455,0.0,0.0,0.19545641176192263,0.1000021937295969,0.11954826368430455,0.1000021937295969,/home/liblaf/github/liblaf/apple/exp/2026/06/10/unreachable-inverse-physics/data/50-toy-tetwild-stretch-lr001-target.vtu,0.02,,
,,/home/liblaf/github/liblaf/apple/exp/2026/06/10/unreachable-inverse-physics/data/50-toy-tetwild-area-surfaces/50-toy-tetwild-squash-lr001-area-change.vtp,,,,,,,,,50-toy-tetwild-squash-lr001,,,,,,,,,,,,,,,,,,,,,,,,,,,,,,,,,,,,,,,,,,/home/liblaf/github/liblaf/apple/exp/2026/06/10/unreachable-inverse-physics/data/50-toy-tetwild-lr001-input.vtu,,,,,,,,,,,,,,,,,,,,,,,,target,0.01,squash,9363,,69952,5857,369071,,lr001,,,,2.4429403823254914,0.01799876482565832,2.399747884511301,0.9518315236917614,0.0,0.9518315236917614,-0.030895051883696234,0.09691262076583756,0.10686832614862724,39442.0,-0.19545641176192274,0.1000021937295969,0.08045612377488924,0.1000021937295969,/home/liblaf/github/liblaf/apple/exp/2026/06/10/unreachable-inverse-physics/data/50-toy-tetwild-squash-lr001-target.vtu,-0.02,,
,,/home/liblaf/github/liblaf/apple/exp/2026/06/10/unreachable-inverse-physics/data/50-toy-tetwild-area-surfaces/50-toy-tetwild-forward-lr005-area-change.vtp,,,,,,,,,50-toy-tetwild-forward-lr005,,,,,,0.7306697249878198,,,,,0.008554296843851656,20.333128226327403,True,0,primary_success,46,True,2.4120784085380893,0.005046244324100169,2.399967585730572,0.7836446169050302,0.014474151816441294,0.772463857755168,0.03993827564683322,0.0074638565327806005,0.004062746109677865,-0.006598455065430118,-0.04942751428173441,0.053490260391412275,0.011763156496638954,-0.04624041906709975,0.09537520123788709,0.0,0.0,-0.04624041906709975,0.09999920645053736,0.09537520123788709,0.09999920645053736,,,,,,,,,,,,,,,,,,,,,,,,,,,,forward,0.05,forward,167,,802,217,2886,/home/liblaf/github/liblaf/apple/exp/2026/06/10/unreachable-inverse-physics/data/50-toy-tetwild-forward-lr005.vtu,lr005,,,,,,,,,,,,,,,,,,,,,
0.8,0.18891335597501824,/home/liblaf/github/liblaf/apple/exp/2026/06/10/unreachable-inverse-physics/data/50-toy-tetwild-area-surfaces/50-toy-tetwild-stretch-lr005-area-change.vtp,0.00010245095733273478,0.02232930524583187,0.016627042478494815,0.017531482310352547,0.8765741155176273,0.00010280783989339223,3.5688256065743947e-07,71.0,50-toy-tetwild-stretch-lr005,True,False,1.0154006951488628,0.0031488460990968348,not_converged_best_in_last_window,22.744996131048538,0.021749365314098573,0.017663193858660647,0.00010439115209450347,80.0,,,,,,,,,,,,,,,,,,,,,,,,,,,,,0.02,0.02,0.00013333333333333337,,2.4033684568240927,0.0014170487608837767,2.399967585730572,0.7765605622340661,0.005303425445435606,0.772463857755168,0.019897142314678935,0.004095547467720193,0.023845896351808823,0.004478530885796755,-0.0010236534612916995,0.024869549813100522,0.006956045422390594,0.03579671535944229,0.10357884958001735,0.0,0.0,0.03579671535944229,0.09999920645053736,0.10357884958001735,0.09999920645053736,0.04,80,inverse,0.05,stretch,167,81,802,217,2886,,lr005,9,0.02,0.02,2.4124443748808013,0.005198732359725344,2.399967585730572,0.772463857755168,0.0,0.772463857755168,0.17694093404012756,0.117693159443167,0.0,0.0,0.17694093404012756,0.09999920645053736,0.117693159443167,0.09999920645053736,,0.02,0,0
0.8,0.21463786732186962,/home/liblaf/github/liblaf/apple/exp/2026/06/10/unreachable-inverse-physics/data/50-toy-tetwild-area-surfaces/50-toy-tetwild-squash-lr005-area-change.vtp,9.967770169263446e-05,0.0226790825682046,0.01631988226558789,0.017292573697339077,0.8646286848669539,0.00010013839583351926,4.60694140884805e-07,72.0,50-toy-tetwild-squash-lr005,True,False,1.0058519195540445,0.005495173913063531,not_converged_best_in_last_window,23.11658567993436,0.0223601616581503,0.017342087850634083,0.00010072439767020809,80.0,,,,,,,,,,,,,,,,,,,,,,,,,,,,,0.02,0.02,0.00013333333333333337,,2.4036865999111483,0.0015496101708576404,2.399967585730572,0.7744215189926205,0.0025343078744699543,0.772463857755168,0.019613344171079482,0.004037865418921703,7.51391555488469e-05,-0.005033160113151767,-0.024806810351633322,0.024881949507182168,0.007158939004302866,-0.038145851644596274,0.09618465155669781,0.0,0.0,-0.038145851644596274,0.09999920645053736,0.09618465155669781,0.09999920645053736,0.04,80,inverse,0.05,squash,167,81,802,217,2886,,lr005,9,0.02,0.02,2.4124443748808013,0.005198732359725344,2.399967585730572,0.772463857755168,0.0,0.772463857755168,-0.17694093404012767,0.08230525345790772,0.0,0.0,-0.17694093404012767,0.09999920645053736,0.08230525345790772,0.09999920645053736,,-0.02,0,0
