case_id,display_name,step,target/error_rms_m,target/error_rms_mm,target/error_rms_fraction_of_target,bumpiness/contraction_target_relative_dihedral_rms_deg,bumpiness/residual_normal_laplacian_rms_m,area/deformed_to_target_ratio_rms_error,area/deformed_to_target_log_ratio_rms,area/deformed_to_target_ratio_mean,activation/rms,activation/max_abs,activation/I_plus_Ainv_min_eigenvalue,activation/I_plus_Ainv_min_determinant,activation/I_plus_Ainv_max_condition_number,quality/I_plus_Ainv_non_spd_active_tets,quality/I_plus_Ainv_nonpositive_det_active_tets,quality/inverted_tets,quality/detF_min,quality/detF_q001,quality/skin_folded_triangles,quality/skin_signed_ratio_q001,fixed/displacement_exact_zero,fixed/displacement_max_abs_m
H0P0,"homogeneous E, no prestrain",0,0.005310139062299789,5.310139062299788,1.0,3.013746997614455,0.00024283826596097218,0.13466345539047533,0.12134309545478644,1.0191268671117752,0.0,0.0,1.0,1.0,1.0,0,0,0,1.0,1.0,0,0.9999999999999996,True,0.0
H0P0,"homogeneous E, no prestrain",1,0.005139928199783005,5.139928199783005,0.9679460630842562,3.0086212504481833,0.00023133671866910834,0.13450933625848466,0.12132617938409508,1.0189824083135572,0.0031449984237826487,0.08545155499370954,0.9215329571115459,0.8105553836993942,1.085831141075236,0,0,0,0.7427828480536082,0.9610163865839243,0,0.9818698183421125,True,0.0
H0P0,"homogeneous E, no prestrain",2,0.004977308937991066,4.977308937991066,0.9373217687137978,3.075120522980203,0.00022131278320231129,0.13440517656144088,0.12133096235477696,1.0189524073407685,0.006202449799588831,0.17305001945448398,0.8457993794523067,0.6661055500559488,1.1699368285664744,0,0,0,0.34405504663584474,0.9213639077188223,0,0.9289881611819246,True,0.0
H0P0,"homogeneous E, no prestrain",3,0.004824972501326972,4.824972501326972,0.9086339255374051,3.2584862187304973,0.0002142419415173142,0.13435128433254173,0.12133538982491719,1.0190728080929132,0.009161400481473684,0.2592333870751719,0.7662362269840824,0.5582647448313189,1.2699337540730549,0,0,1,-0.15598875175036583,0.8807113698580294,0,0.824070710852203,True,0.0
H0P0,"homogeneous E, no prestrain",4,0.004691988210054421,4.69198821005442,0.883590458744474,3.6213442982451562,0.0002096409618996882,0.13431803669663425,0.12127909117026471,1.0193803924239535,0.011991462712649049,0.3383677400747543,0.6927071237171134,0.45521306990483684,1.4092746670384428,0,0,4,-0.4898057150537723,0.8414483816230499,0,0.6816154229113353,True,0.0
H0P0,"homogeneous E, no prestrain",5,0.00457933859305806,4.5793385930580595,0.8623763971775865,3.981042661356445,0.0002079578736469255,0.13432053067387317,0.12121242506083825,1.019793147712331,0.014642535764913332,0.4238606088361904,0.6330069334633187,0.37421564466336144,1.5765695830364364,0,0,6,-1.0856528570118629,0.8035157973405763,3,0.580244722904255,True,0.0
H0P0,"homogeneous E, no prestrain",6,0.0044772594522021515,4.477259452202152,0.8431529569515789,4.404073317147948,0.00020735681178745799,0.1343814225404375,0.1211824878565519,1.0202391304678777,0.017106143568476694,0.5070906932834519,0.5503696086800943,0.3114808683693283,1.7630208405212975,0,0,6,-1.485174451787616,0.7703237055135159,3,0.4973705676668229,True,0.0
H0P0,"homogeneous E, no prestrain",7,0.004381888239809114,4.381888239809114,0.8251927470071462,4.847251667198754,0.00020686048152091443,0.13452722098736178,0.12116800638936032,1.0207635939189885,0.019403422657183634,0.6058910130952704,0.4667708559750548,0.24908440808552787,1.9609765633707545,0,0,8,-1.637652383067022,0.7419153517670425,3,0.40710067102876135,True,0.0
H0P0,"homogeneous E, no prestrain",8,0.004287935950052692,4.287935950052693,0.8074997471338563,5.322642103409303,0.00020682920730898536,0.13471688231928586,0.12120163965465436,1.021320570554166,0.021565735012092795,0.7035595905349206,0.39438363229439505,0.1891578524322937,2.1617216416855114,0,0,10,-0.9111614987112631,0.715626581414905,6,0.32307682165389484,True,0.0
H0P0,"homogeneous E, no prestrain",9,0.00419747016117932,4.197470161179321,0.7904633215691005,5.776742033300491,0.00020732245113212598,0.13489914736540343,0.121220448435623,1.021872874467759,0.02362066531052329,0.7989341164575613,0.33261281315355257,0.14495858821335125,2.517763709793424,0,0,12,-1.0391078522762491,0.6907036852108641,7,0.27537576554394755,True,0.0
H0P0,"homogeneous E, no prestrain",10,0.004110036237792864,4.110036237792864,0.7739978538363987,6.267749608583458,0.00020713136184640228,0.13508489291684042,0.12125678232065946,1.0224011154064117,0.025584430500368672,0.8898744205201993,0.27904312520746627,0.1115286407579567,3.0134490678715693,0,0,6,-1.1732994917402877,0.6675149272937516,7,0.26482651631299614,True,0.0
H0P0,"homogeneous E, no prestrain",11,0.00402766450755238,4.02766450755238,0.7584856931803257,6.698397172799113,0.00020749357409626453,0.13528108722784124,0.1212948394816293,1.0229314454976943,0.02747005776804138,0.9746908735913177,0.23092479942068872,0.08528960306011435,3.574889502583197,0,0,7,-1.2435597610128386,0.6470853278342794,8,0.21431449776631306,True,0.0
H0P0,"homogeneous E, no prestrain",12,0.003949873616523311,3.9498736165233113,0.7438361915163565,7.112913168781508,0.0002079687767479071,0.13549784304524473,0.12136134299227165,1.0234628005836979,0.029283639891416663,1.0528337272477826,0.1870109175319219,0.0642704719910828,4.092556751086899,0,0,8,-1.2864959685948292,0.622319068816831,8,0.19145480844758103,True,0.0
H0P0,"homogeneous E, no prestrain",13,0.0038778213444970702,3.8778213444970704,0.7302673807600077,7.512860564356629,0.00020916074499114517,0.13574624278530337,0.12147321029715678,1.023990649056541,0.031028670762712297,1.1244859934391647,0.1458429763521266,0.046924807012466534,5.116863150075142,0,0,8,-1.3026415593798664,0.6030856227935538,8,0.17079340178783528,True,0.0
H0P0,"homogeneous E, no prestrain",14,0.00380865230197847,3.80865230197847,0.7172415368589172,7.904956755648316,0.0002094685627412846,0.1359782701761123,0.12157796835530128,1.0244917072791295,0.03271065432842181,1.1906234124006752,0.11630498578654545,0.03531962334691278,6.357871381706696,0,0,7,-1.307764963154638,0.5861613799369906,8,0.17989692132321958,True,0.0
H0P0,"homogeneous E, no prestrain",15,0.0037444533880443263,3.7444533880443265,0.7051516625296488,8.242932189546801,0.00021079068504215983,0.13625535293614294,0.12171869242381066,1.0249599482703513,0.034331779971897104,1.2519888476480578,0.09746546001814424,0.02812250856075138,7.528337694019536,0,0,8,-1.2917313548225176,0.5699647262772888,9,0.17409965054109014,True,0.0
H0P0,"homogeneous E, no prestrain",16,0.003682756233874717,3.6827562338747173,0.6935329170606952,8.560678561448743,0.00021115306196906877,0.13649515316522623,0.12181548315861501,1.0254682732005487,0.03589262291611236,1.3089358147696386,0.08263650911433207,0.022774113573417215,8.825212274524937,0,0,7,-1.3594139620464358,0.5553827697198559,11,0.16761442232145823,True,0.0
H0P0,"homogeneous E, no prestrain",17,0.003625973238054084,3.625973238054084,0.6828396009056111,8.832274535160376,0.0002108226869264033,0.1367256793101795,0.12191922609798374,1.0259224368892732,0.037397763725938914,1.3618512884457379,0.07093415159828009,0.018758036680530964,10.233718586784619,0,0,9,-1.3386877862525945,0.5404301549002615,12,0.21740481055203117,True,0.0
H0P0,"homogeneous E, no prestrain",18,0.0035666317563815154,3.566631756381515,0.6716644732909931,9.133364147829363,0.00021049206097322143,0.13694627087979716,0.12200877797498438,1.0263968533425007,0.038848507091597304,1.4111964853145438,0.06251751579086555,0.01591998520669015,11.565230368892712,0,0,11,-1.3153471572252764,0.5252283580710169,12,0.21449822885563793,True,0.0
H0P0,"homogeneous E, no prestrain",19,0.0035105487548305237,3.5105487548305234,0.6611029793464819,9.420772543126743,0.00021101914984379255,0.13714837514840675,0.12209751660023249,1.026784920807728,0.04024794749505334,1.457210254905621,0.05623172007877447,0.013837896666176061,12.82059907169882,0,0,10,-1.300704424351478,0.5115405558321263,15,0.2058756246006744,True,0.0
H0P0,"homogeneous E, no prestrain",20,0.0034558436712305482,3.4558436712305483,0.650800973512329,9.693328582329212,0.00021163882467046405,0.13731144287544977,0.12216616530044562,1.0272263159010053,0.04159718798439429,1.499365062977432,0.05183472588471717,0.012365980939394354,13.87970848424944,0,0,11,-1.299746142824909,0.498243296751014,18,0.1928217495373949,True,0.0
H0P0,"homogeneous E, no prestrain",21,0.003404823819228478,3.4048238192284783,0.6411929667532793,9.933821492431376,0.00021190482176845166,0.1375423966299951,0.12227272025349055,1.0276383917630576,0.04289859349725317,1.5389847621882058,0.04928068405964263,0.01142881114413363,14.57839069278053,0,0,15,-1.303827016510772,0.48678389150598567,18,0.1888443860214518,True,0.0
H0P0,"homogeneous E, no prestrain",22,0.0033548606783853022,3.354860678385302,0.6317839587674249,10.166702481008423,0.0002125326637950224,0.1377759774721324,0.12238309788579686,1.0281087848003503,0.044154567737227673,1.5764721927060774,0.04856733823252095,0.010975476567574085,14.778067864138377,0,0,15,-1.3119812053963484,0.47588921408553386,18,0.18032747564997598,True,0.0
H0P0,"homogeneous E, no prestrain",23,0.0033090345901655243,3.309034590165524,0.6231540363337306,10.369603652318137,0.0002121293989829212,0.13798058930905835,0.1224888609989783,1.02848868093654,0.04536706716661637,1.6121149572454125,0.049551882557632945,0.010935305754764275,14.475414276653359,0,0,15,-1.309530922019941,0.46628430056675507,17,0.18285996615191372,True,0.0
H0P0,"homogeneous E, no prestrain",24,0.0032616601532347686,3.2616601532347684,0.6142325304418984,10.61639828073965,0.00021267500424802764,0.1381605492763752,0.12255415549271224,1.0289243920373337,0.04653756510200974,1.6460929099302997,0.051854296061785564,0.011197444180153704,13.828202040733947,0,0,17,-1.3000718694822027,0.45569173329992846,18,0.1925041912956785,True,0.0
H0P0,"homogeneous E, no prestrain",25,0.003218096822110296,3.218096822110296,0.6060287281283662,10.82412597135743,0.00021344890159442413,0.1383823990724223,0.12266391817046536,1.0293429062693797,0.04766841627015468,1.6785336810607039,0.055598098717950815,0.011768496428583615,12.89394105908164,0,0,18,-1.3109313236275963,0.447257764772864,22,0.12476907588613527,True,0.0
H0P0,"homogeneous E, no prestrain",26,0.003173162374216171,3.173162374216171,0.5975667184960489,11.048426837137821,0.0002138350348537494,0.13856623247760594,0.12273951570356363,1.0297654865934887,0.048761092977339285,1.7095624489782604,0.06016417973953958,0.012505326888274066,11.914675152403104,0,0,23,-1.319831098341952,0.438940821902101,22,0.12787458577556307,True,0.0
H0P0,"homogeneous E, no prestrain",27,0.0031307346365384257,3.1307346365384254,0.5895767699881147,11.267405195211794,0.00021435830479982486,0.1387715975717935,0.12284212641888055,1.030170068921246,0.049818280942984544,1.7389988005579324,0.06537113324689206,0.013364924473745063,10.96620238302674,0,0,24,-1.3205751877904113,0.43047195934524424,22,0.12708888037452779,True,0.0
H0P0,"homogeneous E, no prestrain",28,0.0030917919905846954,3.0917919905846953,0.5822431304173151,11.442606123664818,0.00021457705296868806,0.13896586171209344,0.12294452168688925,1.0305116469174147,0.05084107916181687,1.7667904961698524,0.07107626219884947,0.01431633530469032,14.285655501625145,0,0,28,-1.3209222750235947,0.42253022951685976,19,0.1433159782446794,True,0.0
H0P0,"homogeneous E, no prestrain",29,0.003051633018211476,3.0516330182114757,0.574680433489407,11.65029703457431,0.00021465039281111644,0.13915787015781447,0.12304270488723713,1.0309026376277672,0.05183127292799184,1.7929978323871818,0.044614574158925585,0.015207146564310275,23.11538386992138,0,0,31,-1.3223345709932517,0.4149612788952662,19,0.15816435115648494,True,0.0
H0P0,"homogeneous E, no prestrain",30,0.0030124882405640394,3.0124882405640396,0.5673087286831523,11.824136445580894,0.00021475027532168785,0.1393756966887592,0.12316753909638385,1.0312527637342839,0.05278991857895599,1.8177114197930362,0.028049968380201875,0.01597581139320563,37.146459718534594,0,0,32,-1.346261865350221,0.40670279967525075,19,0.16879996735473318,True,0.0
H0P0,"homogeneous E, no prestrain",31,0.002987782387967839,2.9877823879678385,0.5626561475913304,11.986327255528355,0.00021504197074277893,0.1397194224597031,0.12335824955099309,1.0314882989020149,0.053719557198944945,1.8410467264060577,-0.007661118752896561,-0.006952735595623889,136.23076851612763,1,1,32,-1.3340613667691132,0.40175786222533216,18,0.16447757996627752,True,0.0
H0P0,"homogeneous E, no prestrain",32,0.002948759929123071,2.9487599291230713,0.555307477737877,12.154826931298336,0.00021542279142217787,0.13984727047205253,0.12341542253987228,1.0318052326227043,0.05462155789736357,1.8631147575309182,-0.027489064210064033,-0.024770991951908673,37.919364784431764,1,1,32,-1.3159312294397196,0.39535168029425716,18,0.16793894879236906,True,0.0
H0P0,"homogeneous E, no prestrain",33,0.0029151870920302186,2.9151870920302185,0.5489850751229985,12.293479387791542,0.00021501830733116026,0.13994395695596823,0.12348864261069492,1.0320868602117548,0.055497100529906036,1.8840204057995644,-0.029017491882700322,-0.025812159310206164,35.74695124266033,1,1,34,-1.2992121663598237,0.3911333015143061,20,0.15360066841280257,True,0.0
H0P0,"homogeneous E, no prestrain",34,0.0028774535072077505,2.8774535072077505,0.5418791247176007,12.467402591158747,0.00021508564512659356,0.14010037420711335,0.12358695321243031,1.0324260247281631,0.05634714877515343,1.9039120707262283,-0.011905128275331257,-0.010385475861071657,86.37868726098742,1,1,33,-1.2833273377836614,0.38357657844213716,19,0.13950770046630656,True,0.0
H0P0,"homogeneous E, no prestrain",35,0.0028420362118231376,2.842036211823138,0.5352093755887947,12.638810365849352,0.00021521432741386073,0.1402367447228486,0.12366300264639928,1.0327279180850837,0.057173591857723256,1.922753371211928,0.021331532576466066,0.018157747689710516,47.65040201908443,0,0,39,-1.3076154728216325,0.378264463227124,19,0.11915877433254067,True,0.0
H0P0,"homogeneous E, no prestrain",36,0.0028167884090993327,2.816788409099333,0.5304547349988606,12.778528857365885,0.00021526960194713287,0.14035607849474588,0.12374654530830266,1.0328934185123344,0.05797631980246186,1.9406408319237636,0.05106630148713245,0.02505751401888992,18.58860364768706,0,0,43,-1.3090149436864302,0.3750517161673021,19,0.11752588108304637,True,0.0
H0P0,"homogeneous E, no prestrain",37,0.002784368853967755,2.784368853967755,0.5243495172726912,12.932232025843927,0.0002153800787881579,0.14047162698569518,0.12381824200529135,1.0331440842138757,0.05875575251702552,1.9576261873749923,0.04974399658655611,0.024468539501228265,16.648313377000548,0,0,43,-1.3096044559188196,0.36949900212917147,19,0.1001447226006986,True,0.0
H0P0,"homogeneous E, no prestrain",38,0.0027634207746844454,2.7634207746844455,0.5204045962381303,13.05532846529193,0.0002152865597372018,0.14062501725863527,0.12392545042042266,1.0333228127801124,0.05951144850387133,1.9737592361351552,0.054965062542932326,0.02703034163496867,17.40898599496832,0,0,44,-1.3043083991988484,0.36477799592106236,22,0.07577924645773841,True,0.0
H0P0,"homogeneous E, no prestrain",39,0.0027411019145089075,2.7411019145089077,0.51620153113688,13.204099932275064,0.00021617831643027088,0.14079131899742642,0.12411513264797573,1.0335317536098687,0.060245386616716336,1.9891376562257417,0.053874769099734696,0.024730218893272357,19.810271122311036,0,0,45,-1.2921660910841821,0.35861798314368243,23,0.059642278483468876,True,0.0
H0P0,"homogeneous E, no prestrain",40,0.0027209482247538275,2.7209482247538275,0.5124062087322062,13.327644941251366,0.0002170610984016332,0.14085987437741324,0.12411694519033081,1.0338476093039715,0.06095803933140022,2.0037860355450605,0.016778285466576864,0.009108174239870813,47.46478661025615,0,0,47,-1.2139762125178772,0.35221040842433876,25,0.03537846261566925,True,0.0
H0P1,homogeneous E + c020 prestrain,0,0.004913859336054866,4.913859336054865,0.9253730040596533,3.49988801069634,0.00023528945407714214,0.07175514614101913,0.08146771394003909,0.9877338283844821,0.0,0.0,1.0,1.0,1.0,0,0,0,0.24186834903330834,0.8974814733038132,0,0.553698020843808,True,0.0
H0P1,homogeneous E + c020 prestrain,1,0.004779558653423563,4.779558653423563,0.9000816357817879,3.4925035396977213,0.00022811154763521322,0.07187838964617281,0.08164184855735807,0.9879142032744653,0.0026833747843111296,0.07614220353070801,0.928928285980264,0.8256641848118884,1.0643750664711573,0,0,0,0.3887160902602507,0.8965055025430656,0,0.5552159979249922,True,0.0
H0P1,homogeneous E + c020 prestrain,2,0.004652095694041416,4.6520956940414155,0.8760779406079474,3.4860545040311512,0.000221706046329634,0.07201046388749041,0.08182075185564668,0.988108478217688,0.00530351052464896,0.1541434666576516,0.8653654298857245,0.6918471942911448,1.1277531240428822,0,0,0,0.11160180548229774,0.8881216797837612,0,0.543146423456152,True,0.0
H0P1,homogeneous E + c020 prestrain,3,0.004530506474349958,4.530506474349958,0.8531803821325582,3.509644962380614,0.0002155619062912003,0.07216326750507583,0.08201067755836769,0.9883098209961199,0.00785696327729338,0.23199890608076482,0.8089824756666668,0.5954957519994892,1.1899826238076976,0,0,1,-0.23415295619192208,0.8722446290647509,0,0.5440849804305596,True,0.0
H0P1,homogeneous E + c020 prestrain,4,0.004415627399193018,4.415627399193018,0.8315464712671078,3.54798442082099,0.00021005544991313188,0.07232609997488883,0.08220445918555228,0.9885128903090088,0.010336432070853496,0.30786453150055154,0.7493854318418565,0.5164749108206949,1.2682593414875025,0,0,3,-0.5088440445707305,0.8489892585013582,0,0.5450765522917349,True,0.0
H0P1,homogeneous E + c020 prestrain,5,0.004310276307454602,4.310276307454602,0.8117068605709635,3.608183805415793,0.0002053623948055337,0.07247671243336101,0.08237022102014253,0.9887296505587398,0.01273173853704323,0.3891118594517759,0.6936711095094026,0.4407900692711255,1.377046705383141,0,0,3,-0.6274642196479049,0.8246433587091652,0,0.5228057698262835,True,0.0
H0P1,homogeneous E + c020 prestrain,6,0.004215933009081744,4.215933009081745,0.793940226351784,3.68090331524138,0.0002017453841429271,0.0725979516069591,0.08248931564509641,0.9889533472538545,0.015024722520463468,0.45428572617325147,0.6435627247497596,0.3811653688650634,1.502772550618389,0,0,2,-0.6932352805515959,0.7984342408080727,0,0.49787526840406815,True,0.0
H0P1,homogeneous E + c020 prestrain,7,0.0041314280044372174,4.131428004437217,0.7780263296245807,3.751341231302355,0.00019893190871671305,0.07270217881305172,0.08257746939204932,0.9891883754128823,0.017209126679698608,0.5085677472585503,0.6001086877547787,0.3355208571582731,1.6475106086017195,0,0,2,-0.7572887306364019,0.7741886418985086,0,0.43944556521639444,True,0.0
H0P1,homogeneous E + c020 prestrain,8,0.004055237470342274,4.055237470342274,0.7636782055545596,3.841550912295159,0.00019633935055501667,0.0728006129129567,0.08264962692761213,0.9894278053072446,0.019278000713297404,0.5765158274468252,0.5632247106977313,0.30102100321526354,1.8095961107681637,0,0,2,-0.8364202778277822,0.7484805221820405,0,0.4422699879161224,True,0.0
H0P1,homogeneous E + c020 prestrain,9,0.003984904693695262,3.984904693695262,0.7504332084232506,3.925130807409782,0.00019450718570912696,0.07288945904563499,0.08270732632614143,0.9896543202863906,0.02123293652596108,0.6467560400004246,0.5159915377427883,0.275115263958843,1.9830608407846357,0,0,2,-0.9401540782847044,0.7232404767040641,0,0.41729851834027354,True,0.0
H0P1,homogeneous E + c020 prestrain,10,0.0039190702370562125,3.919070237056212,0.7380353303513839,4.018768883878237,0.00019326165314074932,0.07293617154252219,0.08269404547754287,0.989903118918788,0.02308168459961474,0.7221689262150055,0.46880823770971647,0.2510772987129872,2.159245396468003,0,0,4,-1.074624678179247,0.7001661356124892,0,0.4172012332160302,True,0.0
H0P1,homogeneous E + c020 prestrain,11,0.0038561661264110295,3.8561661264110296,0.7261892920636522,4.080469327608822,0.00019293766710097753,0.07296786758893409,0.08265337822222611,0.9901526093136831,0.024832840038291715,0.7943796271666563,0.41836865852396377,0.2275421615811098,2.3311317067774295,0,0,11,-1.1748930504648045,0.6786536605622908,3,0.2926569838428341,True,0.0
H0P1,homogeneous E + c020 prestrain,12,0.0037956857940465646,3.7956857940465643,0.7147996972423311,4.168689020548635,0.0001921801825282062,0.07300002940271122,0.08261312740170994,0.9903837257563843,0.026495052172363774,0.8626817193642213,0.3735134921399596,0.20786918384362804,2.4944619415676454,0,0,11,-1.229421487911817,0.6592608032355004,3,0.282816086473945,True,0.0
H0P1,homogeneous E + c020 prestrain,13,0.0037379624388815522,3.737962438881552,0.7039292935696987,4.261837451994394,0.0001917995696008812,0.0730311498452097,0.08257278684642812,0.9906150135672962,0.0280786767805125,0.9265388205546361,0.3336630695530461,0.18683577196825307,2.660855598765378,0,0,12,-1.2666419833920244,0.6397682388160362,6,0.2677362151567044,True,0.0
H0P1,homogeneous E + c020 prestrain,14,0.0036824168560502823,3.6824168560502817,0.6934690057731652,4.326427456558289,0.00019123074317759688,0.07305518015117217,0.08251152832451349,0.9908324772921829,0.029592116042925703,0.9894064830372545,0.29822006685274666,0.16077973783639213,2.9623149990211273,0,0,11,-1.3002083023386912,0.6232377502141376,7,0.2622946845510855,True,0.0
H0P1,homogeneous E + c020 prestrain,15,0.0036293804639286453,3.629380463928645,0.6834812462249873,4.389474488736521,0.00019122168761852087,0.07312051272695988,0.08252422677342319,0.9910280072283874,0.031042668339714086,1.049417530156501,0.26639237867462173,0.13888096200401337,3.3025677843421475,0,0,11,-1.3111857278510006,0.6090616529380778,7,0.26655958913028105,True,0.0
H0P1,homogeneous E + c020 prestrain,16,0.0035793385415358618,3.5793385415358623,0.6740574021776508,4.441238602010768,0.0001910166509445934,0.0731300152282726,0.0824508713809245,0.9912348790331791,0.03243519747258453,1.1057293515719555,0.23778789473695428,0.12037067300423683,3.6894139971508406,0,0,13,-1.3204369640480167,0.5956284297558605,6,0.2668183118961427,True,0.0
H0P1,homogeneous E + c020 prestrain,17,0.003532625694046286,3.5326256940462857,0.665260486138065,4.499041101820916,0.0001910981581391447,0.07310846639097973,0.08233162810745785,0.9914457599363721,0.03377309396520155,1.1585727662485836,0.2120473437821705,0.1046054762361015,4.130246488515964,0,0,14,-1.3164286604858848,0.5804039187899696,6,0.23482466016083556,True,0.0
H0P1,homogeneous E + c020 prestrain,18,0.003488040980299449,3.488040980299449,0.6568643380854888,4.5496032122257875,0.00019084657087700674,0.07310314984608936,0.08223742819990129,0.9916224582510752,0.03505968960679299,1.2081185575538094,0.188232333616036,0.09077262789277107,4.650218638441443,0,0,14,-1.324000471579832,0.566908704658179,8,0.2124542815322211,True,0.0
H0P1,homogeneous E + c020 prestrain,19,0.0034455777514847724,3.4455777514847723,0.6488677059226606,4.591632671202021,0.00019030613626642377,0.0731085257215074,0.08215868807526687,0.9917915187614595,0.03629714525566604,1.2544823751950125,0.16597198930679036,0.07845008356974428,5.275866032928251,0,0,16,-1.3292924254977854,0.5535727652114422,10,0.2010700283290745,True,0.0
H0P1,homogeneous E + c020 prestrain,20,0.0034054027032011003,3.4054027032011,0.6413019815956084,4.653569461634423,0.00019034882513575092,0.07308404973666963,0.08205215804786171,0.991998694045189,0.03748791583016983,1.297716056346064,0.14634680130937727,0.06797487271934037,5.988706620695285,0,0,18,-1.3224960021132408,0.5422559955503573,8,0.1914061559603548,True,0.0
H0P1,homogeneous E + c020 prestrain,21,0.0033697205710915045,3.3697205710915044,0.6345823586834841,4.718452225580142,0.00019031749171625657,0.07308522958243978,0.08198339611698995,0.9921888187711441,0.038641534532843545,1.338059187294992,0.13090421305645034,0.05988810438729621,6.701633503896627,0,0,16,-1.3101734031432302,0.532415898624328,8,0.17566733776015117,True,0.0
H0P1,homogeneous E + c020 prestrain,22,0.003333627399746877,3.3336273997468773,0.6277853292797013,4.778685286147475,0.00019007087480717259,0.07307392916030848,0.08190418143826195,0.9923696505016576,0.03975700429481446,1.3756895854809708,0.12047105658961199,0.0543939883280193,7.287309357059114,0,0,18,-1.2973653378344716,0.5216151203510414,9,0.17887840436811256,True,0.0
H0P1,homogeneous E + c020 prestrain,23,0.0032984185277594113,3.298418527759411,0.6211548302335582,4.843381409648637,0.00018979507302133738,0.07303449935727847,0.08177932868825448,0.9925288404196165,0.04083511008238923,1.4109962843945012,0.11511518908084536,0.05137976216037959,7.629130248490723,0,0,18,-1.2651501878679394,0.5115593860823928,9,0.1787491983086119,True,0.0
H0P1,homogeneous E + c020 prestrain,24,0.0032653423906377635,3.2653423906377634,0.6149259656532542,4.902759846634879,0.00018932121288380368,0.07302919342118319,0.08171939042620938,0.9926794965153237,0.041877916707915644,1.4441460646201976,0.1141444056141402,0.050436506938840504,7.694688801080272,0,0,19,-1.2189442309177847,0.5017952220710855,11,0.1778123786585949,True,0.0
H0P1,homogeneous E + c020 prestrain,25,0.0032306897261899503,3.2306897261899503,0.6084002110465933,4.963812466867959,0.00018858797644086159,0.07302782903571008,0.08166689253108819,0.9928148278594019,0.04288315197070675,1.473740010816818,0.1169777751664119,0.05123931406052009,7.507323488313181,0,0,17,-1.1470295357042477,0.49211196273087787,11,0.1673470950476189,True,0.0
H0P1,homogeneous E + c020 prestrain,26,0.003198702710225073,3.1987027102250734,0.6023764486573981,5.028412560627237,0.00018785246296520325,0.07304778495037266,0.08163293874972193,0.9929726307945893,0.04385546247947878,1.501580844846949,0.12310497279887636,0.05243370906407072,7.448671528749855,0,0,19,-1.046285852096189,0.4829575487138225,11,0.15925729665300606,True,0.0
H0P1,homogeneous E + c020 prestrain,27,0.0031671597264482138,3.167159726448214,0.59643630595929,5.08437264162202,0.0001871552820241934,0.07306960863806689,0.0816064279085833,0.9930980009641193,0.04479669985566825,1.5279389089509956,0.11140263618978666,0.04549401318704432,9.726021238733507,0,0,18,-0.9730017040036865,0.47345940318593244,12,0.16212505363311708,True,0.0
H0P1,homogeneous E + c020 prestrain,28,0.003146783041380289,3.146783041380289,0.5925989893035751,5.137505930882868,0.000186313605991271,0.07318595868532957,0.08172555428156722,0.9932052346068909,0.045707230741476236,1.5529578341385406,0.08698221634494395,0.03420030534990477,13.982884772235991,0,0,19,-1.0525606285448168,0.4653807717111208,9,0.2014773594556877,True,0.0
H0P1,homogeneous E + c020 prestrain,29,0.0031151326478895116,3.115132647889512,0.5866386193171308,5.183977924684356,0.0001853068460692186,0.07318303046318593,0.0816720212979843,0.9933203365062315,0.04658919657312754,1.5767603848472762,0.050939507249580296,0.01922619601798598,24.13885148516644,0,0,22,-1.0017849021197667,0.45854499163908174,10,0.14336499109108328,True,0.0
H0P1,homogeneous E + c020 prestrain,30,0.00308511549628278,3.08511549628278,0.580985819785035,5.23082127262524,0.00018476639960874597,0.07317033976723052,0.081634652870487,0.9934295882669726,0.04744447359914813,1.5994657209911138,0.016551761393189948,0.006007563748781647,75.06963224809259,0,0,18,-0.9652964623127467,0.45249549959523677,10,0.11670354289644984,True,0.0
H0P1,homogeneous E + c020 prestrain,31,0.003055176658919592,3.0551766589195917,0.5753477683118177,5.280979994335262,0.00018411420332675255,0.07316223025511075,0.08157980397387023,0.9935430429158549,0.04827431280601337,1.6211833936584026,-0.015635815038324046,-0.005469714802806566,80.25559935490354,1,1,19,-1.060799362242479,0.4457019974269952,15,0.13402568751515204,True,0.0
H0P1,homogeneous E + c020 prestrain,32,0.0030289087124763755,3.0289087124763756,0.5704010152917867,5.3121777858934776,0.0001842563538211184,0.07320678696609424,0.08161071103804894,0.9936435590959737,0.04908079426705923,1.6419991425578588,-0.04344237573762759,-0.014661257588061645,29.142579327968498,1,1,22,-1.0475356679525982,0.439418534084266,10,0.15026004421211905,True,0.0
H0P1,homogeneous E + c020 prestrain,33,0.0030094131928941805,3.0094131928941805,0.5667296388262235,5.36652377063288,0.0001843893475330061,0.07328842807185552,0.08161919908623129,0.9937410471992071,0.04986413923372575,1.6619838292333122,-0.06554960457925607,-0.021318687999914685,727.3924503068536,1,1,27,-1.020164761699925,0.43262994009236433,12,0.15351181926209953,True,0.0
H0P1,homogeneous E + c020 prestrain,34,0.002982048160644773,2.982048160644773,0.5615762837203864,5.417468725487253,0.00018384738967636987,0.0732924811007843,0.08158088828254074,0.9938309526029948,0.05062605428146998,1.6811831699687259,-0.08268211778695095,-0.025865518214520124,72.64531572269026,1,1,25,-1.0058319270477394,0.42662446844456847,8,0.1889475999965562,True,0.0
H0P1,homogeneous E + c020 prestrain,35,0.0029560240101224196,2.9560240101224196,0.5566754421007919,5.470792148278829,0.00018290208454023913,0.07330562916107612,0.08156089825393678,0.993903857359362,0.05136768137686173,1.6996360075530774,-0.09545400095549907,-0.028649363012176896,19.6753090178214,1,1,31,-1.0010348385732764,0.4208999616839458,14,0.16908582560551058,True,0.0
H0P1,homogeneous E + c020 prestrain,36,0.0029330172879889344,2.9330172879889345,0.5523428395335964,5.45198486599109,0.0001826231378939511,0.07300806049688519,0.08128525323569441,0.9937402578342939,0.0520903729222557,1.7173414955681272,-0.1045951871027958,-0.030036432649705527,60.272467433285584,1,1,31,-0.9862371086570094,0.41418077558927335,12,0.1989717308388631,True,0.0
H0P1,homogeneous E + c020 prestrain,37,0.002912791565548251,2.912791565548251,0.5485339520066616,5.485852139238717,0.00018415844643577755,0.07304016812576465,0.08131363339923292,0.9938473037155107,0.05279552848392856,1.7342571625120928,-0.11081881153427205,-0.03036764976177309,31.8006480193314,2,2,30,-0.9602921924500306,0.409721379964307,12,0.2733716087161881,True,0.0
H0P1,homogeneous E + c020 prestrain,38,0.0028855760769178397,2.8855760769178396,0.5434087588034116,5.512098578521778,0.00018339408645092351,0.07302090679207028,0.08125979080924277,0.9939185542797757,0.053484072414409986,1.7503604842254066,-0.1146520854334269,-0.039739856512399654,28.553821831703814,2,2,32,-0.9400476203346266,0.4047254888866781,13,0.28324138396239923,True,0.0
H0P1,homogeneous E + c020 prestrain,39,0.002873750193209078,2.873750193209078,0.5411817203831333,5.507463355020168,0.00018239031246592837,0.07280470676458008,0.08112056255341477,0.9936497432766594,0.054156398739864144,1.7656374020275383,-0.11653976443041227,-0.040166062502058335,44.07311146258849,2,2,31,-0.9185753512346045,0.4015462732369224,15,0.2691446044391173,True,0.0
H0P1,homogeneous E + c020 prestrain,40,0.002849028620697618,2.849028620697618,0.5365261789328208,5.579129031180237,0.0001814870521114308,0.07278884758512451,0.08108673838160692,0.9937041703910601,0.054813570076668115,1.7800048914329427,-0.11712347937091432,-0.029791973349679857,84.07685836670078,2,2,31,-0.9162114479729658,0.3976539680835182,11,0.26087437874143543,True,0.0
H1P1,expansion E=0 + c020 prestrain,0,0.004946567496002456,4.946567496002457,0.9315325715519261,3.4615524190233002,0.00024437364765509545,0.07436101476892658,0.0798599947380273,1.0009829877688465,0.0,0.0,1.0,1.0,1.0,0,0,0,0.4501994683727956,0.89559187250537,0,0.5415548977615401,True,0.0
H1P1,expansion E=0 + c020 prestrain,1,0.0046667233735210485,4.666723373521048,0.8788326103648064,3.498964813072434,0.00022866022311891505,0.0745725710876681,0.0808027189075765,1.0003679735978703,0.0039243154227060996,0.10407162611403602,0.8825822076051376,0.7298655099824972,1.135400609000011,0,0,0,0.3421187845728925,0.8926058477616478,0,0.5399567768390875,True,0.0
H1P1,expansion E=0 + c020 prestrain,2,0.004410811027635717,4.410811027635717,0.830639457062622,3.517925814362775,0.00021602012131150192,0.0759723387677511,0.08296826758334065,0.9998941365636143,0.007625834268178634,0.20501283009302632,0.7793506742900487,0.5476616919180963,1.265662677564458,0,0,0,0.15132349743633017,0.8724192954713276,0,0.5372110555808685,True,0.0
H1P1,expansion E=0 + c020 prestrain,3,0.004176527954911157,4.1765279549111565,0.7865195065347929,3.5830880271603354,0.0002053295418013649,0.07806478855847365,0.08577726858743359,0.9994322830292475,0.011103527416498532,0.3060970175609448,0.6860423586723873,0.4334831479528628,1.3908608147334116,0,0,1,-0.16566824740901517,0.8403193402197563,0,0.5323247622077214,True,0.0
H1P1,expansion E=0 + c020 prestrain,4,0.0039599407456014455,3.9599407456014455,0.7457320230492079,3.671032524836177,0.0001960254914845917,0.08020377170288434,0.08841035253703143,0.9989640741890149,0.014371336475547792,0.3975465081168546,0.6063987284564974,0.3598235801112861,1.539978181769187,0,0,1,-0.20592950432915538,0.8033849827791842,0,0.5244177820336055,True,0.0
H1P1,expansion E=0 + c020 prestrain,5,0.0037629809687819414,3.7629809687819415,0.7086407577341708,3.823099220093974,0.0001864929229386431,0.08202643972790709,0.09036151889267288,0.9986753320599215,0.017445954444585226,0.48172096091835,0.5366089972521153,0.3078840330539561,1.7205558100259288,0,0,1,-0.166319469424448,0.7701230516438922,0,0.5104144120244458,True,0.0
H1P1,expansion E=0 + c020 prestrain,6,0.0035780022673784486,3.578002267378449,0.6738057563842477,3.98746487144466,0.0001769396080307696,0.08413843627377086,0.0926179604827894,0.9983770827231572,0.020344802926686594,0.5729853981603875,0.4692435641865239,0.25848247178510475,2.0153967651129063,0,0,1,-0.14972020391598478,0.7392793163508222,0,0.4957027217111657,True,0.0
H1P1,expansion E=0 + c020 prestrain,7,0.0034190799353848982,3.4190799353848984,0.6438776640821372,4.108054728761704,0.00017397458513575113,0.08628357511176828,0.09505359237865774,0.9982306582761218,0.023087572800800638,0.6552011891919728,0.39141459834761905,0.22025193852445968,2.47639507939376,0,0,1,-0.1569859418344047,0.7066244920123919,0,0.48490130273298904,True,0.0
H1P1,expansion E=0 + c020 prestrain,8,0.003257342566879222,3.257342566879222,0.6134194469604882,4.253696792701193,0.00016690894831777463,0.08838692155647868,0.0968806277317695,0.9981360517086902,0.025684676566585025,0.7285272232655943,0.3128791534394841,0.17638810720653217,3.2793765083727258,0,0,1,-0.17171266072854405,0.6785130346509595,0,0.47662501045775646,True,0.0
H1P1,expansion E=0 + c020 prestrain,9,0.0031051048809367407,3.1051048809367403,0.5847502004197869,4.445421032015374,0.00015909857674892172,0.09059121859588215,0.09888604259292208,0.9982110475581719,0.028148937866274183,0.793560275955162,0.19332683682377608,0.1440210022679551,5.237369258018327,0,0,1,-0.13234645056107072,0.6540123967009076,1,0.41196353285552484,True,0.0
H1P1,expansion E=0 + c020 prestrain,10,0.002960613075084951,2.960613075084951,0.5575396501579993,4.613772355140722,0.00015321403617936984,0.09272336396512638,0.10068069722268912,0.9982735667894997,0.03049081702778488,0.8683143063579873,0.08875388054775234,0.07063689869467259,11.300471011140981,0,0,3,-0.13134575752215988,0.6318189792676014,1,0.39154626779348845,True,0.0
H1P1,expansion E=0 + c020 prestrain,11,0.0028300542540415957,2.830054254041596,0.5329529454574993,4.786367241430407,0.0001476303227609757,0.0947210662383971,0.10215207513190772,0.9983443344966771,0.0327146903807754,0.9479224426703395,0.029136177080435737,0.022621941463710833,34.08106637014351,0,0,2,-0.11020282407249085,0.6101264204856262,1,0.36140074376565995,True,0.0
H1P1,expansion E=0 + c020 prestrain,12,0.002708134919531868,2.708134919531868,0.5099932200945019,4.93827293954525,0.00014407833941972015,0.09684099230913905,0.10349492319955951,0.9985249747151199,0.03482533921074479,1.0210500642739768,0.007551104187711999,0.005685737922369378,130.00062131490714,0,0,2,-0.12135630399668358,0.592529514495798,2,0.3215589197852984,True,0.0
H1P1,expansion E=0 + c020 prestrain,13,0.002595406982369701,2.5954069823697012,0.48876440935346166,5.10652450139075,0.00014149200285851186,0.09907539096080248,0.10490151554313243,0.9987709583130123,0.03682402084898953,1.0878156860990726,0.0076940116475709185,0.008834593055049416,167.51103199855888,0,0,3,-0.22201177794958327,0.574201775649583,2,0.2827720955651471,True,0.0
H1P1,expansion E=0 + c020 prestrain,14,0.002492001401634939,2.4920014016349388,0.46929117531541037,5.272626146694964,0.00014035046829050264,0.10080324036221548,0.1061432796272222,0.9990503880968373,0.0387146462257191,1.148525010202905,0.006634635557100573,0.007477298050624613,193.64541501938206,0,0,3,-0.29281239463950043,0.5556997691678226,3,0.28570541410319666,True,0.0
H1P1,expansion E=0 + c020 prestrain,15,0.0023982318590127357,2.3982318590127356,0.4516325901970025,5.443969488438547,0.0001396539007675828,0.10247956206357277,0.10746810639510172,0.9993651163907638,0.04050054400173467,1.2035508394956282,-0.006838291740327491,-0.00869402033867421,209.23624183664364,1,1,5,-0.33061552948023143,0.5415569312426799,5,0.2239866048664953,True,0.0
H1P1,expansion E=0 + c020 prestrain,16,0.002311642789945636,2.311642789945636,0.435326224572446,5.569208282792922,0.00013978904754074337,0.10404398163671075,0.1082982454944849,0.999841831356803,0.04218481133534378,1.253528848386295,-0.026102777095649607,-0.019503421597748614,203.72749807567652,2,2,7,-1.0231220769424805,0.527232814552397,13,0.18882779924003637,True,0.0
H1P1,expansion E=0 + c020 prestrain,17,0.002229774764876372,2.2297747648763724,0.41990892116310613,5.772434049223511,0.00013974508006287447,0.10609852201491053,0.10954746413950209,1.0002835020579592,0.0437714294917486,1.2992653583664375,-0.06836067096664343,-0.04066197738740504,138.1489541109676,3,3,13,-0.9771272102778862,0.5160792611388478,21,0.12172209112355976,True,0.0
H1P1,expansion E=0 + c020 prestrain,18,0.002160355826242257,2.160355826242257,0.40683601707911204,5.897656500217355,0.00014035373173406,0.10799115387247234,0.11055933939150339,1.000687424512505,0.0452639430725232,1.3411612210453976,-0.11340394511171521,-0.06807242570517096,318.87760042114405,3,3,13,-0.8627199683556316,0.5056052597075888,23,0.09077201381727373,True,0.0
H1P1,expansion E=0 + c020 prestrain,19,0.00209676175837436,2.09676175837436,0.39486004674730035,5.952801526960598,0.0001416257539832278,0.10868155778174915,0.11057974064472534,1.0010453452705945,0.04666653776969701,1.379654214454724,-0.16200048106386966,-0.0986590843785542,472.2975273730017,7,7,12,-0.7381954804677159,0.4909424560679879,27,0.04711793578192735,True,0.0
H1P1,expansion E=0 + c020 prestrain,20,0.0020374599131639235,2.0374599131639233,0.3836923834310117,6.087389348708369,0.00014283447405963844,0.11051847391370208,0.11132811175318552,1.0017491456684902,0.047982640919825646,1.4149303972854856,-0.21720226356948755,-0.1352936131989585,145.39600999452523,5,5,16,-0.6309398458805938,0.4825101973567489,31,-0.024034297943276852,True,0.0
H1P1,expansion E=0 + c020 prestrain,21,0.001999294072515468,1.999294072515468,0.37650503104707506,6.221177466921351,0.0001446497372046168,0.11274383169193572,0.11280176279462636,1.002295930654176,0.049218805677257914,1.4484149599088496,-0.27557577850735354,-0.17648590246018486,12497.130202192058,11,11,14,-4.4448917989606045,0.4727516763777103,35,-0.05152493839255765,True,0.0
H1P1,expansion E=0 + c020 prestrain,22,0.0019436051250387397,1.9436051250387398,0.3660177449659814,6.391187800552181,0.000144901583100126,0.11209204217721125,0.11181750628249085,1.0020899347073198,0.05037661379822504,1.480390819978092,-0.32804194690648364,-0.21524432973456437,1431.5946452285639,16,16,19,-3.5100095729685874,0.46438427243027175,37,-0.06787907848362362,True,0.0
H1P1,expansion E=0 + c020 prestrain,23,0.0018980473832074132,1.8980473832074132,0.35743835725186834,6.4842462296572,0.00014554391148199533,0.11230363636046861,0.11136699127625128,1.0026602354028622,0.05146586228894221,1.510138529803086,-0.3735240448140873,-0.44425178504678486,897.1988343723456,21,21,28,-4.5810932080281015,0.4563946439297499,42,-0.07796098029112038,True,0.0
H1P1,expansion E=0 + c020 prestrain,24,0.0018644155774159784,1.8644155774159785,0.35110484971150857,6.622050902824664,0.00014762866162403945,0.11305435646210052,0.11162539019626255,1.0032939120763764,0.05249243362803104,1.5375040507642235,-0.4140372832149075,-0.6771163771894599,516.3113757057124,23,23,32,-4.936175365804742,0.4480639731333227,28,0.03535592091576158,True,0.0
H1P1,expansion E=0 + c020 prestrain,25,0.0018180987813059093,1.8180987813059093,0.34238251766583716,6.774315179838325,0.00014899836639790484,0.11469835911690278,0.11243869786165057,1.0036370540391395,0.05345710861096428,1.5627852159838405,-0.4490178343625224,-0.8956149633691167,3787.9427902788575,25,25,29,-4.148965582872607,0.44129541241553466,24,0.05429336102165235,True,0.0
H1P1,expansion E=0 + c020 prestrain,26,0.0017766108008916224,1.7766108008916224,0.33456954329218325,6.896345190972242,0.00015057343029047007,0.11666865888901864,0.11372397737360011,1.0037118549068687,0.05436835385786924,1.5863022648391643,-0.47948223135773677,-1.1010638760985156,583.9012713289438,25,25,33,-3.7061909195554477,0.4355693430388997,25,0.057322344709736836,True,0.0
H1P1,expansion E=0 + c020 prestrain,27,0.001742932860413631,1.742932860413631,0.32822734771446405,6.974833854452516,0.00015076385074549493,0.11811379401261177,0.11512251150112078,1.0040235606820125,0.05522721368441783,1.6082267388939688,-0.5045015204009388,-1.287103858872668,1040.1306977283741,25,25,37,-3.898776781528982,0.42965434903422184,27,0.023003261742970144,True,0.0
H1P1,expansion E=0 + c020 prestrain,28,0.001706678950599547,1.706678950599547,0.32140004820521495,7.086458173429616,0.0001515952148343446,0.11717331077710615,0.11484969481103892,1.0038899823896754,0.0560370826869524,1.6286928307063873,-0.5274250032818925,-1.4519539819864804,7636.6210462403715,27,27,41,-4.273693217929576,0.4236692875812287,25,0.08094055922883817,True,0.0
H1P1,expansion E=0 + c020 prestrain,29,0.0016731466838187127,1.6731466838187128,0.31508528575032896,7.161685641584078,0.00015186652328612823,0.1178634533918591,0.11486513469878583,1.0042011791072725,0.056800568867443425,1.6478168526730457,-0.665201970237155,-1.5980793515297507,1572.9985416864233,29,29,44,-3.9577627488819265,0.4194100030340207,24,0.08946053907620874,True,0.0
H1P1,expansion E=0 + c020 prestrain,30,0.0016507798631724183,1.6507798631724182,0.31087318878189146,7.212597264367134,0.00015222163456171073,0.11814166172342287,0.11475737706722516,1.0043435795007825,0.05751995627203685,1.6656631421150419,-0.8260869549525562,-1.7271368077910079,1007.6274119608536,32,32,44,-3.496331832084634,0.4139441310678245,23,0.09457980589640169,True,0.0
H1P1,expansion E=0 + c020 prestrain,31,0.001619951691416841,1.619951691416841,0.3050676587583094,7.24919389149671,0.00015339490848613184,0.11956935081723813,0.1153787729769451,1.0047948885939832,0.05819854916148755,1.6822364807568913,-0.9743731389062606,-1.8411777205101247,234379.56868895597,39,39,43,-3.654827211778486,0.4103733648649986,14,0.14374615703026297,True,0.0
H1P1,expansion E=0 + c020 prestrain,32,0.0015907927664827067,1.5907927664827066,0.2995764796023523,7.302744939794822,0.00015393074724645662,0.11914352511049527,0.11479766982673732,1.0047294179282245,0.05883915317017,1.6976315092869243,-1.1104043334469844,-1.9396250469634675,473.307522397343,43,43,47,-3.050973614242484,0.4032764239410115,8,0.1814154939486753,True,0.0
H1P1,expansion E=0 + c020 prestrain,33,0.0015655089350262198,1.5655089350262197,0.294815054118038,7.335100115874014,0.00015476577902567528,0.12001269749901375,0.11519882407709908,1.0052228843784476,0.05944432313247233,1.7119729980140486,-1.233586030625256,-2.1586437251885067,220.1395852316029,45,45,44,-3.174724054161674,0.4017134199730272,9,0.20539051575352335,True,0.0
H1P1,expansion E=0 + c020 prestrain,34,0.0015374113402872797,1.5374113402872798,0.28952374358750527,7.386285031077716,0.0001561259060077662,0.11951446301739435,0.11438103092794218,1.0052664548041532,0.060015187826535546,1.7253449124887585,-1.3451356561205112,-2.4209395294873213,774.4722145961613,49,49,45,-2.8017522301578843,0.39731544376647776,7,0.2255471705290774,True,0.0
H1P1,expansion E=0 + c020 prestrain,35,0.0015168538613722746,1.5168538613722748,0.2856523800179603,7.422563963707285,0.0001574167278343592,0.12013842608861126,0.11433397853039029,1.0056263355778963,0.06055543925134319,1.7378357218723102,-1.445876588615143,-2.6694594674883008,478.88796358824885,53,53,46,-2.4613174422226085,0.3947149465342409,9,0.21224758033044333,True,0.0
H1P1,expansion E=0 + c020 prestrain,36,0.0014934811563998137,1.4934811563998138,0.28125085593389265,7.530643897861297,0.0001580969285866088,0.12175653331477902,0.11497668792940569,1.0060321451920438,0.06106711203085852,1.7495277580148052,-1.5367138277124734,-2.9055296933030292,77619.38282353299,55,55,44,-2.3720092687020937,0.3927533951011402,11,0.19034230428628357,True,0.0
H1P1,expansion E=0 + c020 prestrain,37,0.0014692325737248038,1.4692325737248038,0.2766843874496364,7.592861180931816,0.00015948500537031908,0.12199191742449217,0.11511729484440669,1.006228159445806,0.06154948436270788,1.7604924890555647,-1.620000744517485,-3.1320159099789793,37413.52420691783,58,58,42,-2.385882573390405,0.3900169126176116,14,0.15061539578567698,True,0.0
H1P1,expansion E=0 + c020 prestrain,38,0.0014463381960559416,1.4463381960559416,0.2723729414780225,7.6398156053009245,0.00016074754948408994,0.12200855345101742,0.11533104164690866,1.0064410272802788,0.06200724455822371,1.770782772382897,-1.6952925642180408,-3.341859769232535,746.9287541864921,57,57,45,-2.407495770533608,0.38706437837006813,15,0.15215295521510272,True,0.0
H1P1,expansion E=0 + c020 prestrain,39,0.001427177174602382,1.427177174602382,0.2687645573606278,7.674383983073382,0.00016035507350410527,0.12225626175414912,0.11592164917689425,1.006440774047122,0.06244213486869322,1.780444396800394,-1.763520697162404,-3.5380115371335044,1643.1930672815442,57,57,49,-2.7033390509211492,0.3838756505493087,15,0.15297710403763165,True,0.0
H1P1,expansion E=0 + c020 prestrain,40,0.0014142079515504593,1.4142079515504593,0.266322206435395,7.691627560127109,0.00016107771321355487,0.1215800919608222,0.11460411627623639,1.0069117973163875,0.06285493197433878,1.7895318255563955,-1.8254976472096176,-3.72196974146233,33867.95738848927,54,54,50,-2.3974288820310123,0.3797365680947367,16,0.1500677355575777,True,0.0
H1P0,"expansion E=0, no prestrain",0,0.005310139062299789,5.310139062299788,1.0,3.013746997614455,0.00024283826596097218,0.13466345539047533,0.12134309545478644,1.0191268671117752,0.0,0.0,1.0,1.0,1.0,0,0,0,1.0,1.0,0,0.9999999999999996,True,0.0
H1P0,"expansion E=0, no prestrain",1,0.00503368313593068,5.03368313593068,0.9479381004667365,2.993963520626905,0.0002280429489296083,0.13493039423003111,0.12218781136461304,1.0186311219904094,0.004011179078103463,0.0975166324930387,0.8839153924373939,0.7531449492214578,1.1353186353825881,0,0,0,0.6427156354853952,0.9507871135605455,0,0.896871230797326,True,0.0
H1P0,"expansion E=0, no prestrain",2,0.004781268396005639,4.781268396005638,0.9004036127699641,3.1227740366472054,0.00021637312742751218,0.13571390700220634,0.12377717895470977,1.0182367522206541,0.007802058643920588,0.19950463137602972,0.7831926295819804,0.5835861111528607,1.2655277672263547,0,0,0,0.1419800385691924,0.9034047422550213,0,0.8125891335129399,True,0.0
H1P0,"expansion E=0, no prestrain",3,0.004544072728017661,4.544072728017661,0.8557351652575461,3.508404834861459,0.0002068550551101874,0.13675965589420264,0.12569726398022235,1.0179505816811112,0.011384852094939333,0.2963284954737063,0.6960519113634013,0.4745265052052478,1.3920673187644659,0,0,1,-0.23277949074150134,0.8563435503922402,0,0.7351878462872781,True,0.0
H1P0,"expansion E=0, no prestrain",4,0.004318916710965612,4.318916710965612,0.8133340125927164,4.122429326159946,0.0001991849854614619,0.13783293126204713,0.1275282914812439,1.0178241878802265,0.014783819341256447,0.3913114663460756,0.619580846272325,0.38802488097282933,1.5545817368023236,0,0,1,-0.29435755870864805,0.8099669688422714,0,0.6637151928885824,True,0.0
H1P0,"expansion E=0, no prestrain",5,0.004107640031558968,4.107640031558968,0.7735466027098684,4.777829073774656,0.0001927188307568588,0.13909371097265916,0.12957562334332232,1.0178168606159481,0.01800746644915875,0.5014691714416305,0.5354954401248924,0.30832273878956584,1.7710949724748488,0,0,1,-0.2615213296231867,0.7701703570479229,0,0.6165193007386015,True,0.0
H1P0,"expansion E=0, no prestrain",6,0.003908812600391057,3.908812600391057,0.7361036226230532,5.4208548393114375,0.00018594112851762847,0.14031067202216832,0.13133856648166953,1.0181536074299316,0.021069460542942172,0.6157310025175625,0.464636593935637,0.25068570870319584,2.151374750326132,0,0,1,-0.28551210739429633,0.7344994293800203,0,0.5784129237009127,True,0.0
H1P0,"expansion E=0, no prestrain",7,0.003726780646335788,3.7267806463357878,0.7018235497436751,5.986816794847095,0.00018029275985836883,0.1416703046458741,0.13301786509049474,1.0186109584961724,0.02398729197532388,0.7281873186495067,0.35522079835722437,0.21683105750644122,2.811674487389235,0,0,1,-0.34385258673944347,0.6984792117766714,0,0.5326636370973482,True,0.0
H1P0,"expansion E=0, no prestrain",8,0.003554726318741773,3.5547263187417726,0.6694224533551562,6.585619017399047,0.00017682629107491077,0.14270337901009666,0.1342763093423506,1.019395951172259,0.026769392116088277,0.8348346861795644,0.23675727686211642,0.18007221854889013,4.1513341872504395,0,0,1,-0.31043381212277665,0.6691092463717024,0,0.485177571608657,True,0.0
H1P0,"expansion E=0, no prestrain",9,0.00338628442893595,3.38628442893595,0.6377016475853593,7.189900196154793,0.00017351535067899223,0.14402667120730153,0.13554182806575174,1.0202089064506488,0.029418486365005374,0.9345103145819175,0.13353607363688816,0.09798144638228679,7.265235211752139,0,0,1,-0.30629025651736214,0.6416522983519544,0,0.4524992512766965,True,0.0
H1P0,"expansion E=0, no prestrain",10,0.0032353213908599735,3.2353213908599736,0.6092724414374895,7.755769350475845,0.00017087157226544948,0.14561995029038105,0.13731088551996387,1.020963246049916,0.03193788741431121,1.0262408365136002,0.07540741725836092,0.05354657359389376,12.710637102079035,0,0,2,-0.26207281661643406,0.6193855943848812,1,0.3976280280198614,True,0.0
H1P0,"expansion E=0, no prestrain",11,0.0030902833125662083,3.0902833125662084,0.5819590177037333,8.329857967920205,0.00016881388955228732,0.14696210336370127,0.13852091768572355,1.021803869246023,0.03433656109849835,1.1102951860088883,0.04714361482955907,0.03242638452814895,20.115375812681698,0,0,2,-0.24223594727887068,0.598306944068546,1,0.374474704412777,True,0.0
H1P0,"expansion E=0, no prestrain",12,0.0029550868515301632,2.9550868515301634,0.5564989573456355,8.923695678317952,0.00016674889850782759,0.14829463146191024,0.13964688967414407,1.0226171491841811,0.036617002102083955,1.1871656698905504,0.032167095031942455,0.021509317172935725,32.528676611857286,0,0,2,-0.14748815816581912,0.5769700176792242,2,0.35486857562705076,True,0.0
H1P0,"expansion E=0, no prestrain",13,0.0028309153648701487,2.830915364870149,0.533115108974961,9.404478459705532,0.00016564482131618542,0.14929788574753455,0.14011356874101413,1.02370708040053,0.038780027337751065,1.2574741919801349,0.02676791724414251,0.023949524058393627,49.88445125500788,0,0,2,-0.14107147970540615,0.5589998654196209,1,0.307339054620048,True,0.0
H1P0,"expansion E=0, no prestrain",14,0.002711933813887892,2.711933813887892,0.51070862402488,9.890388520550617,0.0001640810209037049,0.1505221102353667,0.1413256550266807,1.0244756386127523,0.04083179498027049,1.3223754870697837,-0.01194654341037789,-0.014494334179592528,116.40922582210139,1,1,1,-0.1170511462162469,0.5396509632512473,2,0.29783474983165553,True,0.0
H1P0,"expansion E=0, no prestrain",15,0.0026057472107694447,2.605747210769445,0.490711670673444,10.321671385752403,0.0001633191778860287,0.15181626917945815,0.1422665505373431,1.0254336009486265,0.04277278226432386,1.382447969008805,-0.017994714657447376,-0.0212472080905061,77.24429479471883,1,1,2,-0.008973896526835699,0.5237465819791108,2,0.2557079979352993,True,0.0
H1P0,"expansion E=0, no prestrain",16,0.002508964095046163,2.508964095046163,0.47248557252652174,10.683544262017902,0.00016405803848877602,0.1535653263144876,0.14379246849385782,1.026588599874829,0.04460623739383939,1.4379239889768032,-0.033688651816855354,-0.03897626426038793,42.34029080609822,1,1,6,-0.07839595771476066,0.5090953703709032,3,0.22096055152606997,True,0.0
H1P0,"expansion E=0, no prestrain",17,0.002413775974629034,2.413775974629034,0.4545598422772082,11.047280348321188,0.00016585311445439815,0.15442228933739477,0.14393195748070264,1.027589636895944,0.04633087482074912,1.4896498578592705,-0.11623005671218689,-0.13403583130818128,324.6311243986984,4,4,7,-0.830446499249384,0.49514185465921956,8,0.1989455949083633,True,0.0
H1P0,"expansion E=0, no prestrain",18,0.0023346158711967137,2.3346158711967138,0.4396524919228021,11.44503814242962,0.00016756376493688724,0.15595701790745067,0.14520967130004542,1.0283250869413998,0.04795927233005164,1.537946895331109,-0.2381044048249872,-0.27745343299873126,942.7230372629674,6,6,5,-1.7353061100855116,0.48411466353515714,8,0.2162604631039334,True,0.0
H1P0,"expansion E=0, no prestrain",19,0.002258253820200444,2.2582538202004443,0.4252720679639618,11.786229302818075,0.00016993691434620835,0.15728640649034278,0.1457612102297511,1.029476637698795,0.049495299776012566,1.5843160032660781,-0.3454486036402141,-0.40629153640532395,3591.9128469038897,6,6,10,-1.9056155640547179,0.47249181174001126,11,0.17029430418316727,True,0.0
H1P0,"expansion E=0, no prestrain",20,0.0021809433347790698,2.18094333477907,0.4107130357965647,12.051131402456862,0.0001716132506758641,0.15819901020028587,0.14604324417553416,1.0305772302323137,0.05093515376307186,1.6278503866812988,-0.4464358227088926,-0.5315418456116445,284.19847295758615,6,6,11,-1.5437610644231525,0.4619876335078438,8,0.19615000991803405,True,0.0
H1P0,"expansion E=0, no prestrain",21,0.0021120609279280667,2.112060927928067,0.3977411708335461,12.337053608630981,0.00017351572688145534,0.159295704981801,0.14742973466581918,1.0308776909860964,0.05229228859189946,1.6686527667001367,-0.5264707442233268,-0.626526367419015,535.034190224843,8,8,16,-1.7444409744281106,0.4516011102722026,12,0.18143592159606414,True,0.0
H1P0,"expansion E=0, no prestrain",22,0.002050683641954178,2.0506836419541776,0.3861826626186395,12.613438961865258,0.00017572669577185936,0.16006466881544193,0.1479283247217741,1.0313043519777725,0.053573530575837795,1.706831386786861,-0.6013231424268388,-0.7175671333897303,5332.596917589512,15,15,18,-1.7036228763558208,0.44305779872115036,10,0.19585027645700642,True,0.0
H1P0,"expansion E=0, no prestrain",23,0.0019966994583061636,1.9966994583061635,0.37601641593194085,12.902635249688666,0.00017726228862793205,0.16162706920087744,0.1490387249499733,1.032694000492174,0.054781929636437486,1.7424568557588207,-0.6822334591439978,-0.8267139591230621,141.9671379195665,12,12,21,-1.4369594652344928,0.434102445875039,13,0.15602926475234413,True,0.0
H1P0,"expansion E=0, no prestrain",24,0.0019427295297724824,1.9427295297724823,0.3658528537539087,13.14117843812592,0.00017993945848404158,0.1620410574154342,0.14847115275181427,1.0332183551892355,0.0559152824875847,1.7755711310787619,-0.7539526680548877,-0.9287717746662724,383.77922166100973,19,19,22,-1.6788358489890272,0.4251204262849226,13,0.1674959874362199,True,0.0
H1P0,"expansion E=0, no prestrain",25,0.0018999891261992962,1.899989126199296,0.35780402432180797,13.37174764538667,0.00018223770030162208,0.16328121040789154,0.14922331651310594,1.0340873572283602,0.0569832677807493,1.8063058156465865,-0.8177270120436321,-1.0217713722959183,658.2061100440953,21,21,24,-2.669756925319398,0.4183255427211146,13,0.16841254449310944,True,0.0
H1P0,"expansion E=0, no prestrain",26,0.001849668583757788,1.849668583757788,0.34832771082961206,13.591524609824498,0.00018450114120017495,0.1648515787831572,0.149833661710222,1.035176159966568,0.057988519447692795,1.8348650648694529,-0.8753641744277116,-1.108911730129553,17752.833916960168,24,24,28,-2.553870402913493,0.4096018643220529,11,0.1441410974746108,True,0.0
H1P0,"expansion E=0, no prestrain",27,0.00181698186109889,1.81698186109889,0.34217218038579317,13.717680456211843,0.00018562903396320641,0.1652628582225759,0.15010169346501198,1.0358285807689533,0.05893595677683916,1.8615011894141038,-0.9282352166851944,-1.1922255257063974,2029.4959936772948,33,33,27,-2.8144765656956365,0.40278748149314286,12,0.09629056022687531,True,0.0
H1P0,"expansion E=0, no prestrain",28,0.001777860887870604,1.7778608878706041,0.3348049584035984,13.866999597825414,0.0001868310599307587,0.16558978400051347,0.15091770661211526,1.0363340781057968,0.0598288826444099,1.8863828549878705,-0.9729947251571617,-1.260955616429547,358.2779545451783,37,37,23,-3.08036631623005,0.3976921035523914,9,0.08135513354905141,True,0.0
H1P0,"expansion E=0, no prestrain",29,0.0017368957283000446,1.7368957283000446,0.3270904411207276,14.045889010436609,0.00018756105095563098,0.16447757972620414,0.15016675670990753,1.0365515068656672,0.06066651099685531,1.9095474114776794,-1.015657739303011,-1.3305291905613421,390.4069213926399,37,37,25,-2.798914256775236,0.392080769263931,14,0.05377342647492504,True,0.0
H1P0,"expansion E=0, no prestrain",30,0.0017158392979004734,1.7158392979004733,0.3231251155138965,14.215589160875357,0.0001889046207529847,0.1654234794533829,0.1509613410523734,1.0370417621611019,0.06145564987701502,1.931148964826799,-1.0536077047905013,-1.392758395236473,538.3556439050874,38,38,29,-3.081233176891285,0.38642523404871976,22,0.043912794076449026,True,0.0
H1P0,"expansion E=0, no prestrain",31,0.0016797711762295067,1.679771176229507,0.31633280343923953,14.38388642604324,0.0001906261305777537,0.16574075548378986,0.15113798871358314,1.0374790040376731,0.062199796042161234,1.951544344769487,-1.089551469042864,-1.4536481385025644,2791.322024268285,48,48,28,-2.7822399763545853,0.38194393394551485,20,0.0517862972395147,True,0.0
H1P0,"expansion E=0, no prestrain",32,0.0016475808154802823,1.6475808154802822,0.31027074736659066,14.523381090878852,0.0001922991729923842,0.16571889148286814,0.15076162018576356,1.0380299219118723,0.06290050031642577,1.9708776424417382,-1.1250468423336406,-1.5181206506051876,478.81665529216696,47,47,27,-6.98106129884944,0.3774753483493298,21,0.05845060632309064,True,0.0
H1P0,"expansion E=0, no prestrain",33,0.0016196891895773763,1.6196891895773762,0.30501822467826273,14.652190208944491,0.0001923190102454031,0.16579188448599017,0.15078423218969186,1.0383081943559582,0.06356113956046094,1.989561148847304,-1.154450278664964,-1.5709467169635547,804.7818602480395,48,48,30,-6.7528102741346165,0.37307736349324555,18,0.06413610395460939,True,0.0
H1P0,"expansion E=0, no prestrain",34,0.0015864631346660981,1.5864631346660982,0.2987611277319375,14.797481371129695,0.00019319999635822123,0.16631106478663477,0.15126593281054346,1.038708995342551,0.0641839865845337,2.0070829022516263,-1.1803213640567372,-1.6190251973160479,1342.5573801617352,52,52,31,-6.183487404715503,0.3691303747265649,23,0.034845771203707514,True,0.0
H1P0,"expansion E=0, no prestrain",35,0.0015571534618910262,1.5571534618910263,0.29324155989553924,14.926846660437558,0.00019377827365290099,0.1671153837964205,0.15187671283442625,1.0392181248550965,0.06477342707557268,2.0234278467495277,-1.2052917945055384,-1.6686441451060094,2063.81652086213,52,52,31,-5.968135602033579,0.3669728409211148,25,0.025015295758989104,True,0.0
H1P0,"expansion E=0, no prestrain",36,0.0015344116845897309,1.534411684589731,0.28895885147030154,15.135211734860663,0.0001960149753441301,0.1677754168766841,0.1518461661601771,1.0399751336870267,0.0653306670157023,2.0386651422258035,-1.2278584477136738,-1.7143957296401289,954.003333943415,53,53,37,-6.168498664323348,0.3614062104903153,28,0.007869482391401169,True,0.0
H1P0,"expansion E=0, no prestrain",37,0.0015077336307563625,1.5077336307563627,0.28393486744269414,15.208653926284804,0.00019612870251307238,0.16837505093708965,0.15219886996655455,1.0403353653222172,0.06585695105889813,2.052857858961828,-1.2489309519654557,-1.757834753337933,854.7868882741274,53,53,38,-6.49407201674853,0.3584508333592296,30,0.003289996996417236,True,0.0
H1P0,"expansion E=0, no prestrain",38,0.001481912096409753,1.481912096409753,0.2790721822957205,15.322614665596422,0.0001967748417727251,0.16836701490339478,0.15200849219938165,1.0406579389079156,0.06635506280181559,2.0660763249415903,-1.2681956491720583,-1.7982001022175664,10360.09315930645,58,58,37,-6.527518355149953,0.35619008618569686,33,-0.008065580803612953,True,0.0
H1P0,"expansion E=0, no prestrain",39,0.001459240869031159,1.4592408690311591,0.2748027597603387,15.422497870914905,0.00019750351672269956,0.1685781260401981,0.15207245976784084,1.041014507748139,0.06682730016273096,2.0783711743302997,-1.285782898653509,-1.881458507260795,3047.689672599495,60,60,42,-6.67091888490889,0.35384037759352743,36,-0.017960718395997635,True,0.0
H1P0,"expansion E=0, no prestrain",40,0.0014379112191552172,1.4379112191552172,0.2707859817389541,15.571349390561876,0.0001981964946635621,0.16831814657294866,0.15203652464664374,1.0412436823289046,0.06727419233388898,2.0898030264596503,-1.3017502319979728,-1.96638144334263,9993.21302819461,60,60,41,-6.79780018356372,0.3513098501763148,39,-0.021811246869026923,True,0.0
