coding,dimension,factor_subset,formula,metric,order,signed_nested_contrast
"{""geometry"": {""high"": ""short"", ""low"": ""long""}}",2d,geometry,2^|S| * mean(y * product(coded +/-1 factors in S)),final_inverted_rest_measure_fraction,1,0.010999999999999994
"{""geometry"": {""high"": ""short"", ""low"": ""long""}}",2d,geometry,2^|S| * mean(y * product(coded +/-1 factors in S)),peak_inverted_rest_measure_fraction,1,0.013250000000000005
"{""geometry"": {""high"": ""short"", ""low"": ""long""}}",2d,geometry,2^|S| * mean(y * product(coded +/-1 factors in S)),final_detf_negative_detainv_negative_detg_positive_rest_measure_fraction,1,0.005749999999999999
"{""geometry"": {""high"": ""short"", ""low"": ""long""}}",2d,geometry,2^|S| * mean(y * product(coded +/-1 factors in S)),peak_detf_negative_detainv_negative_detg_positive_rest_measure_fraction,1,0.005937499999999998
"{""geometry"": {""high"": ""short"", ""low"": ""long""}}",2d,geometry,2^|S| * mean(y * product(coded +/-1 factors in S)),final_detf_negative_detainv_positive_detg_negative_rest_measure_fraction,1,0.00525
"{""geometry"": {""high"": ""short"", ""low"": ""long""}}",2d,geometry,2^|S| * mean(y * product(coded +/-1 factors in S)),peak_detf_negative_detainv_positive_detg_negative_rest_measure_fraction,1,0.008750000000000004
"{""geometry"": {""high"": ""short"", ""low"": ""long""}}",2d,geometry,2^|S| * mean(y * product(coded +/-1 factors in S)),trajectory_min_det_f,1,-5.938687103653413
"{""geometry"": {""high"": ""short"", ""low"": ""long""}}",2d,geometry,2^|S| * mean(y * product(coded +/-1 factors in S)),final_target_rms,1,0.0030353510006966046
"{""geometry"": {""high"": ""short"", ""low"": ""long""}}",2d,geometry,2^|S| * mean(y * product(coded +/-1 factors in S)),final_activation_rms,1,-5.05102735907773
"{""geometry"": {""high"": ""short"", ""low"": ""long""}}",2d,geometry,2^|S| * mean(y * product(coded +/-1 factors in S)),final_activation_jump_rms,1,0.532957850994384
"{""geometry"": {""high"": ""short"", ""low"": ""long""}}",2d,geometry,2^|S| * mean(y * product(coded +/-1 factors in S)),final_midline_arc_length_ratio,1,0.2539218866169129
"{""geometry"": {""high"": ""short"", ""low"": ""long""}}",2d,geometry,2^|S| * mean(y * product(coded +/-1 factors in S)),final_midline_turning_density,1,8.180742592245537
"{""geometry"": {""high"": ""short"", ""low"": ""long""}}",2d,geometry,2^|S| * mean(y * product(coded +/-1 factors in S)),final_midline_x_reversal_fraction,1,0.0012500000000000002
"{""geometry"": {""high"": ""short"", ""low"": ""long""}}",2d,geometry,2^|S| * mean(y * product(coded +/-1 factors in S)),final_midline_y_range,1,0.0042435236524630705
"{""muscle_extent"": {""high"": ""full"", ""low"": ""band""}}",2d,muscle_extent,2^|S| * mean(y * product(coded +/-1 factors in S)),final_inverted_rest_measure_fraction,1,-0.018749999999999996
"{""muscle_extent"": {""high"": ""full"", ""low"": ""band""}}",2d,muscle_extent,2^|S| * mean(y * product(coded +/-1 factors in S)),peak_inverted_rest_measure_fraction,1,-0.020125000000000004
"{""muscle_extent"": {""high"": ""full"", ""low"": ""band""}}",2d,muscle_extent,2^|S| * mean(y * product(coded +/-1 factors in S)),final_detf_negative_detainv_negative_detg_positive_rest_measure_fraction,1,-0.011499999999999998
"{""muscle_extent"": {""high"": ""full"", ""low"": ""band""}}",2d,muscle_extent,2^|S| * mean(y * product(coded +/-1 factors in S)),peak_detf_negative_detainv_negative_detg_positive_rest_measure_fraction,1,-0.012562499999999996
"{""muscle_extent"": {""high"": ""full"", ""low"": ""band""}}",2d,muscle_extent,2^|S| * mean(y * product(coded +/-1 factors in S)),final_detf_negative_detainv_positive_detg_negative_rest_measure_fraction,1,-0.00725
"{""muscle_extent"": {""high"": ""full"", ""low"": ""band""}}",2d,muscle_extent,2^|S| * mean(y * product(coded +/-1 factors in S)),peak_detf_negative_detainv_positive_detg_negative_rest_measure_fraction,1,-0.009750000000000005
"{""muscle_extent"": {""high"": ""full"", ""low"": ""band""}}",2d,muscle_extent,2^|S| * mean(y * product(coded +/-1 factors in S)),trajectory_min_det_f,1,15.330205343612805
"{""muscle_extent"": {""high"": ""full"", ""low"": ""band""}}",2d,muscle_extent,2^|S| * mean(y * product(coded +/-1 factors in S)),final_target_rms,1,-0.002990243289636046
"{""muscle_extent"": {""high"": ""full"", ""low"": ""band""}}",2d,muscle_extent,2^|S| * mean(y * product(coded +/-1 factors in S)),final_activation_rms,1,-1.5492404289145694
"{""muscle_extent"": {""high"": ""full"", ""low"": ""band""}}",2d,muscle_extent,2^|S| * mean(y * product(coded +/-1 factors in S)),final_activation_jump_rms,1,-0.614339502498458
"{""muscle_extent"": {""high"": ""full"", ""low"": ""band""}}",2d,muscle_extent,2^|S| * mean(y * product(coded +/-1 factors in S)),final_midline_arc_length_ratio,1,-0.37647350748426245
"{""muscle_extent"": {""high"": ""full"", ""low"": ""band""}}",2d,muscle_extent,2^|S| * mean(y * product(coded +/-1 factors in S)),final_midline_turning_density,1,-24.915363984949238
"{""muscle_extent"": {""high"": ""full"", ""low"": ""band""}}",2d,muscle_extent,2^|S| * mean(y * product(coded +/-1 factors in S)),final_midline_x_reversal_fraction,1,-0.023750000000000004
"{""muscle_extent"": {""high"": ""full"", ""low"": ""band""}}",2d,muscle_extent,2^|S| * mean(y * product(coded +/-1 factors in S)),final_midline_y_range,1,-0.020923826942678872
"{""activation_sharing"": {""high"": ""shared"", ""low"": ""per_cell""}}",2d,activation_sharing,2^|S| * mean(y * product(coded +/-1 factors in S)),final_inverted_rest_measure_fraction,1,-0.018999999999999996
"{""activation_sharing"": {""high"": ""shared"", ""low"": ""per_cell""}}",2d,activation_sharing,2^|S| * mean(y * product(coded +/-1 factors in S)),peak_inverted_rest_measure_fraction,1,-0.020375000000000004
"{""activation_sharing"": {""high"": ""shared"", ""low"": ""per_cell""}}",2d,activation_sharing,2^|S| * mean(y * product(coded +/-1 factors in S)),final_detf_negative_detainv_negative_detg_positive_rest_measure_fraction,1,-0.011749999999999998
"{""activation_sharing"": {""high"": ""shared"", ""low"": ""per_cell""}}",2d,activation_sharing,2^|S| * mean(y * product(coded +/-1 factors in S)),peak_detf_negative_detainv_negative_detg_positive_rest_measure_fraction,1,-0.012812499999999996
"{""activation_sharing"": {""high"": ""shared"", ""low"": ""per_cell""}}",2d,activation_sharing,2^|S| * mean(y * product(coded +/-1 factors in S)),final_detf_negative_detainv_positive_detg_negative_rest_measure_fraction,1,-0.00725
"{""activation_sharing"": {""high"": ""shared"", ""low"": ""per_cell""}}",2d,activation_sharing,2^|S| * mean(y * product(coded +/-1 factors in S)),peak_detf_negative_detainv_positive_detg_negative_rest_measure_fraction,1,-0.009875000000000005
"{""activation_sharing"": {""high"": ""shared"", ""low"": ""per_cell""}}",2d,activation_sharing,2^|S| * mean(y * product(coded +/-1 factors in S)),trajectory_min_det_f,1,15.714887773592489
"{""activation_sharing"": {""high"": ""shared"", ""low"": ""per_cell""}}",2d,activation_sharing,2^|S| * mean(y * product(coded +/-1 factors in S)),final_target_rms,1,0.004601375578723442
"{""activation_sharing"": {""high"": ""shared"", ""low"": ""per_cell""}}",2d,activation_sharing,2^|S| * mean(y * product(coded +/-1 factors in S)),final_activation_rms,1,5.258076259685732
"{""activation_sharing"": {""high"": ""shared"", ""low"": ""per_cell""}}",2d,activation_sharing,2^|S| * mean(y * product(coded +/-1 factors in S)),final_activation_jump_rms,1,-0.7144253556725396
"{""activation_sharing"": {""high"": ""shared"", ""low"": ""per_cell""}}",2d,activation_sharing,2^|S| * mean(y * product(coded +/-1 factors in S)),final_midline_arc_length_ratio,1,-0.4217887022235822
"{""activation_sharing"": {""high"": ""shared"", ""low"": ""per_cell""}}",2d,activation_sharing,2^|S| * mean(y * product(coded +/-1 factors in S)),final_midline_turning_density,1,-36.46477573519943
"{""activation_sharing"": {""high"": ""shared"", ""low"": ""per_cell""}}",2d,activation_sharing,2^|S| * mean(y * product(coded +/-1 factors in S)),final_midline_x_reversal_fraction,1,-0.023750000000000004
"{""activation_sharing"": {""high"": ""shared"", ""low"": ""per_cell""}}",2d,activation_sharing,2^|S| * mean(y * product(coded +/-1 factors in S)),final_midline_y_range,1,-0.03700303642799438
"{""poisson"": {""high"": ""0.48999999999999999"", ""low"": ""0.34999999999999998""}}",2d,poisson,2^|S| * mean(y * product(coded +/-1 factors in S)),final_inverted_rest_measure_fraction,1,-0.015999999999999993
"{""poisson"": {""high"": ""0.48999999999999999"", ""low"": ""0.34999999999999998""}}",2d,poisson,2^|S| * mean(y * product(coded +/-1 factors in S)),peak_inverted_rest_measure_fraction,1,-0.018750000000000003
"{""poisson"": {""high"": ""0.48999999999999999"", ""low"": ""0.34999999999999998""}}",2d,poisson,2^|S| * mean(y * product(coded +/-1 factors in S)),final_detf_negative_detainv_negative_detg_positive_rest_measure_fraction,1,-0.008875
"{""poisson"": {""high"": ""0.48999999999999999"", ""low"": ""0.34999999999999998""}}",2d,poisson,2^|S| * mean(y * product(coded +/-1 factors in S)),peak_detf_negative_detainv_negative_detg_positive_rest_measure_fraction,1,-0.009812499999999997
"{""poisson"": {""high"": ""0.48999999999999999"", ""low"": ""0.34999999999999998""}}",2d,poisson,2^|S| * mean(y * product(coded +/-1 factors in S)),final_detf_negative_detainv_positive_detg_negative_rest_measure_fraction,1,-0.007125
"{""poisson"": {""high"": ""0.48999999999999999"", ""low"": ""0.34999999999999998""}}",2d,poisson,2^|S| * mean(y * product(coded +/-1 factors in S)),peak_detf_negative_detainv_positive_detg_negative_rest_measure_fraction,1,-0.010875000000000006
"{""poisson"": {""high"": ""0.48999999999999999"", ""low"": ""0.34999999999999998""}}",2d,poisson,2^|S| * mean(y * product(coded +/-1 factors in S)),trajectory_min_det_f,1,6.536933335894906
"{""poisson"": {""high"": ""0.48999999999999999"", ""low"": ""0.34999999999999998""}}",2d,poisson,2^|S| * mean(y * product(coded +/-1 factors in S)),final_target_rms,1,-0.0015118982602582926
"{""poisson"": {""high"": ""0.48999999999999999"", ""low"": ""0.34999999999999998""}}",2d,poisson,2^|S| * mean(y * product(coded +/-1 factors in S)),final_activation_rms,1,2.700233895831585
"{""poisson"": {""high"": ""0.48999999999999999"", ""low"": ""0.34999999999999998""}}",2d,poisson,2^|S| * mean(y * product(coded +/-1 factors in S)),final_activation_jump_rms,1,-0.5425538794686436
"{""poisson"": {""high"": ""0.48999999999999999"", ""low"": ""0.34999999999999998""}}",2d,poisson,2^|S| * mean(y * product(coded +/-1 factors in S)),final_midline_arc_length_ratio,1,-0.13075632591949166
"{""poisson"": {""high"": ""0.48999999999999999"", ""low"": ""0.34999999999999998""}}",2d,poisson,2^|S| * mean(y * product(coded +/-1 factors in S)),final_midline_turning_density,1,6.414273769491943
"{""poisson"": {""high"": ""0.48999999999999999"", ""low"": ""0.34999999999999998""}}",2d,poisson,2^|S| * mean(y * product(coded +/-1 factors in S)),final_midline_x_reversal_fraction,1,-0.013750000000000002
"{""poisson"": {""high"": ""0.48999999999999999"", ""low"": ""0.34999999999999998""}}",2d,poisson,2^|S| * mean(y * product(coded +/-1 factors in S)),final_midline_y_range,1,0.0028541254223263283
"{""geometry"": {""high"": ""short"", ""low"": ""long""}, ""muscle_extent"": {""high"": ""full"", ""low"": ""band""}}",2d,geometry:muscle_extent,2^|S| * mean(y * product(coded +/-1 factors in S)),final_inverted_rest_measure_fraction,2,-0.02249999999999999
"{""geometry"": {""high"": ""short"", ""low"": ""long""}, ""muscle_extent"": {""high"": ""full"", ""low"": ""band""}}",2d,geometry:muscle_extent,2^|S| * mean(y * product(coded +/-1 factors in S)),peak_inverted_rest_measure_fraction,2,-0.024750000000000008
"{""geometry"": {""high"": ""short"", ""low"": ""long""}, ""muscle_extent"": {""high"": ""full"", ""low"": ""band""}}",2d,geometry:muscle_extent,2^|S| * mean(y * product(coded +/-1 factors in S)),final_detf_negative_detainv_negative_detg_positive_rest_measure_fraction,2,-0.011999999999999999
"{""geometry"": {""high"": ""short"", ""low"": ""long""}, ""muscle_extent"": {""high"": ""full"", ""low"": ""band""}}",2d,geometry:muscle_extent,2^|S| * mean(y * product(coded +/-1 factors in S)),peak_detf_negative_detainv_negative_detg_positive_rest_measure_fraction,2,-0.012374999999999997
"{""geometry"": {""high"": ""short"", ""low"": ""long""}, ""muscle_extent"": {""high"": ""full"", ""low"": ""band""}}",2d,geometry:muscle_extent,2^|S| * mean(y * product(coded +/-1 factors in S)),final_detf_negative_detainv_positive_detg_negative_rest_measure_fraction,2,-0.0105
"{""geometry"": {""high"": ""short"", ""low"": ""long""}, ""muscle_extent"": {""high"": ""full"", ""low"": ""band""}}",2d,geometry:muscle_extent,2^|S| * mean(y * product(coded +/-1 factors in S)),peak_detf_negative_detainv_positive_detg_negative_rest_measure_fraction,2,-0.015500000000000007
"{""geometry"": {""high"": ""short"", ""low"": ""long""}, ""muscle_extent"": {""high"": ""full"", ""low"": ""band""}}",2d,geometry:muscle_extent,2^|S| * mean(y * product(coded +/-1 factors in S)),trajectory_min_det_f,2,13.346509588259934
"{""geometry"": {""high"": ""short"", ""low"": ""long""}, ""muscle_extent"": {""high"": ""full"", ""low"": ""band""}}",2d,geometry:muscle_extent,2^|S| * mean(y * product(coded +/-1 factors in S)),final_target_rms,2,-0.0018539930174211426
"{""geometry"": {""high"": ""short"", ""low"": ""long""}, ""muscle_extent"": {""high"": ""full"", ""low"": ""band""}}",2d,geometry:muscle_extent,2^|S| * mean(y * product(coded +/-1 factors in S)),final_activation_rms,2,0.9665871853570849
"{""geometry"": {""high"": ""short"", ""low"": ""long""}, ""muscle_extent"": {""high"": ""full"", ""low"": ""band""}}",2d,geometry:muscle_extent,2^|S| * mean(y * product(coded +/-1 factors in S)),final_activation_jump_rms,2,-1.0861814699419137
"{""geometry"": {""high"": ""short"", ""low"": ""long""}, ""muscle_extent"": {""high"": ""full"", ""low"": ""band""}}",2d,geometry:muscle_extent,2^|S| * mean(y * product(coded +/-1 factors in S)),final_midline_arc_length_ratio,2,-0.2924969552656781
"{""geometry"": {""high"": ""short"", ""low"": ""long""}, ""muscle_extent"": {""high"": ""full"", ""low"": ""band""}}",2d,geometry:muscle_extent,2^|S| * mean(y * product(coded +/-1 factors in S)),final_midline_turning_density,2,11.254493552710308
"{""geometry"": {""high"": ""short"", ""low"": ""long""}, ""muscle_extent"": {""high"": ""full"", ""low"": ""band""}}",2d,geometry:muscle_extent,2^|S| * mean(y * product(coded +/-1 factors in S)),final_midline_x_reversal_fraction,2,-0.0025000000000000005
"{""geometry"": {""high"": ""short"", ""low"": ""long""}, ""muscle_extent"": {""high"": ""full"", ""low"": ""band""}}",2d,geometry:muscle_extent,2^|S| * mean(y * product(coded +/-1 factors in S)),final_midline_y_range,2,0.0003606323328433081
"{""activation_sharing"": {""high"": ""shared"", ""low"": ""per_cell""}, ""geometry"": {""high"": ""short"", ""low"": ""long""}}",2d,geometry:activation_sharing,2^|S| * mean(y * product(coded +/-1 factors in S)),final_inverted_rest_measure_fraction,2,-0.02199999999999999
"{""activation_sharing"": {""high"": ""shared"", ""low"": ""per_cell""}, ""geometry"": {""high"": ""short"", ""low"": ""long""}}",2d,geometry:activation_sharing,2^|S| * mean(y * product(coded +/-1 factors in S)),peak_inverted_rest_measure_fraction,2,-0.024250000000000008
"{""activation_sharing"": {""high"": ""shared"", ""low"": ""per_cell""}, ""geometry"": {""high"": ""short"", ""low"": ""long""}}",2d,geometry:activation_sharing,2^|S| * mean(y * product(coded +/-1 factors in S)),final_detf_negative_detainv_negative_detg_positive_rest_measure_fraction,2,-0.011499999999999998
"{""activation_sharing"": {""high"": ""shared"", ""low"": ""per_cell""}, ""geometry"": {""high"": ""short"", ""low"": ""long""}}",2d,geometry:activation_sharing,2^|S| * mean(y * product(coded +/-1 factors in S)),peak_detf_negative_detainv_negative_detg_positive_rest_measure_fraction,2,-0.011874999999999997
"{""activation_sharing"": {""high"": ""shared"", ""low"": ""per_cell""}, ""geometry"": {""high"": ""short"", ""low"": ""long""}}",2d,geometry:activation_sharing,2^|S| * mean(y * product(coded +/-1 factors in S)),final_detf_negative_detainv_positive_detg_negative_rest_measure_fraction,2,-0.0105
"{""activation_sharing"": {""high"": ""shared"", ""low"": ""per_cell""}, ""geometry"": {""high"": ""short"", ""low"": ""long""}}",2d,geometry:activation_sharing,2^|S| * mean(y * product(coded +/-1 factors in S)),peak_detf_negative_detainv_positive_detg_negative_rest_measure_fraction,2,-0.015250000000000007
"{""activation_sharing"": {""high"": ""shared"", ""low"": ""per_cell""}, ""geometry"": {""high"": ""short"", ""low"": ""long""}}",2d,geometry:activation_sharing,2^|S| * mean(y * product(coded +/-1 factors in S)),trajectory_min_det_f,2,11.873090483557787
"{""activation_sharing"": {""high"": ""shared"", ""low"": ""per_cell""}, ""geometry"": {""high"": ""short"", ""low"": ""long""}}",2d,geometry:activation_sharing,2^|S| * mean(y * product(coded +/-1 factors in S)),final_target_rms,2,0.0049132021486376996
"{""activation_sharing"": {""high"": ""shared"", ""low"": ""per_cell""}, ""geometry"": {""high"": ""short"", ""low"": ""long""}}",2d,geometry:activation_sharing,2^|S| * mean(y * product(coded +/-1 factors in S)),final_activation_rms,2,-12.02686611478715
"{""activation_sharing"": {""high"": ""shared"", ""low"": ""per_cell""}, ""geometry"": {""high"": ""short"", ""low"": ""long""}}",2d,geometry:activation_sharing,2^|S| * mean(y * product(coded +/-1 factors in S)),final_activation_jump_rms,2,-1.065915701988768
"{""activation_sharing"": {""high"": ""shared"", ""low"": ""per_cell""}, ""geometry"": {""high"": ""short"", ""low"": ""long""}}",2d,geometry:activation_sharing,2^|S| * mean(y * product(coded +/-1 factors in S)),final_midline_arc_length_ratio,2,-0.34845339141235343
"{""activation_sharing"": {""high"": ""shared"", ""low"": ""per_cell""}, ""geometry"": {""high"": ""short"", ""low"": ""long""}}",2d,geometry:activation_sharing,2^|S| * mean(y * product(coded +/-1 factors in S)),final_midline_turning_density,2,2.851041313695096
"{""activation_sharing"": {""high"": ""shared"", ""low"": ""per_cell""}, ""geometry"": {""high"": ""short"", ""low"": ""long""}}",2d,geometry:activation_sharing,2^|S| * mean(y * product(coded +/-1 factors in S)),final_midline_x_reversal_fraction,2,-0.0025000000000000005
"{""activation_sharing"": {""high"": ""shared"", ""low"": ""per_cell""}, ""geometry"": {""high"": ""short"", ""low"": ""long""}}",2d,geometry:activation_sharing,2^|S| * mean(y * product(coded +/-1 factors in S)),final_midline_y_range,2,0.014241227914507909
"{""geometry"": {""high"": ""short"", ""low"": ""long""}, ""poisson"": {""high"": ""0.48999999999999999"", ""low"": ""0.34999999999999998""}}",2d,geometry:poisson,2^|S| * mean(y * product(coded +/-1 factors in S)),final_inverted_rest_measure_fraction,2,-0.02299999999999999
"{""geometry"": {""high"": ""short"", ""low"": ""long""}, ""poisson"": {""high"": ""0.48999999999999999"", ""low"": ""0.34999999999999998""}}",2d,geometry:poisson,2^|S| * mean(y * product(coded +/-1 factors in S)),peak_inverted_rest_measure_fraction,2,-0.02750000000000001
"{""geometry"": {""high"": ""short"", ""low"": ""long""}, ""poisson"": {""high"": ""0.48999999999999999"", ""low"": ""0.34999999999999998""}}",2d,geometry:poisson,2^|S| * mean(y * product(coded +/-1 factors in S)),final_detf_negative_detainv_negative_detg_positive_rest_measure_fraction,2,-0.012249999999999999
"{""geometry"": {""high"": ""short"", ""low"": ""long""}, ""poisson"": {""high"": ""0.48999999999999999"", ""low"": ""0.34999999999999998""}}",2d,geometry:poisson,2^|S| * mean(y * product(coded +/-1 factors in S)),peak_detf_negative_detainv_negative_detg_positive_rest_measure_fraction,2,-0.012874999999999998
"{""geometry"": {""high"": ""short"", ""low"": ""long""}, ""poisson"": {""high"": ""0.48999999999999999"", ""low"": ""0.34999999999999998""}}",2d,geometry:poisson,2^|S| * mean(y * product(coded +/-1 factors in S)),final_detf_negative_detainv_positive_detg_negative_rest_measure_fraction,2,-0.010750000000000001
"{""geometry"": {""high"": ""short"", ""low"": ""long""}, ""poisson"": {""high"": ""0.48999999999999999"", ""low"": ""0.34999999999999998""}}",2d,geometry:poisson,2^|S| * mean(y * product(coded +/-1 factors in S)),peak_detf_negative_detainv_positive_detg_negative_rest_measure_fraction,2,-0.01825000000000001
"{""geometry"": {""high"": ""short"", ""low"": ""long""}, ""poisson"": {""high"": ""0.48999999999999999"", ""low"": ""0.34999999999999998""}}",2d,geometry:poisson,2^|S| * mean(y * product(coded +/-1 factors in S)),trajectory_min_det_f,2,19.54398708808027
"{""geometry"": {""high"": ""short"", ""low"": ""long""}, ""poisson"": {""high"": ""0.48999999999999999"", ""low"": ""0.34999999999999998""}}",2d,geometry:poisson,2^|S| * mean(y * product(coded +/-1 factors in S)),final_target_rms,2,-0.0035486386169321232
"{""geometry"": {""high"": ""short"", ""low"": ""long""}, ""poisson"": {""high"": ""0.48999999999999999"", ""low"": ""0.34999999999999998""}}",2d,geometry:poisson,2^|S| * mean(y * product(coded +/-1 factors in S)),final_activation_rms,2,-7.443709422159403
"{""geometry"": {""high"": ""short"", ""low"": ""long""}, ""poisson"": {""high"": ""0.48999999999999999"", ""low"": ""0.34999999999999998""}}",2d,geometry:poisson,2^|S| * mean(y * product(coded +/-1 factors in S)),final_activation_jump_rms,2,-1.0946519631470264
"{""geometry"": {""high"": ""short"", ""low"": ""long""}, ""poisson"": {""high"": ""0.48999999999999999"", ""low"": ""0.34999999999999998""}}",2d,geometry:poisson,2^|S| * mean(y * product(coded +/-1 factors in S)),final_midline_arc_length_ratio,2,-0.3119622551570769
"{""geometry"": {""high"": ""short"", ""low"": ""long""}, ""poisson"": {""high"": ""0.48999999999999999"", ""low"": ""0.34999999999999998""}}",2d,geometry:poisson,2^|S| * mean(y * product(coded +/-1 factors in S)),final_midline_turning_density,2,-0.4690291668916924
"{""geometry"": {""high"": ""short"", ""low"": ""long""}, ""poisson"": {""high"": ""0.48999999999999999"", ""low"": ""0.34999999999999998""}}",2d,geometry:poisson,2^|S| * mean(y * product(coded +/-1 factors in S)),final_midline_x_reversal_fraction,2,-0.0225
"{""geometry"": {""high"": ""short"", ""low"": ""long""}, ""poisson"": {""high"": ""0.48999999999999999"", ""low"": ""0.34999999999999998""}}",2d,geometry:poisson,2^|S| * mean(y * product(coded +/-1 factors in S)),final_midline_y_range,2,-0.005230893625848908
"{""activation_sharing"": {""high"": ""shared"", ""low"": ""per_cell""}, ""muscle_extent"": {""high"": ""full"", ""low"": ""band""}}",2d,muscle_extent:activation_sharing,2^|S| * mean(y * product(coded +/-1 factors in S)),final_inverted_rest_measure_fraction,2,0.03749999999999999
"{""activation_sharing"": {""high"": ""shared"", ""low"": ""per_cell""}, ""muscle_extent"": {""high"": ""full"", ""low"": ""band""}}",2d,muscle_extent:activation_sharing,2^|S| * mean(y * product(coded +/-1 factors in S)),peak_inverted_rest_measure_fraction,2,0.04300000000000001
"{""activation_sharing"": {""high"": ""shared"", ""low"": ""per_cell""}, ""muscle_extent"": {""high"": ""full"", ""low"": ""band""}}",2d,muscle_extent:activation_sharing,2^|S| * mean(y * product(coded +/-1 factors in S)),final_detf_negative_detainv_negative_detg_positive_rest_measure_fraction,2,0.022999999999999996
"{""activation_sharing"": {""high"": ""shared"", ""low"": ""per_cell""}, ""muscle_extent"": {""high"": ""full"", ""low"": ""band""}}",2d,muscle_extent:activation_sharing,2^|S| * mean(y * product(coded +/-1 factors in S)),peak_detf_negative_detainv_negative_detg_positive_rest_measure_fraction,2,0.02512499999999999
"{""activation_sharing"": {""high"": ""shared"", ""low"": ""per_cell""}, ""muscle_extent"": {""high"": ""full"", ""low"": ""band""}}",2d,muscle_extent:activation_sharing,2^|S| * mean(y * product(coded +/-1 factors in S)),final_detf_negative_detainv_positive_detg_negative_rest_measure_fraction,2,0.0145
"{""activation_sharing"": {""high"": ""shared"", ""low"": ""per_cell""}, ""muscle_extent"": {""high"": ""full"", ""low"": ""band""}}",2d,muscle_extent:activation_sharing,2^|S| * mean(y * product(coded +/-1 factors in S)),peak_detf_negative_detainv_positive_detg_negative_rest_measure_fraction,2,0.022250000000000013
"{""activation_sharing"": {""high"": ""shared"", ""low"": ""per_cell""}, ""muscle_extent"": {""high"": ""full"", ""low"": ""band""}}",2d,muscle_extent:activation_sharing,2^|S| * mean(y * product(coded +/-1 factors in S)),trajectory_min_det_f,2,-30.639372339419
"{""activation_sharing"": {""high"": ""shared"", ""low"": ""per_cell""}, ""muscle_extent"": {""high"": ""full"", ""low"": ""band""}}",2d,muscle_extent:activation_sharing,2^|S| * mean(y * product(coded +/-1 factors in S)),final_target_rms,2,-0.0031878901719763113
"{""activation_sharing"": {""high"": ""shared"", ""low"": ""per_cell""}, ""muscle_extent"": {""high"": ""full"", ""low"": ""band""}}",2d,muscle_extent:activation_sharing,2^|S| * mean(y * product(coded +/-1 factors in S)),final_activation_rms,2,-0.7685652406585488
"{""activation_sharing"": {""high"": ""shared"", ""low"": ""per_cell""}, ""muscle_extent"": {""high"": ""full"", ""low"": ""band""}}",2d,muscle_extent:activation_sharing,2^|S| * mean(y * product(coded +/-1 factors in S)),final_activation_jump_rms,2,1.228679004996916
"{""activation_sharing"": {""high"": ""shared"", ""low"": ""per_cell""}, ""muscle_extent"": {""high"": ""full"", ""low"": ""band""}}",2d,muscle_extent:activation_sharing,2^|S| * mean(y * product(coded +/-1 factors in S)),final_midline_arc_length_ratio,2,0.7206818398695161
"{""activation_sharing"": {""high"": ""shared"", ""low"": ""per_cell""}, ""muscle_extent"": {""high"": ""full"", ""low"": ""band""}}",2d,muscle_extent:activation_sharing,2^|S| * mean(y * product(coded +/-1 factors in S)),final_midline_turning_density,2,42.82878578493337
"{""activation_sharing"": {""high"": ""shared"", ""low"": ""per_cell""}, ""muscle_extent"": {""high"": ""full"", ""low"": ""band""}}",2d,muscle_extent:activation_sharing,2^|S| * mean(y * product(coded +/-1 factors in S)),final_midline_x_reversal_fraction,2,0.04750000000000001
"{""activation_sharing"": {""high"": ""shared"", ""low"": ""per_cell""}, ""muscle_extent"": {""high"": ""full"", ""low"": ""band""}}",2d,muscle_extent:activation_sharing,2^|S| * mean(y * product(coded +/-1 factors in S)),final_midline_y_range,2,0.02842809132857039
"{""muscle_extent"": {""high"": ""full"", ""low"": ""band""}, ""poisson"": {""high"": ""0.48999999999999999"", ""low"": ""0.34999999999999998""}}",2d,muscle_extent:poisson,2^|S| * mean(y * product(coded +/-1 factors in S)),final_inverted_rest_measure_fraction,2,0.031499999999999986
"{""muscle_extent"": {""high"": ""full"", ""low"": ""band""}, ""poisson"": {""high"": ""0.48999999999999999"", ""low"": ""0.34999999999999998""}}",2d,muscle_extent:poisson,2^|S| * mean(y * product(coded +/-1 factors in S)),peak_inverted_rest_measure_fraction,2,0.03425
"{""muscle_extent"": {""high"": ""full"", ""low"": ""band""}, ""poisson"": {""high"": ""0.48999999999999999"", ""low"": ""0.34999999999999998""}}",2d,muscle_extent:poisson,2^|S| * mean(y * product(coded +/-1 factors in S)),final_detf_negative_detainv_negative_detg_positive_rest_measure_fraction,2,0.017249999999999998
"{""muscle_extent"": {""high"": ""full"", ""low"": ""band""}, ""poisson"": {""high"": ""0.48999999999999999"", ""low"": ""0.34999999999999998""}}",2d,muscle_extent:poisson,2^|S| * mean(y * product(coded +/-1 factors in S)),peak_detf_negative_detainv_negative_detg_positive_rest_measure_fraction,2,0.019124999999999993
"{""muscle_extent"": {""high"": ""full"", ""low"": ""band""}, ""poisson"": {""high"": ""0.48999999999999999"", ""low"": ""0.34999999999999998""}}",2d,muscle_extent:poisson,2^|S| * mean(y * product(coded +/-1 factors in S)),final_detf_negative_detainv_positive_detg_negative_rest_measure_fraction,2,0.01425
"{""muscle_extent"": {""high"": ""full"", ""low"": ""band""}, ""poisson"": {""high"": ""0.48999999999999999"", ""low"": ""0.34999999999999998""}}",2d,muscle_extent:poisson,2^|S| * mean(y * product(coded +/-1 factors in S)),peak_detf_negative_detainv_positive_detg_negative_rest_measure_fraction,2,0.01875000000000001
"{""muscle_extent"": {""high"": ""full"", ""low"": ""band""}, ""poisson"": {""high"": ""0.48999999999999999"", ""low"": ""0.34999999999999998""}}",2d,muscle_extent:poisson,2^|S| * mean(y * product(coded +/-1 factors in S)),trajectory_min_det_f,2,-10.567611268803361
"{""muscle_extent"": {""high"": ""full"", ""low"": ""band""}, ""poisson"": {""high"": ""0.48999999999999999"", ""low"": ""0.34999999999999998""}}",2d,muscle_extent:poisson,2^|S| * mean(y * product(coded +/-1 factors in S)),final_target_rms,2,0.0008758686047252763
"{""muscle_extent"": {""high"": ""full"", ""low"": ""band""}, ""poisson"": {""high"": ""0.48999999999999999"", ""low"": ""0.34999999999999998""}}",2d,muscle_extent:poisson,2^|S| * mean(y * product(coded +/-1 factors in S)),final_activation_rms,2,-0.10641153252185376
"{""muscle_extent"": {""high"": ""full"", ""low"": ""band""}, ""poisson"": {""high"": ""0.48999999999999999"", ""low"": ""0.34999999999999998""}}",2d,muscle_extent:poisson,2^|S| * mean(y * product(coded +/-1 factors in S)),final_activation_jump_rms,2,1.0961245062601004
"{""muscle_extent"": {""high"": ""full"", ""low"": ""band""}, ""poisson"": {""high"": ""0.48999999999999999"", ""low"": ""0.34999999999999998""}}",2d,muscle_extent:poisson,2^|S| * mean(y * product(coded +/-1 factors in S)),final_midline_arc_length_ratio,2,0.35941724276262754
"{""muscle_extent"": {""high"": ""full"", ""low"": ""band""}, ""poisson"": {""high"": ""0.48999999999999999"", ""low"": ""0.34999999999999998""}}",2d,muscle_extent:poisson,2^|S| * mean(y * product(coded +/-1 factors in S)),final_midline_turning_density,2,10.555718090292965
"{""muscle_extent"": {""high"": ""full"", ""low"": ""band""}, ""poisson"": {""high"": ""0.48999999999999999"", ""low"": ""0.34999999999999998""}}",2d,muscle_extent:poisson,2^|S| * mean(y * product(coded +/-1 factors in S)),final_midline_x_reversal_fraction,2,0.027500000000000004
"{""muscle_extent"": {""high"": ""full"", ""low"": ""band""}, ""poisson"": {""high"": ""0.48999999999999999"", ""low"": ""0.34999999999999998""}}",2d,muscle_extent:poisson,2^|S| * mean(y * product(coded +/-1 factors in S)),final_midline_y_range,2,0.012786599790855073
"{""activation_sharing"": {""high"": ""shared"", ""low"": ""per_cell""}, ""poisson"": {""high"": ""0.48999999999999999"", ""low"": ""0.34999999999999998""}}",2d,activation_sharing:poisson,2^|S| * mean(y * product(coded +/-1 factors in S)),final_inverted_rest_measure_fraction,2,0.03199999999999999
"{""activation_sharing"": {""high"": ""shared"", ""low"": ""per_cell""}, ""poisson"": {""high"": ""0.48999999999999999"", ""low"": ""0.34999999999999998""}}",2d,activation_sharing:poisson,2^|S| * mean(y * product(coded +/-1 factors in S)),peak_inverted_rest_measure_fraction,2,0.03475
"{""activation_sharing"": {""high"": ""shared"", ""low"": ""per_cell""}, ""poisson"": {""high"": ""0.48999999999999999"", ""low"": ""0.34999999999999998""}}",2d,activation_sharing:poisson,2^|S| * mean(y * product(coded +/-1 factors in S)),final_detf_negative_detainv_negative_detg_positive_rest_measure_fraction,2,0.01775
"{""activation_sharing"": {""high"": ""shared"", ""low"": ""per_cell""}, ""poisson"": {""high"": ""0.48999999999999999"", ""low"": ""0.34999999999999998""}}",2d,activation_sharing:poisson,2^|S| * mean(y * product(coded +/-1 factors in S)),peak_detf_negative_detainv_negative_detg_positive_rest_measure_fraction,2,0.019624999999999993
"{""activation_sharing"": {""high"": ""shared"", ""low"": ""per_cell""}, ""poisson"": {""high"": ""0.48999999999999999"", ""low"": ""0.34999999999999998""}}",2d,activation_sharing:poisson,2^|S| * mean(y * product(coded +/-1 factors in S)),final_detf_negative_detainv_positive_detg_negative_rest_measure_fraction,2,0.01425
"{""activation_sharing"": {""high"": ""shared"", ""low"": ""per_cell""}, ""poisson"": {""high"": ""0.48999999999999999"", ""low"": ""0.34999999999999998""}}",2d,activation_sharing:poisson,2^|S| * mean(y * product(coded +/-1 factors in S)),peak_detf_negative_detainv_positive_detg_negative_rest_measure_fraction,2,0.01900000000000001
"{""activation_sharing"": {""high"": ""shared"", ""low"": ""per_cell""}, ""poisson"": {""high"": ""0.48999999999999999"", ""low"": ""0.34999999999999998""}}",2d,activation_sharing:poisson,2^|S| * mean(y * product(coded +/-1 factors in S)),trajectory_min_det_f,2,-11.620342674957188
"{""activation_sharing"": {""high"": ""shared"", ""low"": ""per_cell""}, ""poisson"": {""high"": ""0.48999999999999999"", ""low"": ""0.34999999999999998""}}",2d,activation_sharing:poisson,2^|S| * mean(y * product(coded +/-1 factors in S)),final_target_rms,2,-0.00479978437204281
"{""activation_sharing"": {""high"": ""shared"", ""low"": ""per_cell""}, ""poisson"": {""high"": ""0.48999999999999999"", ""low"": ""0.34999999999999998""}}",2d,activation_sharing:poisson,2^|S| * mean(y * product(coded +/-1 factors in S)),final_activation_rms,2,7.5209294463025795
"{""activation_sharing"": {""high"": ""shared"", ""low"": ""per_cell""}, ""poisson"": {""high"": ""0.48999999999999999"", ""low"": ""0.34999999999999998""}}",2d,activation_sharing:poisson,2^|S| * mean(y * product(coded +/-1 factors in S)),final_activation_jump_rms,2,1.0851077589372873
"{""activation_sharing"": {""high"": ""shared"", ""low"": ""per_cell""}, ""poisson"": {""high"": ""0.48999999999999999"", ""low"": ""0.34999999999999998""}}",2d,activation_sharing:poisson,2^|S| * mean(y * product(coded +/-1 factors in S)),final_midline_arc_length_ratio,2,0.4024072811902487
"{""activation_sharing"": {""high"": ""shared"", ""low"": ""per_cell""}, ""poisson"": {""high"": ""0.48999999999999999"", ""low"": ""0.34999999999999998""}}",2d,activation_sharing:poisson,2^|S| * mean(y * product(coded +/-1 factors in S)),final_midline_turning_density,2,0.7525237054102956
"{""activation_sharing"": {""high"": ""shared"", ""low"": ""per_cell""}, ""poisson"": {""high"": ""0.48999999999999999"", ""low"": ""0.34999999999999998""}}",2d,activation_sharing:poisson,2^|S| * mean(y * product(coded +/-1 factors in S)),final_midline_x_reversal_fraction,2,0.027500000000000004
"{""activation_sharing"": {""high"": ""shared"", ""low"": ""per_cell""}, ""poisson"": {""high"": ""0.48999999999999999"", ""low"": ""0.34999999999999998""}}",2d,activation_sharing:poisson,2^|S| * mean(y * product(coded +/-1 factors in S)),final_midline_y_range,2,0.01590587343084579
"{""activation_sharing"": {""high"": ""shared"", ""low"": ""per_cell""}, ""geometry"": {""high"": ""short"", ""low"": ""long""}, ""muscle_extent"": {""high"": ""full"", ""low"": ""band""}}",2d,geometry:muscle_extent:activation_sharing,2^|S| * mean(y * product(coded +/-1 factors in S)),final_inverted_rest_measure_fraction,3,0.04499999999999998
"{""activation_sharing"": {""high"": ""shared"", ""low"": ""per_cell""}, ""geometry"": {""high"": ""short"", ""low"": ""long""}, ""muscle_extent"": {""high"": ""full"", ""low"": ""band""}}",2d,geometry:muscle_extent:activation_sharing,2^|S| * mean(y * product(coded +/-1 factors in S)),peak_inverted_rest_measure_fraction,3,0.05400000000000002
"{""activation_sharing"": {""high"": ""shared"", ""low"": ""per_cell""}, ""geometry"": {""high"": ""short"", ""low"": ""long""}, ""muscle_extent"": {""high"": ""full"", ""low"": ""band""}}",2d,geometry:muscle_extent:activation_sharing,2^|S| * mean(y * product(coded +/-1 factors in S)),final_detf_negative_detainv_negative_detg_positive_rest_measure_fraction,3,0.023999999999999997
"{""activation_sharing"": {""high"": ""shared"", ""low"": ""per_cell""}, ""geometry"": {""high"": ""short"", ""low"": ""long""}, ""muscle_extent"": {""high"": ""full"", ""low"": ""band""}}",2d,geometry:muscle_extent:activation_sharing,2^|S| * mean(y * product(coded +/-1 factors in S)),peak_detf_negative_detainv_negative_detg_positive_rest_measure_fraction,3,0.024749999999999994
"{""activation_sharing"": {""high"": ""shared"", ""low"": ""per_cell""}, ""geometry"": {""high"": ""short"", ""low"": ""long""}, ""muscle_extent"": {""high"": ""full"", ""low"": ""band""}}",2d,geometry:muscle_extent:activation_sharing,2^|S| * mean(y * product(coded +/-1 factors in S)),final_detf_negative_detainv_positive_detg_negative_rest_measure_fraction,3,0.021
"{""activation_sharing"": {""high"": ""shared"", ""low"": ""per_cell""}, ""geometry"": {""high"": ""short"", ""low"": ""long""}, ""muscle_extent"": {""high"": ""full"", ""low"": ""band""}}",2d,geometry:muscle_extent:activation_sharing,2^|S| * mean(y * product(coded +/-1 factors in S)),peak_detf_negative_detainv_positive_detg_negative_rest_measure_fraction,3,0.03550000000000002
"{""activation_sharing"": {""high"": ""shared"", ""low"": ""per_cell""}, ""geometry"": {""high"": ""short"", ""low"": ""long""}, ""muscle_extent"": {""high"": ""full"", ""low"": ""band""}}",2d,geometry:muscle_extent:activation_sharing,2^|S| * mean(y * product(coded +/-1 factors in S)),trajectory_min_det_f,3,-27.45742063639724
"{""activation_sharing"": {""high"": ""shared"", ""low"": ""per_cell""}, ""geometry"": {""high"": ""short"", ""low"": ""long""}, ""muscle_extent"": {""high"": ""full"", ""low"": ""band""}}",2d,geometry:muscle_extent:activation_sharing,2^|S| * mean(y * product(coded +/-1 factors in S)),final_target_rms,3,-0.0013913881710639585
"{""activation_sharing"": {""high"": ""shared"", ""low"": ""per_cell""}, ""geometry"": {""high"": ""short"", ""low"": ""long""}, ""muscle_extent"": {""high"": ""full"", ""low"": ""band""}}",2d,geometry:muscle_extent:activation_sharing,2^|S| * mean(y * product(coded +/-1 factors in S)),final_activation_rms,3,5.695265735019593
"{""activation_sharing"": {""high"": ""shared"", ""low"": ""per_cell""}, ""geometry"": {""high"": ""short"", ""low"": ""long""}, ""muscle_extent"": {""high"": ""full"", ""low"": ""band""}}",2d,geometry:muscle_extent:activation_sharing,2^|S| * mean(y * product(coded +/-1 factors in S)),final_activation_jump_rms,3,2.1723629398838273
"{""activation_sharing"": {""high"": ""shared"", ""low"": ""per_cell""}, ""geometry"": {""high"": ""short"", ""low"": ""long""}, ""muscle_extent"": {""high"": ""full"", ""low"": ""band""}}",2d,geometry:muscle_extent:activation_sharing,2^|S| * mean(y * product(coded +/-1 factors in S)),final_midline_arc_length_ratio,3,0.5209971472247503
"{""activation_sharing"": {""high"": ""shared"", ""low"": ""per_cell""}, ""geometry"": {""high"": ""short"", ""low"": ""long""}, ""muscle_extent"": {""high"": ""full"", ""low"": ""band""}}",2d,geometry:muscle_extent:activation_sharing,2^|S| * mean(y * product(coded +/-1 factors in S)),final_midline_turning_density,3,-36.32631891877559
"{""activation_sharing"": {""high"": ""shared"", ""low"": ""per_cell""}, ""geometry"": {""high"": ""short"", ""low"": ""long""}, ""muscle_extent"": {""high"": ""full"", ""low"": ""band""}}",2d,geometry:muscle_extent:activation_sharing,2^|S| * mean(y * product(coded +/-1 factors in S)),final_midline_x_reversal_fraction,3,0.005000000000000001
"{""activation_sharing"": {""high"": ""shared"", ""low"": ""per_cell""}, ""geometry"": {""high"": ""short"", ""low"": ""long""}, ""muscle_extent"": {""high"": ""full"", ""low"": ""band""}}",2d,geometry:muscle_extent:activation_sharing,2^|S| * mean(y * product(coded +/-1 factors in S)),final_midline_y_range,3,0.0016780832478472882
"{""geometry"": {""high"": ""short"", ""low"": ""long""}, ""muscle_extent"": {""high"": ""full"", ""low"": ""band""}, ""poisson"": {""high"": ""0.48999999999999999"", ""low"": ""0.34999999999999998""}}",2d,geometry:muscle_extent:poisson,2^|S| * mean(y * product(coded +/-1 factors in S)),final_inverted_rest_measure_fraction,3,0.04699999999999998
"{""geometry"": {""high"": ""short"", ""low"": ""long""}, ""muscle_extent"": {""high"": ""full"", ""low"": ""band""}, ""poisson"": {""high"": ""0.48999999999999999"", ""low"": ""0.34999999999999998""}}",2d,geometry:muscle_extent:poisson,2^|S| * mean(y * product(coded +/-1 factors in S)),peak_inverted_rest_measure_fraction,3,0.05150000000000002
"{""geometry"": {""high"": ""short"", ""low"": ""long""}, ""muscle_extent"": {""high"": ""full"", ""low"": ""band""}, ""poisson"": {""high"": ""0.48999999999999999"", ""low"": ""0.34999999999999998""}}",2d,geometry:muscle_extent:poisson,2^|S| * mean(y * product(coded +/-1 factors in S)),final_detf_negative_detainv_negative_detg_positive_rest_measure_fraction,3,0.0255
"{""geometry"": {""high"": ""short"", ""low"": ""long""}, ""muscle_extent"": {""high"": ""full"", ""low"": ""band""}, ""poisson"": {""high"": ""0.48999999999999999"", ""low"": ""0.34999999999999998""}}",2d,geometry:muscle_extent:poisson,2^|S| * mean(y * product(coded +/-1 factors in S)),peak_detf_negative_detainv_negative_detg_positive_rest_measure_fraction,3,0.026749999999999996
"{""geometry"": {""high"": ""short"", ""low"": ""long""}, ""muscle_extent"": {""high"": ""full"", ""low"": ""band""}, ""poisson"": {""high"": ""0.48999999999999999"", ""low"": ""0.34999999999999998""}}",2d,geometry:muscle_extent:poisson,2^|S| * mean(y * product(coded +/-1 factors in S)),final_detf_negative_detainv_positive_detg_negative_rest_measure_fraction,3,0.021500000000000002
"{""geometry"": {""high"": ""short"", ""low"": ""long""}, ""muscle_extent"": {""high"": ""full"", ""low"": ""band""}, ""poisson"": {""high"": ""0.48999999999999999"", ""low"": ""0.34999999999999998""}}",2d,geometry:muscle_extent:poisson,2^|S| * mean(y * product(coded +/-1 factors in S)),peak_detf_negative_detainv_positive_detg_negative_rest_measure_fraction,3,0.032500000000000015
"{""geometry"": {""high"": ""short"", ""low"": ""long""}, ""muscle_extent"": {""high"": ""full"", ""low"": ""band""}, ""poisson"": {""high"": ""0.48999999999999999"", ""low"": ""0.34999999999999998""}}",2d,geometry:muscle_extent:poisson,2^|S| * mean(y * product(coded +/-1 factors in S)),trajectory_min_det_f,3,-40.814955938628586
"{""geometry"": {""high"": ""short"", ""low"": ""long""}, ""muscle_extent"": {""high"": ""full"", ""low"": ""band""}, ""poisson"": {""high"": ""0.48999999999999999"", ""low"": ""0.34999999999999998""}}",2d,geometry:muscle_extent:poisson,2^|S| * mean(y * product(coded +/-1 factors in S)),final_target_rms,3,0.0028018747776901074
"{""geometry"": {""high"": ""short"", ""low"": ""long""}, ""muscle_extent"": {""high"": ""full"", ""low"": ""band""}, ""poisson"": {""high"": ""0.48999999999999999"", ""low"": ""0.34999999999999998""}}",2d,geometry:muscle_extent:poisson,2^|S| * mean(y * product(coded +/-1 factors in S)),final_activation_rms,3,3.9417678291102867
"{""geometry"": {""high"": ""short"", ""low"": ""long""}, ""muscle_extent"": {""high"": ""full"", ""low"": ""band""}, ""poisson"": {""high"": ""0.48999999999999999"", ""low"": ""0.34999999999999998""}}",2d,geometry:muscle_extent:poisson,2^|S| * mean(y * product(coded +/-1 factors in S)),final_activation_jump_rms,3,2.1880829492720055
"{""geometry"": {""high"": ""short"", ""low"": ""long""}, ""muscle_extent"": {""high"": ""full"", ""low"": ""band""}, ""poisson"": {""high"": ""0.48999999999999999"", ""low"": ""0.34999999999999998""}}",2d,geometry:muscle_extent:poisson,2^|S| * mean(y * product(coded +/-1 factors in S)),final_midline_arc_length_ratio,3,0.7716737221989214
"{""geometry"": {""high"": ""short"", ""low"": ""long""}, ""muscle_extent"": {""high"": ""full"", ""low"": ""band""}, ""poisson"": {""high"": ""0.48999999999999999"", ""low"": ""0.34999999999999998""}}",2d,geometry:muscle_extent:poisson,2^|S| * mean(y * product(coded +/-1 factors in S)),final_midline_turning_density,3,36.7214108569617
"{""geometry"": {""high"": ""short"", ""low"": ""long""}, ""muscle_extent"": {""high"": ""full"", ""low"": ""band""}, ""poisson"": {""high"": ""0.48999999999999999"", ""low"": ""0.34999999999999998""}}",2d,geometry:muscle_extent:poisson,2^|S| * mean(y * product(coded +/-1 factors in S)),final_midline_x_reversal_fraction,3,0.045
"{""geometry"": {""high"": ""short"", ""low"": ""long""}, ""muscle_extent"": {""high"": ""full"", ""low"": ""band""}, ""poisson"": {""high"": ""0.48999999999999999"", ""low"": ""0.34999999999999998""}}",2d,geometry:muscle_extent:poisson,2^|S| * mean(y * product(coded +/-1 factors in S)),final_midline_y_range,3,0.020507021400707655
"{""activation_sharing"": {""high"": ""shared"", ""low"": ""per_cell""}, ""geometry"": {""high"": ""short"", ""low"": ""long""}, ""poisson"": {""high"": ""0.48999999999999999"", ""low"": ""0.34999999999999998""}}",2d,geometry:activation_sharing:poisson,2^|S| * mean(y * product(coded +/-1 factors in S)),final_inverted_rest_measure_fraction,3,0.04599999999999998
"{""activation_sharing"": {""high"": ""shared"", ""low"": ""per_cell""}, ""geometry"": {""high"": ""short"", ""low"": ""long""}, ""poisson"": {""high"": ""0.48999999999999999"", ""low"": ""0.34999999999999998""}}",2d,geometry:activation_sharing:poisson,2^|S| * mean(y * product(coded +/-1 factors in S)),peak_inverted_rest_measure_fraction,3,0.05050000000000002
"{""activation_sharing"": {""high"": ""shared"", ""low"": ""per_cell""}, ""geometry"": {""high"": ""short"", ""low"": ""long""}, ""poisson"": {""high"": ""0.48999999999999999"", ""low"": ""0.34999999999999998""}}",2d,geometry:activation_sharing:poisson,2^|S| * mean(y * product(coded +/-1 factors in S)),final_detf_negative_detainv_negative_detg_positive_rest_measure_fraction,3,0.024499999999999997
"{""activation_sharing"": {""high"": ""shared"", ""low"": ""per_cell""}, ""geometry"": {""high"": ""short"", ""low"": ""long""}, ""poisson"": {""high"": ""0.48999999999999999"", ""low"": ""0.34999999999999998""}}",2d,geometry:activation_sharing:poisson,2^|S| * mean(y * product(coded +/-1 factors in S)),peak_detf_negative_detainv_negative_detg_positive_rest_measure_fraction,3,0.025749999999999995
"{""activation_sharing"": {""high"": ""shared"", ""low"": ""per_cell""}, ""geometry"": {""high"": ""short"", ""low"": ""long""}, ""poisson"": {""high"": ""0.48999999999999999"", ""low"": ""0.34999999999999998""}}",2d,geometry:activation_sharing:poisson,2^|S| * mean(y * product(coded +/-1 factors in S)),final_detf_negative_detainv_positive_detg_negative_rest_measure_fraction,3,0.021500000000000002
"{""activation_sharing"": {""high"": ""shared"", ""low"": ""per_cell""}, ""geometry"": {""high"": ""short"", ""low"": ""long""}, ""poisson"": {""high"": ""0.48999999999999999"", ""low"": ""0.34999999999999998""}}",2d,geometry:activation_sharing:poisson,2^|S| * mean(y * product(coded +/-1 factors in S)),peak_detf_negative_detainv_positive_detg_negative_rest_measure_fraction,3,0.032000000000000015
"{""activation_sharing"": {""high"": ""shared"", ""low"": ""per_cell""}, ""geometry"": {""high"": ""short"", ""low"": ""long""}, ""poisson"": {""high"": ""0.48999999999999999"", ""low"": ""0.34999999999999998""}}",2d,geometry:activation_sharing:poisson,2^|S| * mean(y * product(coded +/-1 factors in S)),trajectory_min_det_f,3,-38.94026430948463
"{""activation_sharing"": {""high"": ""shared"", ""low"": ""per_cell""}, ""geometry"": {""high"": ""short"", ""low"": ""long""}, ""poisson"": {""high"": ""0.48999999999999999"", ""low"": ""0.34999999999999998""}}",2d,geometry:activation_sharing:poisson,2^|S| * mean(y * product(coded +/-1 factors in S)),final_target_rms,3,-0.007618270164368265
"{""activation_sharing"": {""high"": ""shared"", ""low"": ""per_cell""}, ""geometry"": {""high"": ""short"", ""low"": ""long""}, ""poisson"": {""high"": ""0.48999999999999999"", ""low"": ""0.34999999999999998""}}",2d,geometry:activation_sharing:poisson,2^|S| * mean(y * product(coded +/-1 factors in S)),final_activation_rms,3,-11.110506755790254
"{""activation_sharing"": {""high"": ""shared"", ""low"": ""per_cell""}, ""geometry"": {""high"": ""short"", ""low"": ""long""}, ""poisson"": {""high"": ""0.48999999999999999"", ""low"": ""0.34999999999999998""}}",2d,geometry:activation_sharing:poisson,2^|S| * mean(y * product(coded +/-1 factors in S)),final_activation_jump_rms,3,2.189303926294053
"{""activation_sharing"": {""high"": ""shared"", ""low"": ""per_cell""}, ""geometry"": {""high"": ""short"", ""low"": ""long""}, ""poisson"": {""high"": ""0.48999999999999999"", ""low"": ""0.34999999999999998""}}",2d,geometry:activation_sharing:poisson,2^|S| * mean(y * product(coded +/-1 factors in S)),final_midline_arc_length_ratio,3,0.9056449835657565
"{""activation_sharing"": {""high"": ""shared"", ""low"": ""per_cell""}, ""geometry"": {""high"": ""short"", ""low"": ""long""}, ""poisson"": {""high"": ""0.48999999999999999"", ""low"": ""0.34999999999999998""}}",2d,geometry:activation_sharing:poisson,2^|S| * mean(y * product(coded +/-1 factors in S)),final_midline_turning_density,3,28.08791368006507
"{""activation_sharing"": {""high"": ""shared"", ""low"": ""per_cell""}, ""geometry"": {""high"": ""short"", ""low"": ""long""}, ""poisson"": {""high"": ""0.48999999999999999"", ""low"": ""0.34999999999999998""}}",2d,geometry:activation_sharing:poisson,2^|S| * mean(y * product(coded +/-1 factors in S)),final_midline_x_reversal_fraction,3,0.045
"{""activation_sharing"": {""high"": ""shared"", ""low"": ""per_cell""}, ""geometry"": {""high"": ""short"", ""low"": ""long""}, ""poisson"": {""high"": ""0.48999999999999999"", ""low"": ""0.34999999999999998""}}",2d,geometry:activation_sharing:poisson,2^|S| * mean(y * product(coded +/-1 factors in S)),final_midline_y_range,3,0.05180086322379138
"{""activation_sharing"": {""high"": ""shared"", ""low"": ""per_cell""}, ""muscle_extent"": {""high"": ""full"", ""low"": ""band""}, ""poisson"": {""high"": ""0.48999999999999999"", ""low"": ""0.34999999999999998""}}",2d,muscle_extent:activation_sharing:poisson,2^|S| * mean(y * product(coded +/-1 factors in S)),final_inverted_rest_measure_fraction,3,-0.06299999999999997
"{""activation_sharing"": {""high"": ""shared"", ""low"": ""per_cell""}, ""muscle_extent"": {""high"": ""full"", ""low"": ""band""}, ""poisson"": {""high"": ""0.48999999999999999"", ""low"": ""0.34999999999999998""}}",2d,muscle_extent:activation_sharing:poisson,2^|S| * mean(y * product(coded +/-1 factors in S)),peak_inverted_rest_measure_fraction,3,-0.07400000000000001
"{""activation_sharing"": {""high"": ""shared"", ""low"": ""per_cell""}, ""muscle_extent"": {""high"": ""full"", ""low"": ""band""}, ""poisson"": {""high"": ""0.48999999999999999"", ""low"": ""0.34999999999999998""}}",2d,muscle_extent:activation_sharing:poisson,2^|S| * mean(y * product(coded +/-1 factors in S)),final_detf_negative_detainv_negative_detg_positive_rest_measure_fraction,3,-0.034499999999999996
"{""activation_sharing"": {""high"": ""shared"", ""low"": ""per_cell""}, ""muscle_extent"": {""high"": ""full"", ""low"": ""band""}, ""poisson"": {""high"": ""0.48999999999999999"", ""low"": ""0.34999999999999998""}}",2d,muscle_extent:activation_sharing:poisson,2^|S| * mean(y * product(coded +/-1 factors in S)),peak_detf_negative_detainv_negative_detg_positive_rest_measure_fraction,3,-0.038249999999999985
"{""activation_sharing"": {""high"": ""shared"", ""low"": ""per_cell""}, ""muscle_extent"": {""high"": ""full"", ""low"": ""band""}, ""poisson"": {""high"": ""0.48999999999999999"", ""low"": ""0.34999999999999998""}}",2d,muscle_extent:activation_sharing:poisson,2^|S| * mean(y * product(coded +/-1 factors in S)),final_detf_negative_detainv_positive_detg_negative_rest_measure_fraction,3,-0.0285
"{""activation_sharing"": {""high"": ""shared"", ""low"": ""per_cell""}, ""muscle_extent"": {""high"": ""full"", ""low"": ""band""}, ""poisson"": {""high"": ""0.48999999999999999"", ""low"": ""0.34999999999999998""}}",2d,muscle_extent:activation_sharing:poisson,2^|S| * mean(y * product(coded +/-1 factors in S)),peak_detf_negative_detainv_positive_detg_negative_rest_measure_fraction,3,-0.043000000000000024
"{""activation_sharing"": {""high"": ""shared"", ""low"": ""per_cell""}, ""muscle_extent"": {""high"": ""full"", ""low"": ""band""}, ""poisson"": {""high"": ""0.48999999999999999"", ""low"": ""0.34999999999999998""}}",2d,muscle_extent:activation_sharing:poisson,2^|S| * mean(y * product(coded +/-1 factors in S)),trajectory_min_det_f,3,23.391237803609247
"{""activation_sharing"": {""high"": ""shared"", ""low"": ""per_cell""}, ""muscle_extent"": {""high"": ""full"", ""low"": ""band""}, ""poisson"": {""high"": ""0.48999999999999999"", ""low"": ""0.34999999999999998""}}",2d,muscle_extent:activation_sharing:poisson,2^|S| * mean(y * product(coded +/-1 factors in S)),final_target_rms,3,0.005302125040737989
"{""activation_sharing"": {""high"": ""shared"", ""low"": ""per_cell""}, ""muscle_extent"": {""high"": ""full"", ""low"": ""band""}, ""poisson"": {""high"": ""0.48999999999999999"", ""low"": ""0.34999999999999998""}}",2d,muscle_extent:activation_sharing:poisson,2^|S| * mean(y * product(coded +/-1 factors in S)),final_activation_rms,3,-4.021045480472637
"{""activation_sharing"": {""high"": ""shared"", ""low"": ""per_cell""}, ""muscle_extent"": {""high"": ""full"", ""low"": ""band""}, ""poisson"": {""high"": ""0.48999999999999999"", ""low"": ""0.34999999999999998""}}",2d,muscle_extent:activation_sharing:poisson,2^|S| * mean(y * product(coded +/-1 factors in S)),final_activation_jump_rms,3,-2.1922490125202008
"{""activation_sharing"": {""high"": ""shared"", ""low"": ""per_cell""}, ""muscle_extent"": {""high"": ""full"", ""low"": ""band""}, ""poisson"": {""high"": ""0.48999999999999999"", ""low"": ""0.34999999999999998""}}",2d,muscle_extent:activation_sharing:poisson,2^|S| * mean(y * product(coded +/-1 factors in S)),final_midline_arc_length_ratio,3,-0.7458449944612215
"{""activation_sharing"": {""high"": ""shared"", ""low"": ""per_cell""}, ""muscle_extent"": {""high"": ""full"", ""low"": ""band""}, ""poisson"": {""high"": ""0.48999999999999999"", ""low"": ""0.34999999999999998""}}",2d,muscle_extent:activation_sharing:poisson,2^|S| * mean(y * product(coded +/-1 factors in S)),final_midline_turning_density,3,-23.84780504524905
"{""activation_sharing"": {""high"": ""shared"", ""low"": ""per_cell""}, ""muscle_extent"": {""high"": ""full"", ""low"": ""band""}, ""poisson"": {""high"": ""0.48999999999999999"", ""low"": ""0.34999999999999998""}}",2d,muscle_extent:activation_sharing:poisson,2^|S| * mean(y * product(coded +/-1 factors in S)),final_midline_x_reversal_fraction,3,-0.05500000000000001
"{""activation_sharing"": {""high"": ""shared"", ""low"": ""per_cell""}, ""muscle_extent"": {""high"": ""full"", ""low"": ""band""}, ""poisson"": {""high"": ""0.48999999999999999"", ""low"": ""0.34999999999999998""}}",2d,muscle_extent:activation_sharing:poisson,2^|S| * mean(y * product(coded +/-1 factors in S)),final_midline_y_range,3,-0.02123775817471092
"{""activation_sharing"": {""high"": ""shared"", ""low"": ""per_cell""}, ""geometry"": {""high"": ""short"", ""low"": ""long""}, ""muscle_extent"": {""high"": ""full"", ""low"": ""band""}, ""poisson"": {""high"": ""0.48999999999999999"", ""low"": ""0.34999999999999998""}}",2d,geometry:muscle_extent:activation_sharing:poisson,2^|S| * mean(y * product(coded +/-1 factors in S)),final_inverted_rest_measure_fraction,4,-0.09399999999999996
"{""activation_sharing"": {""high"": ""shared"", ""low"": ""per_cell""}, ""geometry"": {""high"": ""short"", ""low"": ""long""}, ""muscle_extent"": {""high"": ""full"", ""low"": ""band""}, ""poisson"": {""high"": ""0.48999999999999999"", ""low"": ""0.34999999999999998""}}",2d,geometry:muscle_extent:activation_sharing:poisson,2^|S| * mean(y * product(coded +/-1 factors in S)),peak_inverted_rest_measure_fraction,4,-0.11200000000000004
"{""activation_sharing"": {""high"": ""shared"", ""low"": ""per_cell""}, ""geometry"": {""high"": ""short"", ""low"": ""long""}, ""muscle_extent"": {""high"": ""full"", ""low"": ""band""}, ""poisson"": {""high"": ""0.48999999999999999"", ""low"": ""0.34999999999999998""}}",2d,geometry:muscle_extent:activation_sharing:poisson,2^|S| * mean(y * product(coded +/-1 factors in S)),final_detf_negative_detainv_negative_detg_positive_rest_measure_fraction,4,-0.051
"{""activation_sharing"": {""high"": ""shared"", ""low"": ""per_cell""}, ""geometry"": {""high"": ""short"", ""low"": ""long""}, ""muscle_extent"": {""high"": ""full"", ""low"": ""band""}, ""poisson"": {""high"": ""0.48999999999999999"", ""low"": ""0.34999999999999998""}}",2d,geometry:muscle_extent:activation_sharing:poisson,2^|S| * mean(y * product(coded +/-1 factors in S)),peak_detf_negative_detainv_negative_detg_positive_rest_measure_fraction,4,-0.05349999999999999
"{""activation_sharing"": {""high"": ""shared"", ""low"": ""per_cell""}, ""geometry"": {""high"": ""short"", ""low"": ""long""}, ""muscle_extent"": {""high"": ""full"", ""low"": ""band""}, ""poisson"": {""high"": ""0.48999999999999999"", ""low"": ""0.34999999999999998""}}",2d,geometry:muscle_extent:activation_sharing:poisson,2^|S| * mean(y * product(coded +/-1 factors in S)),final_detf_negative_detainv_positive_detg_negative_rest_measure_fraction,4,-0.043000000000000003
"{""activation_sharing"": {""high"": ""shared"", ""low"": ""per_cell""}, ""geometry"": {""high"": ""short"", ""low"": ""long""}, ""muscle_extent"": {""high"": ""full"", ""low"": ""band""}, ""poisson"": {""high"": ""0.48999999999999999"", ""low"": ""0.34999999999999998""}}",2d,geometry:muscle_extent:activation_sharing:poisson,2^|S| * mean(y * product(coded +/-1 factors in S)),peak_detf_negative_detainv_positive_detg_negative_rest_measure_fraction,4,-0.07400000000000004
"{""activation_sharing"": {""high"": ""shared"", ""low"": ""per_cell""}, ""geometry"": {""high"": ""short"", ""low"": ""long""}, ""muscle_extent"": {""high"": ""full"", ""low"": ""band""}, ""poisson"": {""high"": ""0.48999999999999999"", ""low"": ""0.34999999999999998""}}",2d,geometry:muscle_extent:activation_sharing:poisson,2^|S| * mean(y * product(coded +/-1 factors in S)),trajectory_min_det_f,4,82.07793446663149
"{""activation_sharing"": {""high"": ""shared"", ""low"": ""per_cell""}, ""geometry"": {""high"": ""short"", ""low"": ""long""}, ""muscle_extent"": {""high"": ""full"", ""low"": ""band""}, ""poisson"": {""high"": ""0.48999999999999999"", ""low"": ""0.34999999999999998""}}",2d,geometry:muscle_extent:activation_sharing:poisson,2^|S| * mean(y * product(coded +/-1 factors in S)),final_target_rms,4,0.006648911704488769
"{""activation_sharing"": {""high"": ""shared"", ""low"": ""per_cell""}, ""geometry"": {""high"": ""short"", ""low"": ""long""}, ""muscle_extent"": {""high"": ""full"", ""low"": ""band""}, ""poisson"": {""high"": ""0.48999999999999999"", ""low"": ""0.34999999999999998""}}",2d,geometry:muscle_extent:activation_sharing:poisson,2^|S| * mean(y * product(coded +/-1 factors in S)),final_activation_rms,4,0.47235775400162083
"{""activation_sharing"": {""high"": ""shared"", ""low"": ""per_cell""}, ""geometry"": {""high"": ""short"", ""low"": ""long""}, ""muscle_extent"": {""high"": ""full"", ""low"": ""band""}, ""poisson"": {""high"": ""0.48999999999999999"", ""low"": ""0.34999999999999998""}}",2d,geometry:muscle_extent:activation_sharing:poisson,2^|S| * mean(y * product(coded +/-1 factors in S)),final_activation_jump_rms,4,-4.376165898544011
"{""activation_sharing"": {""high"": ""shared"", ""low"": ""per_cell""}, ""geometry"": {""high"": ""short"", ""low"": ""long""}, ""muscle_extent"": {""high"": ""full"", ""low"": ""band""}, ""poisson"": {""high"": ""0.48999999999999999"", ""low"": ""0.34999999999999998""}}",2d,geometry:muscle_extent:activation_sharing:poisson,2^|S| * mean(y * product(coded +/-1 factors in S)),final_midline_arc_length_ratio,4,-1.5972308913679267
"{""activation_sharing"": {""high"": ""shared"", ""low"": ""per_cell""}, ""geometry"": {""high"": ""short"", ""low"": ""long""}, ""muscle_extent"": {""high"": ""full"", ""low"": ""band""}, ""poisson"": {""high"": ""0.48999999999999999"", ""low"": ""0.34999999999999998""}}",2d,geometry:muscle_extent:activation_sharing:poisson,2^|S| * mean(y * product(coded +/-1 factors in S)),final_midline_turning_density,4,-78.89098524860228
"{""activation_sharing"": {""high"": ""shared"", ""low"": ""per_cell""}, ""geometry"": {""high"": ""short"", ""low"": ""long""}, ""muscle_extent"": {""high"": ""full"", ""low"": ""band""}, ""poisson"": {""high"": ""0.48999999999999999"", ""low"": ""0.34999999999999998""}}",2d,geometry:muscle_extent:activation_sharing:poisson,2^|S| * mean(y * product(coded +/-1 factors in S)),final_midline_x_reversal_fraction,4,-0.09
"{""activation_sharing"": {""high"": ""shared"", ""low"": ""per_cell""}, ""geometry"": {""high"": ""short"", ""low"": ""long""}, ""muscle_extent"": {""high"": ""full"", ""low"": ""band""}, ""poisson"": {""high"": ""0.48999999999999999"", ""low"": ""0.34999999999999998""}}",2d,geometry:muscle_extent:activation_sharing:poisson,2^|S| * mean(y * product(coded +/-1 factors in S)),final_midline_y_range,4,-0.028564829212364966
