case,display_name,cohort,material_model,step,target/error_rms_fraction_of_target,target/error_rms_mm,target/face_rest_area_weighted_error_fraction,target/face_target_area_weighted_error_fraction,bumpiness/contraction_target_relative_dihedral_rms_deg,bumpiness/residual_normal_laplacian_rms_m,bumpiness/displacement_laplacian_rms_m,seam/boundary_band_to_interior_residual_ratio,seam/boundary_band_to_interior_normal_laplacian_ratio,activation/rms,activation/max_abs,activation/I_plus_Ainv_min_eigenvalue,activation/I_plus_Ainv_min_determinant,activation/I_plus_Ainv_max_condition_number,cut_boundary/policy,cut_boundary/displacement_rms_m,cut_boundary/displacement_max_abs_m,cut_boundary/displacement_exact_zero,warning/I_plus_Ainv_non_spd_active_tets,warning/inverted_tets,warning/detF_min,warning/isface_folded_triangles
isface-e0200-p000,corrected IsFace + plane stress + cut fixed,primary-corrected,IsFace-only homogeneous E=.2 p000 plane-stress Koiter; fixed reference area; artificial cut hard-fixed,0,1.0,5.310139062299789,1.0,1.0,2.8909047384237616,0.0002428382659609722,1.8889828729755664e-21,0.7760198153422891,3.45610405728017,0.0,0.0,1.0,1.0,1.0,all-artificial-cut-incident-vertices-hard-fixed,0.0,0.0,True,0,0,1.0,0
isface-e0200-p000,corrected IsFace + plane stress + cut fixed,primary-corrected,IsFace-only homogeneous E=.2 p000 plane-stress Koiter; fixed reference area; artificial cut hard-fixed,1,0.9679460630842562,5.139928199783005,0.9726216327267115,0.9718604313720637,2.8715290930296336,0.00023133671866910836,1.2073896929711834e-05,0.7523780267456304,3.3436513571613844,0.0031449984237826487,0.08545155499370954,0.9215329571115459,0.8105553836993942,1.085831141075236,all-artificial-cut-incident-vertices-hard-fixed,0.0,0.0,True,0,0,0.7427828480536082,0
isface-e0200-p000,corrected IsFace + plane stress + cut fixed,primary-corrected,IsFace-only homogeneous E=.2 p000 plane-stress Koiter; fixed reference area; artificial cut hard-fixed,2,0.9373217687137978,4.977308937991066,0.9465238471750339,0.9450300339320159,2.9215641547201545,0.0002213127832023114,2.4665915917930653e-05,0.7276034003098187,3.199502567141633,0.006202449799588831,0.17305001945448398,0.8457993794523067,0.6661055500559488,1.1699368285664744,all-artificial-cut-incident-vertices-hard-fixed,0.0,0.0,True,0,0,0.34405504663584474,0
isface-e0200-p000,corrected IsFace + plane stress + cut fixed,primary-corrected,IsFace-only homogeneous E=.2 p000 plane-stress Koiter; fixed reference area; artificial cut hard-fixed,3,0.9086339255374051,4.824972501326973,0.9218550098199846,0.9197480750196085,3.118276565445046,0.0002142419415173142,3.862195474104997e-05,0.7038913056968835,3.053401387391584,0.009161400481473684,0.2592333870751719,0.7662362269840824,0.5582647448313189,1.2699337540730549,all-artificial-cut-incident-vertices-hard-fixed,0.0,0.0,True,0,1,-0.15598875175036583,0
isface-e0200-p000,corrected IsFace + plane stress + cut fixed,primary-corrected,IsFace-only homogeneous E=.2 p000 plane-stress Koiter; fixed reference area; artificial cut hard-fixed,4,0.883590458744474,4.691988210054421,0.8995015139278576,0.8970765754077942,3.4484820590642786,0.0002096409618996882,5.409026770405525e-05,0.6860507266400656,2.8850106472169954,0.011991462712649049,0.3383677400747543,0.6927071237171134,0.45521306990483684,1.4092746670384428,all-artificial-cut-incident-vertices-hard-fixed,0.0,0.0,True,0,4,-0.4898057150537723,0
isface-e0200-p000,corrected IsFace + plane stress + cut fixed,primary-corrected,IsFace-only homogeneous E=.2 p000 plane-stress Koiter; fixed reference area; artificial cut hard-fixed,5,0.8623763971775865,4.5793385930580595,0.8793700935023058,0.8769590644320454,3.8406893937171245,0.00020795787364692554,6.611315278080843e-05,0.6781668235063812,2.7638745611270297,0.014642535764913332,0.4238606088361904,0.6330069334633187,0.37421564466336144,1.5765695830364364,all-artificial-cut-incident-vertices-hard-fixed,0.0,0.0,True,0,6,-1.0856528570118629,3
isface-e0200-p000,corrected IsFace + plane stress + cut fixed,primary-corrected,IsFace-only homogeneous E=.2 p000 plane-stress Koiter; fixed reference area; artificial cut hard-fixed,6,0.8431529569515789,4.477259452202151,0.8603107849800351,0.8580692522197503,4.2848324824921615,0.00020735681178745804,7.455732977956376e-05,0.6769712739114784,2.6852076971194503,0.017106143568476694,0.5070906932834519,0.5503696086800943,0.3114808683693283,1.7630208405212975,all-artificial-cut-incident-vertices-hard-fixed,0.0,0.0,True,0,6,-1.485174451787616,3
isface-e0200-p000,corrected IsFace + plane stress + cut fixed,primary-corrected,IsFace-only homogeneous E=.2 p000 plane-stress Koiter; fixed reference area; artificial cut hard-fixed,7,0.8251927470071462,4.381888239809114,0.8421673657954608,0.8401504684478358,4.736271009128166,0.00020686048152091438,8.109964142210837e-05,0.6778807081506194,2.6209731863192243,0.019403422657183634,0.6058910130952704,0.4667708559750548,0.24908440808552787,1.9609765633707545,all-artificial-cut-incident-vertices-hard-fixed,0.0,0.0,True,0,8,-1.637652383067022,3
isface-e0200-p000,corrected IsFace + plane stress + cut fixed,primary-corrected,IsFace-only homogeneous E=.2 p000 plane-stress Koiter; fixed reference area; artificial cut hard-fixed,8,0.8074997471338563,4.287935950052693,0.824335736067428,0.8225020694959092,5.215424503108757,0.00020682920730898533,8.717111712482985e-05,0.679040416898972,2.5648102807410655,0.021565735012092795,0.7035595905349206,0.39438363229439505,0.1891578524322937,2.1617216416855114,all-artificial-cut-incident-vertices-hard-fixed,0.0,0.0,True,0,10,-0.9111614987112631,6
isface-e0200-p000,corrected IsFace + plane stress + cut fixed,primary-corrected,IsFace-only homogeneous E=.2 p000 plane-stress Koiter; fixed reference area; artificial cut hard-fixed,9,0.7904633215691005,4.19747016117932,0.8071316240741663,0.8054597443984195,5.686610775584158,0.00020732245113212595,9.306195184432236e-05,0.6799327990342873,2.5157373527998357,0.02362066531052329,0.7989341164575613,0.33261281315355257,0.14495858821335125,2.517763709793424,all-artificial-cut-incident-vertices-hard-fixed,0.0,0.0,True,0,12,-1.0391078522762491,7
isface-e0200-p000,corrected IsFace + plane stress + cut fixed,primary-corrected,IsFace-only homogeneous E=.2 p000 plane-stress Koiter; fixed reference area; artificial cut hard-fixed,10,0.7739978538363987,4.110036237792864,0.7904466951870728,0.788917989034641,6.155926740102346,0.00020713136184640223,9.887869099297359e-05,0.6794914317860699,2.470102674341882,0.025584430500368672,0.8898744205201993,0.27904312520746627,0.1115286407579567,3.0134490678715693,all-artificial-cut-incident-vertices-hard-fixed,0.0,0.0,True,0,6,-1.1732994917402877,7
isface-e0200-p000,corrected IsFace + plane stress + cut fixed,primary-corrected,IsFace-only homogeneous E=.2 p000 plane-stress Koiter; fixed reference area; artificial cut hard-fixed,11,0.7584856931803257,4.027664507552379,0.7746409631777584,0.7732819194737961,6.581796155262896,0.00020749357409626453,0.00010422377254427548,0.6794980770387209,2.418785130756946,0.02747005776804138,0.9746908735913177,0.23092479942068872,0.08528960306011435,3.574889502583197,all-artificial-cut-incident-vertices-hard-fixed,0.0,0.0,True,0,7,-1.2435597610128386,8
isface-e0200-p000,corrected IsFace + plane stress + cut fixed,primary-corrected,IsFace-only homogeneous E=.2 p000 plane-stress Koiter; fixed reference area; artificial cut hard-fixed,12,0.7438361915163565,3.9498736165233113,0.7596861665816093,0.7584882144695948,7.005238797852151,0.0002079687767479071,0.00010920319835179234,0.6792528757381489,2.3725441538074827,0.029283639891416663,1.0528337272477826,0.1870109175319219,0.0642704719910828,4.092556751086899,all-artificial-cut-incident-vertices-hard-fixed,0.0,0.0,True,0,8,-1.2864959685948292,8
isface-e0200-p000,corrected IsFace + plane stress + cut fixed,primary-corrected,IsFace-only homogeneous E=.2 p000 plane-stress Koiter; fixed reference area; artificial cut hard-fixed,13,0.7302673807600077,3.8778213444970704,0.7455028937456858,0.7445258950974498,7.413843405910032,0.00020916074499114515,0.00011419420624760276,0.6808125561548789,2.3346052823672956,0.031028670762712297,1.1244859934391647,0.1458429763521266,0.046924807012466534,5.116863150075142,all-artificial-cut-incident-vertices-hard-fixed,0.0,0.0,True,0,8,-1.3026415593798664,8
isface-e0200-p000,corrected IsFace + plane stress + cut fixed,primary-corrected,IsFace-only homogeneous E=.2 p000 plane-stress Koiter; fixed reference area; artificial cut hard-fixed,14,0.7172415368589172,3.80865230197847,0.7319341852410663,0.7311446633594285,7.812738379813316,0.00020946856274128465,0.00011824343138388345,0.6814575487590947,2.3057507828511894,0.03271065432842181,1.1906234124006752,0.11630498578654545,0.03531962334691278,6.357871381706696,all-artificial-cut-incident-vertices-hard-fixed,0.0,0.0,True,0,7,-1.307764963154638,8
isface-e0200-p000,corrected IsFace + plane stress + cut fixed,primary-corrected,IsFace-only homogeneous E=.2 p000 plane-stress Koiter; fixed reference area; artificial cut hard-fixed,15,0.7051516625296488,3.7444533880443265,0.7189675958566207,0.7183584945290379,8.158385693371574,0.00021079068504215978,0.00012223267861849005,0.6845614249297375,2.3018972989675173,0.034331779971897104,1.2519888476480578,0.09746546001814424,0.02812250856075138,7.528337694019536,all-artificial-cut-incident-vertices-hard-fixed,0.0,0.0,True,0,8,-1.2917313548225176,9
isface-e0200-p000,corrected IsFace + plane stress + cut fixed,primary-corrected,IsFace-only homogeneous E=.2 p000 plane-stress Koiter; fixed reference area; artificial cut hard-fixed,16,0.6935329170606952,3.682756233874717,0.7067930625424907,0.7063635262589923,8.484854763440758,0.0002111530619690688,0.00012590188193128786,0.6852720695233991,2.2713824029926823,0.03589262291611236,1.3089358147696386,0.08263650911433207,0.022774113573417215,8.825212274524937,all-artificial-cut-incident-vertices-hard-fixed,0.0,0.0,True,0,7,-1.3594139620464358,11
isface-e0200-p000,corrected IsFace + plane stress + cut fixed,primary-corrected,IsFace-only homogeneous E=.2 p000 plane-stress Koiter; fixed reference area; artificial cut hard-fixed,17,0.6828396009056111,3.625973238054084,0.6955522691197127,0.6952797229668543,8.754076051527312,0.00021082268692640326,0.000128991056829473,0.6849859172564514,2.2446152390970875,0.037397763725938914,1.3618512884457379,0.07093415159828009,0.018758036680530964,10.233718586784619,all-artificial-cut-incident-vertices-hard-fixed,0.0,0.0,True,0,9,-1.3386877862525945,12
isface-e0200-p000,corrected IsFace + plane stress + cut fixed,primary-corrected,IsFace-only homogeneous E=.2 p000 plane-stress Koiter; fixed reference area; artificial cut hard-fixed,18,0.6716644732909931,3.5666317563815153,0.6838795962724797,0.6837865865045089,9.05959829679292,0.00021049206097322138,0.00013227168321913954,0.6851339966717525,2.209655051201847,0.038848507091597304,1.4111964853145438,0.06251751579086555,0.01591998520669015,11.565230368892712,all-artificial-cut-incident-vertices-hard-fixed,0.0,0.0,True,0,11,-1.3153471572252764,12
isface-e0200-p000,corrected IsFace + plane stress + cut fixed,primary-corrected,IsFace-only homogeneous E=.2 p000 plane-stress Koiter; fixed reference area; artificial cut hard-fixed,19,0.6611029793464819,3.510548754830524,0.6732695453278345,0.6732790245520145,9.356115357395439,0.00021101914984379255,0.0001360850425611276,0.6831011573556096,2.175280551781746,0.04024794749505334,1.457210254905621,0.05623172007877447,0.013837896666176061,12.82059907169882,all-artificial-cut-incident-vertices-hard-fixed,0.0,0.0,True,0,10,-1.300704424351478,15
isface-e0200-p000,corrected IsFace + plane stress + cut fixed,primary-corrected,IsFace-only homogeneous E=.2 p000 plane-stress Koiter; fixed reference area; artificial cut hard-fixed,20,0.650800973512329,3.4558436712305483,0.6625233802442729,0.6627512351377088,9.638852574982417,0.00021163882467046405,0.00013940083061638728,0.6834022720131445,2.1448446412256463,0.04159718798439429,1.499365062977432,0.05183472588471717,0.012365980939394354,13.87970848424944,all-artificial-cut-incident-vertices-hard-fixed,0.0,0.0,True,0,11,-1.299746142824909,18
isface-e0200-p000,corrected IsFace + plane stress + cut fixed,primary-corrected,IsFace-only homogeneous E=.2 p000 plane-stress Koiter; fixed reference area; artificial cut hard-fixed,21,0.6411929667532793,3.404823819228478,0.6524324858014743,0.6528551365019869,9.88493551465385,0.00021190482176845166,0.00014226215209007801,0.6835589680549415,2.1223260217823077,0.04289859349725317,1.5389847621882058,0.04928068405964263,0.01142881114413363,14.57839069278053,all-artificial-cut-incident-vertices-hard-fixed,0.0,0.0,True,0,15,-1.303827016510772,18
isface-e0200-p000,corrected IsFace + plane stress + cut fixed,primary-corrected,IsFace-only homogeneous E=.2 p000 plane-stress Koiter; fixed reference area; artificial cut hard-fixed,22,0.6317839587674249,3.354860678385302,0.6424697760649607,0.6430739132174514,10.139240091060875,0.0002125326637950224,0.00014517083896561036,0.6845172849789576,2.1005750821812814,0.044154567737227673,1.5764721927060774,0.04856733823252095,0.010975476567574085,14.778067864138377,all-artificial-cut-incident-vertices-hard-fixed,0.0,0.0,True,0,15,-1.3119812053963484,18
isface-e0200-p000,corrected IsFace + plane stress + cut fixed,primary-corrected,IsFace-only homogeneous E=.2 p000 plane-stress Koiter; fixed reference area; artificial cut hard-fixed,23,0.6231540363337306,3.3090345901655245,0.6334728099601046,0.6342424855356121,10.343414202607278,0.0002121293989829212,0.00014722663062614565,0.6838556826088688,2.078090075186195,0.04536706716661637,1.6121149572454125,0.049551882557632945,0.010935305754764275,14.475414276653359,all-artificial-cut-incident-vertices-hard-fixed,0.0,0.0,True,0,15,-1.309530922019941,17
isface-e0200-p000,corrected IsFace + plane stress + cut fixed,primary-corrected,IsFace-only homogeneous E=.2 p000 plane-stress Koiter; fixed reference area; artificial cut hard-fixed,24,0.6142325304418984,3.2616601532347684,0.624178092455203,0.6251028621520567,10.588046780441058,0.00021267500424802764,0.00015005073603038385,0.6834154895118321,2.0517977249174595,0.04653756510200974,1.6460929099302997,0.051854296061785564,0.011197444180153704,13.828202040733947,all-artificial-cut-incident-vertices-hard-fixed,0.0,0.0,True,0,17,-1.3000718694822027,18
isface-e0200-p000,corrected IsFace + plane stress + cut fixed,primary-corrected,IsFace-only homogeneous E=.2 p000 plane-stress Koiter; fixed reference area; artificial cut hard-fixed,25,0.6060287281283662,3.218096822110296,0.6152555254009263,0.616322445300487,10.796074008769285,0.00021344890159442415,0.0001526007136745448,0.6831144137092866,2.0320954791494525,0.04766841627015468,1.6785336810607039,0.055598098717950815,0.011768496428583615,12.89394105908164,all-artificial-cut-incident-vertices-hard-fixed,0.0,0.0,True,0,18,-1.3109313236275963,22
isface-e0200-p000,corrected IsFace + plane stress + cut fixed,primary-corrected,IsFace-only homogeneous E=.2 p000 plane-stress Koiter; fixed reference area; artificial cut hard-fixed,26,0.5975667184960489,3.173162374216171,0.6061295751348647,0.6074341216681556,11.029440947648757,0.00021383503485374936,0.00015484444729155263,0.6855171585868001,2.0118468965077105,0.048761092977339285,1.7095624489782604,0.06016417973953958,0.012505326888274066,11.914675152403104,all-artificial-cut-incident-vertices-hard-fixed,0.0,0.0,True,0,23,-1.319831098341952,22
isface-e0200-p000,corrected IsFace + plane stress + cut fixed,primary-corrected,IsFace-only homogeneous E=.2 p000 plane-stress Koiter; fixed reference area; artificial cut hard-fixed,27,0.5895767699881147,3.130734636538426,0.5977309209394197,0.5991570261367876,11.24862213133431,0.0002143583047998249,0.00015720463979510292,0.6866758700459128,1.990251030134577,0.049818280942984544,1.7389988005579324,0.06537113324689206,0.013364924473745063,10.96620238302674,all-artificial-cut-incident-vertices-hard-fixed,0.0,0.0,True,0,24,-1.3205751877904113,22
isface-e0200-p000,corrected IsFace + plane stress + cut fixed,primary-corrected,IsFace-only homogeneous E=.2 p000 plane-stress Koiter; fixed reference area; artificial cut hard-fixed,28,0.5822431304173151,3.0917919905846953,0.5900423320204666,0.5915413106908329,11.42827110853858,0.00021457705296868803,0.00015927354023660453,0.6865479260201584,1.9546722075107126,0.05084107916181687,1.7667904961698524,0.07107626219884947,0.01431633530469032,14.285655501625145,all-artificial-cut-incident-vertices-hard-fixed,0.0,0.0,True,0,28,-1.3209222750235947,19
isface-e0200-p000,corrected IsFace + plane stress + cut fixed,primary-corrected,IsFace-only homogeneous E=.2 p000 plane-stress Koiter; fixed reference area; artificial cut hard-fixed,29,0.574680433489407,3.051633018211476,0.5819697325797557,0.5835697181292003,11.635245525951028,0.00021465039281111638,0.0001613148320293616,0.6894496176831646,1.9256717269899497,0.05183127292799184,1.7929978323871818,0.044614574158925585,0.015207146564310275,23.11538386992138,all-artificial-cut-incident-vertices-hard-fixed,0.0,0.0,True,0,31,-1.3223345709932517,19
isface-e0200-p000,corrected IsFace + plane stress + cut fixed,primary-corrected,IsFace-only homogeneous E=.2 p000 plane-stress Koiter; fixed reference area; artificial cut hard-fixed,30,0.5673087286831523,3.012488240564039,0.5743208933427584,0.5759713929006666,11.816925082224838,0.00021475027532168785,0.00016316877443773653,0.6901343592518054,1.9036146931443307,0.05278991857895599,1.8177114197930362,0.028049968380201875,0.01597581139320563,37.146459718534594,all-artificial-cut-incident-vertices-hard-fixed,0.0,0.0,True,0,32,-1.346261865350221,19
isface-e0200-p000,corrected IsFace + plane stress + cut fixed,primary-corrected,IsFace-only homogeneous E=.2 p000 plane-stress Koiter; fixed reference area; artificial cut hard-fixed,31,0.5626561475913304,2.987782387967839,0.5695758325149818,0.5711588177498349,11.978514276184645,0.00021504197074277893,0.00016517985994332724,0.6889279445272972,1.883304156877663,0.053719557198944945,1.8410467264060577,-0.007661118752896561,-0.006952735595623889,136.23076851612763,all-artificial-cut-incident-vertices-hard-fixed,0.0,0.0,True,1,32,-1.3340613667691132,18
isface-e0200-p000,corrected IsFace + plane stress + cut fixed,primary-corrected,IsFace-only homogeneous E=.2 p000 plane-stress Koiter; fixed reference area; artificial cut hard-fixed,32,0.555307477737877,2.948759929123071,0.5617865021799845,0.5634762498207463,12.15044953983517,0.00021542279142217785,0.00016721050014789144,0.6924344913532487,1.8701339406376332,0.05462155789736357,1.8631147575309182,-0.027489064210064033,-0.024770991951908673,37.919364784431764,all-artificial-cut-incident-vertices-hard-fixed,0.0,0.0,True,1,32,-1.3159312294397196,18
isface-e0200-p000,corrected IsFace + plane stress + cut fixed,primary-corrected,IsFace-only homogeneous E=.2 p000 plane-stress Koiter; fixed reference area; artificial cut hard-fixed,33,0.5489850751229985,2.9151870920302185,0.554974145103966,0.5567644770728337,12.298121924094827,0.00021501830733116026,0.0001688591652599898,0.694952291122174,1.861431964207271,0.055497100529906036,1.8840204057995644,-0.029017491882700322,-0.025812159310206164,35.74695124266033,all-artificial-cut-incident-vertices-hard-fixed,0.0,0.0,True,1,34,-1.2992121663598237,20
isface-e0200-p000,corrected IsFace + plane stress + cut fixed,primary-corrected,IsFace-only homogeneous E=.2 p000 plane-stress Koiter; fixed reference area; artificial cut hard-fixed,34,0.5418791247176007,2.8774535072077505,0.547574472101368,0.5494980844736039,12.47702485257142,0.00021508564512659356,0.00017051364330002562,0.6964421656048436,1.8385862756247302,0.05634714877515343,1.9039120707262283,-0.011905128275331257,-0.010385475861071657,86.37868726098742,all-artificial-cut-incident-vertices-hard-fixed,0.0,0.0,True,1,33,-1.2833273377836614,19
isface-e0200-p000,corrected IsFace + plane stress + cut fixed,primary-corrected,IsFace-only homogeneous E=.2 p000 plane-stress Koiter; fixed reference area; artificial cut hard-fixed,35,0.5352093755887947,2.8420362118231375,0.540661563898188,0.542730318259184,12.653022893069343,0.00021521432741386078,0.000172188325133626,0.6973339641751845,1.8204488548284663,0.057173591857723256,1.922753371211928,0.021331532576466066,0.018157747689710516,47.65040201908443,all-artificial-cut-incident-vertices-hard-fixed,0.0,0.0,True,0,39,-1.3076154728216325,19
isface-e0200-p000,corrected IsFace + plane stress + cut fixed,primary-corrected,IsFace-only homogeneous E=.2 p000 plane-stress Koiter; fixed reference area; artificial cut hard-fixed,36,0.5304547349988606,2.816788409099333,0.535859327535354,0.5378830141669018,12.778746809256907,0.00021526960194713287,0.00017337798861835835,0.6994097419923232,1.8052588969490866,0.05797631980246186,1.9406408319237636,0.05106630148713245,0.02505751401888992,18.58860364768706,all-artificial-cut-incident-vertices-hard-fixed,0.0,0.0,True,0,43,-1.3090149436864302,19
isface-e0200-p000,corrected IsFace + plane stress + cut fixed,primary-corrected,IsFace-only homogeneous E=.2 p000 plane-stress Koiter; fixed reference area; artificial cut hard-fixed,37,0.5243495172726912,2.7843688539677554,0.5293546419898246,0.531445054666344,12.93807738994855,0.00021538007878815784,0.0001748376249982416,0.7033105409516572,1.7906998078556877,0.05875575251702552,1.9576261873749923,0.04974399658655611,0.024468539501228265,16.648313377000548,all-artificial-cut-incident-vertices-hard-fixed,0.0,0.0,True,0,43,-1.3096044559188196,19
isface-e0200-p000,corrected IsFace + plane stress + cut fixed,primary-corrected,IsFace-only homogeneous E=.2 p000 plane-stress Koiter; fixed reference area; artificial cut hard-fixed,38,0.5204045962381303,2.7634207746844455,0.5254635597073944,0.5275326511590732,13.051689511493699,0.00021528655973720176,0.00017597251212283623,0.7040282648169451,1.7720179546139851,0.05951144850387133,1.9737592361351552,0.054965062542932326,0.02703034163496867,17.40898599496832,all-artificial-cut-incident-vertices-hard-fixed,0.0,0.0,True,0,44,-1.3043083991988484,22
isface-e0200-p000,corrected IsFace + plane stress + cut fixed,primary-corrected,IsFace-only homogeneous E=.2 p000 plane-stress Koiter; fixed reference area; artificial cut hard-fixed,39,0.51620153113688,2.7411019145089077,0.5193681729763143,0.5215472445623528,13.208780958862748,0.00021617831643027085,0.00017695391776320418,0.7207483532292277,1.7310283683438952,0.060245386616716336,1.9891376562257417,0.053874769099734696,0.024730218893272357,19.810271122311036,all-artificial-cut-incident-vertices-hard-fixed,0.0,0.0,True,0,45,-1.2921660910841821,23
isface-e0200-p000,corrected IsFace + plane stress + cut fixed,primary-corrected,IsFace-only homogeneous E=.2 p000 plane-stress Koiter; fixed reference area; artificial cut hard-fixed,40,0.5124062087322062,2.7209482247538275,0.5147694355151133,0.5173233742196744,13.328980970609415,0.0002170610984016332,0.00017840176955617547,0.7243546047321455,1.7362623267315407,0.06095803933140022,2.0037860355450605,0.016778285466576864,0.009108174239870813,47.46478661025615,all-artificial-cut-incident-vertices-hard-fixed,0.0,0.0,True,0,47,-1.2139762125178772,25
old-e100-p000,old-boundary full skin + 3D lambda control,old-boundary-secondary-historical-diagnostic,"full extracted boundary, historical 3D lambda in Koiter; historical IsFixed boundary",0,1.0,5.310139062299789,1.0,1.0,2.8909047384237616,0.0002428382659609722,3.403262694925427e-21,0.7760198153422891,3.45610405728017,0.0,0.0,1.0,1.0,1.0,historical IsFixed; old-boundary control only,1.9475597754971606e-21,1.2212175248020565e-20,False,0,0,1.0,0
old-e100-p000,old-boundary full skin + 3D lambda control,old-boundary-secondary-historical-diagnostic,"full extracted boundary, historical 3D lambda in Koiter; historical IsFixed boundary",1,0.9800153803610185,5.20401795290963,0.9803175249099162,0.9803321126867651,2.8889156917577554,0.00023959352086950215,9.527626644781115e-06,0.7735486902113933,3.4519565702215522,0.0024925437627035117,0.058261648749576574,0.9440200174473589,0.8573664847980838,1.0621433772374131,historical IsFixed; old-boundary control only,5.357109806652862e-05,0.00018398627382993564,False,0,0,0.869387931563541,0
old-e100-p000,old-boundary full skin + 3D lambda control,old-boundary-secondary-historical-diagnostic,"full extracted boundary, historical 3D lambda in Koiter; historical IsFixed boundary",2,0.9597143087381688,5.09621643947859,0.9605643529827792,0.9605283511092538,2.949449536886098,0.00023669069175927948,1.8650771827992763e-05,0.7699486849247322,3.4363387068471676,0.0049685787697548375,0.12984672195342403,0.8916744574110073,0.7389454894651537,1.1336227353903807,historical IsFixed; old-boundary control only,0.0001074555007610705,0.0003535651695069452,False,0,0,0.7308922436616484,0
old-e100-p000,old-boundary full skin + 3D lambda control,old-boundary-secondary-historical-diagnostic,"full extracted boundary, historical 3D lambda in Koiter; historical IsFixed boundary",3,0.9390177180177586,4.986314664637708,0.9406631287265431,0.9405093434405728,3.0886269897504035,0.0002342534137016731,2.826722611175143e-05,0.7651678856143078,3.40874258349828,0.007429247598648666,0.21884719969291283,0.8431625830355328,0.6478391196674584,1.2188489888158562,historical IsFixed; old-boundary control only,0.00016203124061355142,0.0005230594334871962,False,0,0,0.3606799510297166,0
old-e100-p000,old-boundary full skin + 3D lambda control,old-boundary-secondary-historical-diagnostic,"full extracted boundary, historical 3D lambda in Koiter; historical IsFixed boundary",4,0.9183237675743532,4.876426910034885,0.9209546566065278,0.9206392299228969,3.3028080052875404,0.0002327039857103245,3.895963713870931e-05,0.7593771825838806,3.3672531518513034,0.009867025666823985,0.3104221438116495,0.7903370207128105,0.5813623890209584,1.3193832509311507,historical IsFixed; old-boundary control only,0.00021755331676416435,0.0006882709419257073,False,0,0,0.21788099630492763,0
old-e100-p000,old-boundary full skin + 3D lambda control,old-boundary-secondary-historical-diagnostic,"full extracted boundary, historical 3D lambda in Koiter; historical IsFixed boundary",5,0.8981067840161436,4.769071915920564,0.9017241730561049,0.9012347977064202,3.5522347433735253,0.0002316167024192523,4.9375386872258446e-05,0.7529709753569043,3.310197662844494,0.01226766047009415,0.3971164039238064,0.7340311835524027,0.5115275716393821,1.4379598070752975,historical IsFixed; old-boundary control only,0.00027393804913278464,0.0008499338089227852,False,0,3,-0.5366222772575198,0
old-e100-p000,old-boundary full skin + 3D lambda control,old-boundary-secondary-historical-diagnostic,"full extracted boundary, historical 3D lambda in Koiter; historical IsFixed boundary",6,0.8787706961103536,4.666394600219966,0.8832224370911351,0.8825797882896685,3.8158221043073905,0.00023139690412506407,5.915945178659865e-05,0.7466091913631087,3.247778903746517,0.014616540220310354,0.47540483728593225,0.6734895174490926,0.4498796874235726,1.5806986656598405,historical IsFixed; old-boundary control only,0.0003309056292424064,0.0010084798050136422,False,0,3,-0.4275960043573069,0
old-e100-p000,old-boundary full skin + 3D lambda control,old-boundary-secondary-historical-diagnostic,"full extracted boundary, historical 3D lambda in Koiter; historical IsFixed boundary",7,0.8603875688270552,4.568777637945694,0.8654350140609554,0.8646741226518323,4.078119177858636,0.0002311394009901951,6.695323934506615e-05,0.7410543257215494,3.1969327773919787,0.016899957767778518,0.544585277092396,0.605794746838167,0.3996279064650914,1.760161049289256,historical IsFixed; old-boundary control only,0.0003885012741441128,0.0011624169847641085,False,0,4,-0.40954713041343566,0
old-e100-p000,old-boundary full skin + 3D lambda control,old-boundary-secondary-historical-diagnostic,"full extracted boundary, historical 3D lambda in Koiter; historical IsFixed boundary",8,0.8432949625476271,4.478013521664792,0.848661884642859,0.8478333716341381,4.342615615362053,0.00023076512891254157,7.328507075330302e-05,0.7373317409611738,3.1596520829477677,0.0191099617256946,0.6049269575663896,0.5332397793802189,0.3595657789652559,1.998390992745103,historical IsFixed; old-boundary control only,0.0004465254406667753,0.0013181747958463277,False,0,3,-0.42221077649018685,0
old-e100-p000,old-boundary full skin + 3D lambda control,old-boundary-secondary-historical-diagnostic,"full extracted boundary, historical 3D lambda in Koiter; historical IsFixed boundary",9,0.8270245467300762,4.391615351072154,0.8326717740713043,0.8317654559322936,4.598056870030968,0.00023097805580580367,7.919255746128003e-05,0.733466988612442,3.12333961946714,0.021239949172417862,0.6851781472690897,0.4580650414115921,0.32834170880383967,2.3234113200203717,historical IsFixed; old-boundary control only,0.0004999995826214017,0.001470480145807949,False,0,3,-0.42093258668772504,0
old-e100-p000,old-boundary full skin + 3D lambda control,old-boundary-secondary-historical-diagnostic,"full extracted boundary, historical 3D lambda in Koiter; historical IsFixed boundary",10,0.8123460628454596,4.313670560421114,0.8177680560318236,0.8168950040343842,4.8446730925872545,0.00023129328682728966,8.40652003770299e-05,0.7323987384133424,3.094878729927628,0.023288041609858312,0.7694412507279708,0.380469673883243,0.3046093182050898,2.7917595816049205,historical IsFixed; old-boundary control only,0.0005567130166712326,0.0016156600812181402,False,0,6,-0.44510401981593795,0
old-e100-p000,old-boundary full skin + 3D lambda control,old-boundary-secondary-historical-diagnostic,"full extracted boundary, historical 3D lambda in Koiter; historical IsFixed boundary",11,0.7985972169185444,4.24066227660306,0.8036050692863071,0.8027883024300672,5.0860523798911395,0.00023164749289411916,8.820976257762657e-05,0.7324236835648983,3.0677598165966207,0.025251779947216623,0.8500894107319463,0.30724369969775356,0.27113460944056783,3.455455141267371,historical IsFixed; old-boundary control only,0.0006130775037414779,0.002435403196912527,False,0,8,-0.4531474193556528,0
old-e100-p000,old-boundary full skin + 3D lambda control,old-boundary-secondary-historical-diagnostic,"full extracted boundary, historical 3D lambda in Koiter; historical IsFixed boundary",12,0.7853399473131041,4.170264331411772,0.7898802686993143,0.7890833935716319,5.337452688576866,0.00023232458977765286,9.24965503096724e-05,0.7339791027593465,3.0348109925451845,0.027130961639722628,0.9264433563942818,0.24555209922675236,0.21219520009057175,4.329273123924112,historical IsFixed; old-boundary control only,0.0006659759344199628,0.0025320838532021713,False,0,7,-0.4550310673928224,0
old-e100-p000,old-boundary full skin + 3D lambda control,old-boundary-secondary-historical-diagnostic,"full extracted boundary, historical 3D lambda in Koiter; historical IsFixed boundary",13,0.7731086155454551,4.105314258808431,0.7772012692573687,0.7764388841827597,5.595297232506361,0.00023289618071634907,9.586580645407765e-05,0.7363324059343878,3.0119225528457254,0.028929595095670675,0.9981267746253877,0.19897352049312797,0.16882261629931383,5.356256380137771,historical IsFixed; old-boundary control only,0.0007148686176942869,0.002611648593120133,False,0,7,-0.3749574721020681,0
old-e100-p000,old-boundary full skin + 3D lambda control,old-boundary-secondary-historical-diagnostic,"full extracted boundary, historical 3D lambda in Koiter; historical IsFixed boundary",14,0.76142597669865,4.04327782191727,0.7652199744544692,0.7644579897152416,5.829464644685826,0.00023284017842371875,9.796731487628294e-05,0.737686865599546,2.98666748195052,0.030653481467715564,1.0645218939188203,0.17279256567902695,0.14408139619332497,6.182985236651533,historical IsFixed; old-boundary control only,0.0007609043248911141,0.0026763954884399914,False,0,6,-0.32743909006373023,0
old-e100-p000,old-boundary full skin + 3D lambda control,old-boundary-secondary-historical-diagnostic,"full extracted boundary, historical 3D lambda in Koiter; historical IsFixed boundary",15,0.7506484661062429,3.9860477419261797,0.7539096906153524,0.7532059353901004,6.027004972462361,0.0002329991243633381,9.990037453696212e-05,0.7401003586609253,2.9688426050793146,0.03230345138592337,1.125945927712286,0.16370552372081992,0.13420547241935038,6.5392934343436195,historical IsFixed; old-boundary control only,0.0008040356602460859,0.00273158460179154,False,0,6,-0.21969696019382726,0
old-e100-p000,old-boundary full skin + 3D lambda control,old-boundary-secondary-historical-diagnostic,"full extracted boundary, historical 3D lambda in Koiter; historical IsFixed boundary",16,0.7401665411819378,3.930387262937533,0.7430948842690175,0.7424210401447879,6.216193882906783,0.0002326749347159926,0.00010117225595640219,0.7431359662514678,2.960985532749091,0.0338813308840656,1.1830376136302392,0.16795730092917555,0.11433309593121728,6.384068132900662,historical IsFixed; old-boundary control only,0.0008453923666298959,0.0027795789789472414,False,0,3,-0.17743641690863537,0
old-e100-p000,old-boundary full skin + 3D lambda control,old-boundary-secondary-historical-diagnostic,"full extracted boundary, historical 3D lambda in Koiter; historical IsFixed boundary",17,0.7311431347990605,3.8824717202288106,0.7336158323384135,0.7329901896083777,6.333798606971807,0.00023235749919208707,0.00010200996800397441,0.746243887526178,2.9521726107718935,0.03539247789084585,1.2361523591896648,0.15316889398582922,0.08772985442223276,6.215181682222962,historical IsFixed; old-boundary control only,0.0008834315132970153,0.002821346674988104,False,0,2,-0.18468680288328795,0
old-e100-p000,old-boundary full skin + 3D lambda control,old-boundary-secondary-historical-diagnostic,"full extracted boundary, historical 3D lambda in Koiter; historical IsFixed boundary",18,0.7221566671793442,3.834752327489264,0.7238612383511236,0.7233556235164454,6.469680428169671,0.00023219912313493526,0.0001032166059295911,0.7506753739859436,2.952293378930253,0.03683953312018434,1.2851297426017219,0.12079212792865865,0.06626659836969986,7.8303543609008415,historical IsFixed; old-boundary control only,0.0009212638201182789,0.0028639788418884254,False,0,3,-0.17004329147883193,0
old-e100-p000,old-boundary full skin + 3D lambda control,old-boundary-secondary-historical-diagnostic,"full extracted boundary, historical 3D lambda in Koiter; historical IsFixed boundary",19,0.713354757133083,3.7880129611297635,0.7145808461857773,0.7141333248020527,6.592384536185984,0.00023134565976371901,0.00010383592875937758,0.7537437587596173,2.9442669953342993,0.03822556852170528,1.3311302780538146,0.0974373631422329,0.051291088726034044,9.649840860252839,historical IsFixed; old-boundary control only,0.0009563388609714146,0.0028973976487349285,False,0,4,-0.16003038234502684,0
old-e100-p000,old-boundary full skin + 3D lambda control,old-boundary-secondary-historical-diagnostic,"full extracted boundary, historical 3D lambda in Koiter; historical IsFixed boundary",20,0.7076415551072539,3.757675063881597,0.7078976314928325,0.7076564546958017,6.661545408580742,0.0002307394727806677,0.000103586483352865,0.7593933322784321,2.952120637605069,0.039553017220723366,1.3748272547250917,0.0769616031919612,0.038993032606253586,12.16103447282151,historical IsFixed; old-boundary control only,0.0009861425155765434,0.0029216163666127277,False,0,7,-0.20243190403513886,0
old-e100-p000,old-boundary full skin + 3D lambda control,old-boundary-secondary-historical-diagnostic,"full extracted boundary, historical 3D lambda in Koiter; historical IsFixed boundary",21,0.6993314993886031,3.7135475124001016,0.6991269868854096,0.6989317454643608,6.7790051950972146,0.00023016059796960843,0.00010483160163614595,0.7627667604489359,2.943888079275768,0.04082367561949731,1.4166473657091347,0.0419299937726261,0.020631569266143523,22.30541132773237,historical IsFixed; old-boundary control only,0.0010165825057108118,0.002941902155943136,False,0,10,-0.18248059650684437,0
old-e100-p000,old-boundary full skin + 3D lambda control,old-boundary-secondary-historical-diagnostic,"full extracted boundary, historical 3D lambda in Koiter; historical IsFixed boundary",22,0.6915738484838958,3.6723533072993306,0.6908247017526938,0.6906976359846898,6.901549345066942,0.00022964327215551354,0.0001055477668266682,0.7668130329266069,2.939627289773717,0.042042874404462756,1.4569389712678793,0.012026114530950205,0.005750846030895164,77.7521373678738,historical IsFixed; old-boundary control only,0.0010447619088631845,0.0029578021148847014,False,0,10,-0.2195398278979604,0
old-e100-p000,old-boundary full skin + 3D lambda control,old-boundary-secondary-historical-diagnostic,"full extracted boundary, historical 3D lambda in Koiter; historical IsFixed boundary",23,0.6850921007996378,3.637934325729181,0.6835612183795141,0.6835261268905424,6.982941120108439,0.00022946955417810336,0.00010642753408251866,0.7716476099313639,2.9361394332630066,0.04321320396607218,1.4957119759407287,-0.010278782567224466,-0.004772195982906107,90.93437118747042,historical IsFixed; old-boundary control only,0.0010710032593285541,0.002968356837144342,False,1,11,-0.26756250624247796,0
old-e100-p000,old-boundary full skin + 3D lambda control,old-boundary-secondary-historical-diagnostic,"full extracted boundary, historical 3D lambda in Koiter; historical IsFixed boundary",24,0.6802960580526854,3.6124666717941296,0.6778595084425033,0.6779899902851381,7.092066079140439,0.0002295266963391724,0.00010682060184447676,0.7786218256752709,2.943354126396734,0.04433951803086032,1.5324657107148052,-0.026172568691822537,-0.01178962620755976,35.69620388385486,historical IsFixed; old-boundary control only,0.0010953104898383432,0.002978360800533647,False,1,13,-0.30884465924974236,0
old-e100-p000,old-boundary full skin + 3D lambda control,old-boundary-secondary-historical-diagnostic,"full extracted boundary, historical 3D lambda in Koiter; historical IsFixed boundary",25,0.6728558984576833,3.5729583896989645,0.6697633514661365,0.6700045013550022,7.214909626241278,0.00022892337299203512,0.00010781783487119914,0.7833959561591586,2.938986921528748,0.045424155699022466,1.5677995723602909,-0.016122625711244787,-0.006917196428468388,57.64523354037682,historical IsFixed; old-boundary control only,0.0011185434515443358,0.0029822938393952794,False,1,13,-0.3439541188815612,0
old-e100-p000,old-boundary full skin + 3D lambda control,old-boundary-secondary-historical-diagnostic,"full extracted boundary, historical 3D lambda in Koiter; historical IsFixed boundary",26,0.6659335317974151,3.5361996600927124,0.6624096731575656,0.6627321583147845,7.329758382710389,0.0002284215099782514,0.00010881461689335354,0.7870822370560515,2.9313745407279095,0.04646994180062221,1.6018423018461958,0.006009837966808984,0.0024371725352253138,153.5491104088768,historical IsFixed; old-boundary control only,0.0011412259376640103,0.0029829917028825928,False,0,15,-0.41376446518913246,0
old-e100-p000,old-boundary full skin + 3D lambda control,old-boundary-secondary-historical-diagnostic,"full extracted boundary, historical 3D lambda in Koiter; historical IsFixed boundary",27,0.6593232282547579,3.5010980290371894,0.6551862226202029,0.6556463774495588,7.419376892274468,0.00022794460449121075,0.00010954086736086702,0.7915476978189145,2.9174118480199045,0.04747935977088507,1.6347446159140306,0.02983267579528034,0.011442097535357491,30.72543464082926,historical IsFixed; old-boundary control only,0.0011625751152217136,0.0029991261860180924,False,0,15,-0.48042925648959156,0
old-e100-p000,old-boundary full skin + 3D lambda control,old-boundary-secondary-historical-diagnostic,"full extracted boundary, historical 3D lambda in Koiter; historical IsFixed boundary",28,0.6536202069380518,3.47081419277022,0.6489056080732555,0.6494712039178111,7.514409239050302,0.00022767686834837149,0.000110251344249737,0.7955000930557005,2.9137606680245147,0.048453423142808004,1.6662868517639076,0.05362422544754552,0.01948916105402658,16.990615136282955,historical IsFixed; old-boundary control only,0.0011822988782651093,0.0030414677096138694,False,0,14,-0.5383750492528656,0
old-e100-p000,old-boundary full skin + 3D lambda control,old-boundary-secondary-historical-diagnostic,"full extracted boundary, historical 3D lambda in Koiter; historical IsFixed boundary",29,0.647849597127659,3.440171452202763,0.6426627617552062,0.6433215055504049,7.595075867278045,0.00022737200859007645,0.00011089489414396831,0.7987205620476968,2.9131828057985394,0.04939244577171046,1.696346175539261,0.07644597844318524,0.026395820904861478,11.85643489306945,historical IsFixed; old-boundary control only,0.0011979551800170884,0.0030785281158301177,False,0,17,-0.5876304651078715,0
old-e100-p000,old-boundary full skin + 3D lambda control,old-boundary-secondary-historical-diagnostic,"full extracted boundary, historical 3D lambda in Koiter; historical IsFixed boundary",30,0.6417295384982127,3.4076730898109755,0.6360726842851214,0.6368298730943218,7.702225780390828,0.00022688918165674005,0.00011178273848879637,0.8021176741839998,2.902484189956497,0.05029748873657129,1.724843888435532,0.09751561766038512,0.032085513670396894,9.25486654925095,historical IsFixed; old-boundary control only,0.0012152139679335538,0.0031118911028439754,False,0,20,-0.6197185189256933,0
old-e100-p000,old-boundary full skin + 3D lambda control,old-boundary-secondary-historical-diagnostic,"full extracted boundary, historical 3D lambda in Koiter; historical IsFixed boundary",31,0.6376541488016064,3.3860322037889325,0.6310147504401599,0.631968325639405,7.795886293870392,0.00022728130941957869,0.0001124459864420875,0.8091754042784888,2.89351572539602,0.05117087352725984,1.7517059219406708,0.11675539706362988,0.036722411311087645,7.715839105402409,historical IsFixed; old-boundary control only,0.001232036061989924,0.0031429445761220805,False,0,20,-0.6551259492256197,0
old-e100-p000,old-boundary full skin + 3D lambda control,old-boundary-secondary-historical-diagnostic,"full extracted boundary, historical 3D lambda in Koiter; historical IsFixed boundary",32,0.632631533992492,3.359361420696168,0.6254111695608301,0.6264409435104439,7.87784908534378,0.00022708937053324003,0.00011319991815994614,0.8129707667728252,2.8865128461579572,0.052014470089945065,1.7769880279198405,0.12398331948995281,0.04044365190228322,8.61482263337783,historical IsFixed; old-boundary control only,0.0012475445669462893,0.003170035798601736,False,0,21,-0.678437609952095,0
old-e100-p000,old-boundary full skin + 3D lambda control,old-boundary-secondary-historical-diagnostic,"full extracted boundary, historical 3D lambda in Koiter; historical IsFixed boundary",33,0.6273457290972169,3.3312930616460728,0.6196458260660659,0.6207438698182378,7.955131647533344,0.00022678883835577728,0.00011400568821147638,0.8166034637652398,2.877926461425026,0.05283047171130226,1.8007690303926425,0.11825145062482272,0.04337456148341326,9.503399193555346,historical IsFixed; old-boundary control only,0.0012623553481351738,0.003194462567090404,False,0,21,-0.6970395884019023,0
old-e100-p000,old-boundary full skin + 3D lambda control,old-boundary-secondary-historical-diagnostic,"full extracted boundary, historical 3D lambda in Koiter; historical IsFixed boundary",34,0.6223301692589499,3.304659741429589,0.6140709419589195,0.6152811755384843,8.037205249192196,0.00022678525337784672,0.00011483108747007122,0.820561781187845,2.8791017274662942,0.05361973619907368,1.8231472007168639,0.05827136003254224,0.037080561690709585,14.502371049635748,historical IsFixed; old-boundary control only,0.001270946296101031,0.003216705706317365,False,0,25,-0.7173887075044845,0
old-e100-p000,old-boundary full skin + 3D lambda control,old-boundary-secondary-historical-diagnostic,"full extracted boundary, historical 3D lambda in Koiter; historical IsFixed boundary",35,0.6226856645231247,3.306547470718346,0.613358692657737,0.6149201751619381,8.18988866155208,0.00022900187087018865,0.00011807953701417611,0.8266733372996657,2.8453040833592294,0.05438349352170607,1.8442431117425049,0.010712550528372966,0.006574342436366282,77.80200280911217,historical IsFixed; old-boundary control only,0.0012886538537635066,0.0032336195468053897,False,0,20,-0.725291139293633,0
old-e100-p000,old-boundary full skin + 3D lambda control,old-boundary-secondary-historical-diagnostic,"full extracted boundary, historical 3D lambda in Koiter; historical IsFixed boundary",36,0.6177985093435711,3.2805959970958773,0.6081753994505694,0.6097714042931954,8.343461701533794,0.00022826377025201628,0.00011860502381896341,0.8292293052738641,2.843763388882368,0.055122302976616445,1.8642051568353812,0.009525611133521565,0.005541211733804963,85.61835551795261,historical IsFixed; old-boundary control only,0.001298395614539446,0.0032511298897065877,False,0,22,-0.7538802109520628,0
old-e100-p000,old-boundary full skin + 3D lambda control,old-boundary-secondary-historical-diagnostic,"full extracted boundary, historical 3D lambda in Koiter; historical IsFixed boundary",37,0.6129836395703651,3.25502836903329,0.6028849148322111,0.60452703700506,8.424168171625125,0.0002277687128858185,0.00011885166330300163,0.8332952447926784,2.8485688107200566,0.055838619540582494,1.8831245075921481,0.048666059155536866,0.028227526457636008,19.4230762151922,historical IsFixed; old-boundary control only,0.00130972481861947,0.003266475504114566,False,0,22,-0.7705222030391369,0
old-e100-p000,old-boundary full skin + 3D lambda control,old-boundary-secondary-historical-diagnostic,"full extracted boundary, historical 3D lambda in Koiter; historical IsFixed boundary",38,0.6090998831893724,3.234405082566125,0.598480092779878,0.6001971370745127,8.486117131953396,0.00022750187990026204,0.00011894999258228908,0.8373749391910754,2.8492242308069566,0.05653332030894481,1.9011046823616278,0.03227538213430456,0.02341863596099125,29.08821640043575,historical IsFixed; old-boundary control only,0.0013188865291337748,0.0032771744043733056,False,0,24,-0.7792236416501747,0
old-e100-p000,old-boundary full skin + 3D lambda control,old-boundary-secondary-historical-diagnostic,"full extracted boundary, historical 3D lambda in Koiter; historical IsFixed boundary",39,0.6070375524668159,3.2234538196368963,0.5955598689907984,0.5974482781472605,8.473423658162913,0.0002278125619161372,0.00011872557347698237,0.8420648572775234,2.859969814264254,0.05720909565345232,1.9181632662281056,0.034334179085349845,0.0243226145796472,27.08978696599792,historical IsFixed; old-boundary control only,0.0013286633865820542,0.003285518504931365,False,0,26,-0.7914587831265609,0
old-e100-p000,old-boundary full skin + 3D lambda control,old-boundary-secondary-historical-diagnostic,"full extracted boundary, historical 3D lambda in Koiter; historical IsFixed boundary",40,0.6024609227330279,3.199151279313826,0.5905836139329804,0.5925273216136181,8.544382000165182,0.00022720834463946655,0.00011908355387273735,0.8448068539687853,2.850421796681684,0.05786652551255656,1.9343478986669977,0.051966034369184365,0.035790675230096755,19.403113242214626,historical IsFixed; old-boundary control only,0.001339339684457906,0.0032942257064675806,False,0,29,-0.8050498660599399,0
no-skin,old-boundary no-skin control,old-boundary-external-no-skin-control,no Koiter skin; historical IsFixed boundary,0,1.0,5.310139062299789,1.0,1.0,2.8909047384237616,0.0002428382659609722,0.0,0.7760198153422891,3.45610405728017,0.0,0.0,1.0,1.0,1.0,historical IsFixed; old-boundary control only,0.0,0.0,True,0,0,1.0,0
no-skin,old-boundary no-skin control,old-boundary-external-no-skin-control,no Koiter skin; historical IsFixed boundary,1,0.9351120193768665,4.965574861719135,0.9442219871567483,0.942863664440389,2.832354155495823,0.00022230731872431507,2.0271705088329864e-05,0.7499144165595039,3.3265469898181483,0.004466567767625319,0.11195984013533944,0.8725161519804155,0.7108209790554484,1.1491492923873936,historical IsFixed; old-boundary control only,4.32331213939818e-05,9.884465677100629e-05,False,0,0,0.5689934272890863,0
no-skin,old-boundary no-skin control,old-boundary-external-no-skin-control,no Koiter skin; historical IsFixed boundary,2,0.8762176041873295,4.652837327069873,0.8932580439533967,0.890502829275926,2.8763503589644794,0.00020709526892307974,3.8968224290248e-05,0.7268290024385764,3.199358100619997,0.008631539719916712,0.21392665340615769,0.7659910331529279,0.5242458035804626,1.2898852696512335,historical IsFixed; old-boundary control only,8.6022635579894e-05,0.00019779188511086752,False,0,0,0.019870164542996418,0
no-skin,old-boundary no-skin control,old-boundary-external-no-skin-control,no Koiter skin; historical IsFixed boundary,3,0.820751796278027,4.3583061738686695,0.8446767797292682,0.8404807934404787,3.1867744610957494,0.00019350828641006212,5.634892763977036e-05,0.7069625002662021,3.1001257054893387,0.01254222590593286,0.3236617374738862,0.6823153193203185,0.41085000755735146,1.4253221723061853,historical IsFixed; old-boundary control only,0.00012661280773526112,0.0002910313468530036,False,0,2,-0.31035224890851154,0
no-skin,old-boundary no-skin control,old-boundary-external-no-skin-control,no Koiter skin; historical IsFixed boundary,4,0.7702363062141396,4.090061896829204,0.7995582419015619,0.7941254078399475,3.5732495428678495,0.00018173382044447237,7.203875392631854e-05,0.6909201589037463,2.9891598421024104,0.01622483621805594,0.4374965101161002,0.6073029015733136,0.33826417399998543,1.605212631490118,historical IsFixed; old-boundary control only,0.00016627265775787795,0.0003804396517168055,False,0,1,-0.31331185843916026,0
no-skin,old-boundary no-skin control,old-boundary-external-no-skin-control,no Koiter skin; historical IsFixed boundary,5,0.7232618743795298,3.840621131414904,0.7568530766900741,0.7503947341093098,3.947485751470393,0.00016933346270610593,8.645925076341849e-05,0.6753409566385451,2.852534985924819,0.019681010387297256,0.5555128076107585,0.5148478578927709,0.2597192821806246,1.8752681327720715,historical IsFixed; old-boundary control only,0.0002042143115836973,0.0004660856733471702,False,0,1,-0.296062393288427,0
no-skin,old-boundary no-skin control,old-boundary-external-no-skin-control,no Koiter skin; historical IsFixed boundary,6,0.6808586989494365,3.615454373198015,0.7177016591531019,0.7104480921697576,4.382912452024763,0.00015898682156647936,9.797444907851479e-05,0.6605265402511834,2.677088700250616,0.022935179315744895,0.6741790747226846,0.4224521665029673,0.20742939295819768,2.3284871266197213,historical IsFixed; old-boundary control only,0.0002433224245025931,0.0005493490020489944,False,0,1,-0.33263833369552076,0
no-skin,old-boundary no-skin control,old-boundary-external-no-skin-control,no Koiter skin; historical IsFixed boundary,7,0.6427855296227557,3.413280549530853,0.681523492292823,0.6738310257727375,4.751423230535135,0.00014989825158173549,0.00010858874926786879,0.6497742059695947,2.457890486966061,0.026000810990622035,0.7901648722703611,0.30458741539513284,0.1650198235779484,3.171092679529699,historical IsFixed; old-boundary control only,0.00028014157733680426,0.0006296801279313958,False,0,1,-0.33304388854542466,0
no-skin,old-boundary no-skin control,old-boundary-external-no-skin-control,no Koiter skin; historical IsFixed boundary,8,0.6078270583695012,3.2276462057706623,0.6479462394615148,0.6399771270760692,5.094012082174395,0.0001423117269810517,0.00011813040465345847,0.6387544445453501,2.2328957050541742,0.028881153718749494,0.898782941482071,0.19482537085915985,0.1284498460462621,4.890466100079533,historical IsFixed; old-boundary control only,0.00031720362606806773,0.0007057222869067933,False,0,1,-0.2698095158713809,0
no-skin,old-boundary no-skin control,old-boundary-external-no-skin-control,no Koiter skin; historical IsFixed boundary,9,0.5768898083207127,3.063365105806454,0.6176303731451614,0.609478485827736,5.418098655120047,0.0001375146355229933,0.00012649616413112848,0.6297212570378506,2.044520835925544,0.03158522401540216,0.9988297568940334,0.10808313192368395,0.07923791061531642,8.73746307849976,historical IsFixed; old-boundary control only,0.0003532405959698083,0.0007796692957495379,False,0,1,-0.24711742436560918,0
no-skin,old-boundary no-skin control,old-boundary-external-no-skin-control,no Koiter skin; historical IsFixed boundary,10,0.5485396067729414,2.912821593143562,0.5894639052216333,0.581179825016582,5.675673549407699,0.00013383592407746592,0.0001341410071203253,0.624617162618809,1.8655913634503398,0.03412145394537612,1.0905022207074206,0.06857120785775139,0.04896385610071203,13.637449879093124,historical IsFixed; old-boundary control only,0.000387622841551561,0.0008502385577190442,False,0,1,-0.17918731476146801,0
no-skin,old-boundary no-skin control,old-boundary-external-no-skin-control,no Koiter skin; historical IsFixed boundary,11,0.520903694569203,2.7660710562282036,0.5616218037889095,0.553315564206714,5.94089227240472,0.00013160969694062425,0.00014092080540448152,0.6221014474260236,1.7220838221034402,0.03650023807906444,1.1740182155870846,0.07023198467665316,0.048587865959059215,17.598593943984874,historical IsFixed; old-boundary control only,0.0004214470978594407,0.0009181678529505259,False,0,0,0.005840796297226206,2
no-skin,old-boundary no-skin control,old-boundary-external-no-skin-control,no Koiter skin; historical IsFixed boundary,12,0.4982801661710881,2.645936974354325,0.5383099831160623,0.529949009876223,6.187392983591112,0.0001303927188796511,0.0001466891412851595,0.6266294103846579,1.5930328712837398,0.03873145782988936,1.250272416395928,0.014603245289770701,0.01760678936341129,92.05881795889535,historical IsFixed; old-boundary control only,0.00045161393589440057,0.0009846814416162404,False,0,1,-0.025578244926830272,4
no-skin,old-boundary no-skin control,old-boundary-external-no-skin-control,no Koiter skin; historical IsFixed boundary,13,0.4753355340937761,2.5240977872904935,0.5146391949276645,0.5064575592949115,6.41415170607313,0.00012841291499072062,0.0001520508364542474,0.6257023690849064,1.4360091980215002,0.0408202735232564,1.318883519294202,-0.030881418178163957,-0.03664357399590359,71.3573164460519,historical IsFixed; old-boundary control only,0.0004824267007320297,0.0010532208200348565,False,2,2,-0.05951788554120082,1
no-skin,old-boundary no-skin control,old-boundary-external-no-skin-control,no Koiter skin; historical IsFixed boundary,14,0.4555066392893192,2.4188035984271137,0.49326456246997824,0.48534202500403817,6.603164300258789,0.00013044670942117704,0.00015945978614975449,0.6257267044119141,1.347640179673129,0.04278010692611741,1.3804091176318898,-0.05427317894224866,-0.06311536656893059,7114.779335270321,historical IsFixed; old-boundary control only,0.0005107650200568027,0.001117968989647086,False,3,4,-0.1681674993699788,2
no-skin,old-boundary no-skin control,old-boundary-external-no-skin-control,no Koiter skin; historical IsFixed boundary,15,0.43580271479982735,2.3141730193148575,0.4728507351300292,0.46524819825226205,6.832631693299059,0.00012947034911077137,0.00016415545193378413,0.6186813225453638,1.2632831919977234,0.04461856224410333,1.4360944166802587,-0.0551448650753583,-0.06246251415483777,98.39395766101661,historical IsFixed; old-boundary control only,0.0005382837388717968,0.0011795947845401238,False,1,4,-0.17515640639853983,2
no-skin,old-boundary no-skin control,old-boundary-external-no-skin-control,no Koiter skin; historical IsFixed boundary,16,0.41955041223266487,2.227871032600653,0.45543980393150185,0.44787585399792296,7.087817946925651,0.00013032552484348989,0.000169945288935352,0.6376384785471478,1.1942102189008048,0.046342946468421416,1.489230614115379,-0.0846862417005128,-0.0948337844553574,63.16979364752018,historical IsFixed; old-boundary control only,0.0005638364891520968,0.0012385113423704435,False,4,5,-0.17373116065675948,4
no-skin,old-boundary no-skin control,old-boundary-external-no-skin-control,no Koiter skin; historical IsFixed boundary,17,0.4039683364273114,2.145128043194929,0.4384531231995196,0.4309268784486885,7.359969303897304,0.0001319161978392516,0.00017466968211398166,0.6545718717478567,1.1315817819793559,0.04796386822861521,1.5383749784397536,-0.1171879989339079,-0.12910295181725576,133.0649661257711,historical IsFixed; old-boundary control only,0.0005885470746384464,0.0012945255170050852,False,5,6,-0.1434762655176438,3
no-skin,old-boundary no-skin control,old-boundary-external-no-skin-control,no Koiter skin; historical IsFixed boundary,18,0.3897236319844546,2.0694866817019997,0.4230760005971994,0.4158162937285531,7.475445918247518,0.0001327925356983592,0.00017789139702380186,0.6559040535575569,1.0771211734067754,0.04948470226578249,1.5843087052685172,-0.2121155339302236,-0.24214841334882475,119.98728281568735,historical IsFixed; old-boundary control only,0.0006116414581745148,0.0013462209268411247,False,7,6,-2.547458400261859,4
no-skin,old-boundary no-skin control,old-boundary-external-no-skin-control,no Koiter skin; historical IsFixed boundary,19,0.3762568732966576,1.9979763203513639,0.4087138833950221,0.4017695505822917,7.5310169461728576,0.00013427636880272774,0.0001796954037730244,0.641880603367163,1.0546284481999746,0.050905812458635145,1.6272798465401437,-0.29196766245602596,-0.34045274093208444,178.72290597270688,historical IsFixed; old-boundary control only,0.0006334106347200407,0.0013933756718257535,False,7,8,-2.340414527183021,5
no-skin,old-boundary no-skin control,old-boundary-external-no-skin-control,no Koiter skin; historical IsFixed boundary,20,0.364340984757179,1.9347012951558684,0.3960877166943354,0.389142116413447,7.70397898325103,0.00013471628994293032,0.0001828313957108435,0.6413149514973262,0.9929623905559274,0.052235617973673015,1.6672815492357613,-0.36599128355745036,-0.43584523787207624,517.8147440054179,historical IsFixed; old-boundary control only,0.0006552238764614878,0.0014393834210548466,False,12,10,-2.0062251117407595,5
no-skin,old-boundary no-skin control,old-boundary-external-no-skin-control,no Koiter skin; historical IsFixed boundary,21,0.3540425441619521,1.8800151434703798,0.3842757302452364,0.3773522535227589,7.856954933533876,0.00013584606155766905,0.00018616726498099233,0.6663402631422374,0.9331427264526995,0.05348134314490767,1.7046673926137983,-0.4327246719854358,-0.525355039449568,1371.7131484197857,historical IsFixed; old-boundary control only,0.0006749875149831882,0.001479441478610322,False,16,12,-1.7053780687839006,5
no-skin,old-boundary no-skin control,old-boundary-external-no-skin-control,no Koiter skin; historical IsFixed boundary,22,0.34245939416845644,1.8185070062254411,0.372170763423149,0.3654462806975902,8.008803075815377,0.00013754990263003893,0.0001886382384277659,0.6491427952078594,0.916327984987935,0.05464958394563099,1.7397901616272067,-0.48451043689636125,-0.5945656771364195,964.5975779413623,historical IsFixed; old-boundary control only,0.0006941795509199089,0.0015164668649977383,False,15,14,-1.9421274595812785,5
no-skin,old-boundary no-skin control,old-boundary-external-no-skin-control,no Koiter skin; historical IsFixed boundary,23,0.33264500741321246,1.766391247743902,0.36104357406841664,0.3543959747973296,8.112881297945336,0.00013947827679084888,0.00019114613355057392,0.6671801909676218,0.8985837189553861,0.05574512806073458,1.772711532740166,-0.5358000103462732,-0.6668578600943488,376.7378903078931,historical IsFixed; old-boundary control only,0.0007127500242327549,0.0015508336716481322,False,18,15,-2.4329318136334757,8
no-skin,old-boundary no-skin control,old-boundary-external-no-skin-control,no Koiter skin; historical IsFixed boundary,24,0.3237064604207742,1.7189263201991538,0.3502494331908392,0.34371341261693994,8.36988157196274,0.0001427013884533927,0.00019571207922047644,0.6874463467200068,0.8872755629059575,0.056771758928372856,1.8035653878490274,-0.5832978932216107,-0.7365115991982637,875.9403730779924,historical IsFixed; old-boundary control only,0.0007304904913970747,0.0015816683522383197,False,17,14,-2.6137374342215938,7
no-skin,old-boundary no-skin control,old-boundary-external-no-skin-control,no Koiter skin; historical IsFixed boundary,25,0.31847006123383703,1.6911203123308038,0.34348864165441356,0.3377740184112188,8.452998278744595,0.00014592187042140488,0.00020016007748239383,0.709822111342294,0.9544109563308617,0.05773834879379501,1.8323751316501342,-0.624080459825922,-0.7971439479919195,803.8000984896273,historical IsFixed; old-boundary control only,0.0007472302896299047,0.0016095049516653022,False,21,15,-2.4083318352259653,7
no-skin,old-boundary no-skin control,old-boundary-external-no-skin-control,no Koiter skin; historical IsFixed boundary,26,0.3104558282027631,1.6485636204581247,0.3347446863520795,0.32909291034670696,8.571099180546797,0.00014753501632124667,0.00020051148570246827,0.6917865907540509,1.008587001461673,0.058648201567577794,1.8590812100497844,-0.6636193720130258,-0.8591408860955966,339.0566985419544,historical IsFixed; old-boundary control only,0.0007632359334085461,0.0016353204368167239,False,23,16,-2.709818838697264,7
no-skin,old-boundary no-skin control,old-boundary-external-no-skin-control,no Koiter skin; historical IsFixed boundary,27,0.30280114434858985,1.6079161847145238,0.3268554558297381,0.3212340101954803,8.673650399693477,0.00014673516035761426,0.0002014205047420197,0.7027452902187131,0.9589612381645537,0.05950533589672136,1.8833997495188746,-0.6982008297272883,-0.9149121272312779,1049.7364847978668,historical IsFixed; old-boundary control only,0.0007781483531409128,0.0016580896916048085,False,25,18,-2.9918778688656973,5
no-skin,old-boundary no-skin control,old-boundary-external-no-skin-control,no Koiter skin; historical IsFixed boundary,28,0.2943837382853123,1.5632185879746745,0.3184748921852479,0.31273876772066395,8.73818348597007,0.00014582552110169156,0.00020240125982225475,0.6931872651082477,0.9360867580470881,0.060313282386215146,1.9055464940861389,-0.7263651846802979,-0.9586696988505365,875.6835099628705,historical IsFixed; old-boundary control only,0.0007919960902919247,0.001680117090193315,False,33,18,-2.2069429023842746,3
no-skin,old-boundary no-skin control,old-boundary-external-no-skin-control,no Koiter skin; historical IsFixed boundary,29,0.28754166136201853,1.5268862080370325,0.3104833632581321,0.3048801157726508,8.762849683924243,0.00014828553285313285,0.0002052254453435659,0.6911127694590278,0.9738356604537337,0.06107720655279907,1.9256100363860926,-0.7510344339273861,-0.9972182432467049,327.3370733679033,historical IsFixed; old-boundary control only,0.0008051442116581043,0.0017005475378587354,False,37,18,-2.089888206907116,4
no-skin,old-boundary no-skin control,old-boundary-external-no-skin-control,no Koiter skin; historical IsFixed boundary,30,0.28104960031466575,1.4924124610746496,0.30345493784666006,0.29780810638189664,8.818310385895638,0.00014990711237787755,0.00020846264630088108,0.703762081499877,0.9704325654385134,0.061797010855797765,1.9440899321510263,-0.7743146549157955,-1.035329676563205,1527.2503804301753,historical IsFixed; old-boundary control only,0.0008177714351779778,0.0017174210216384577,False,42,21,-1.984157928902702,5
no-skin,old-boundary no-skin control,old-boundary-external-no-skin-control,no Koiter skin; historical IsFixed boundary,31,0.2747111219106431,1.4587542593059053,0.29656423926211367,0.29095935763485126,8.902072379657671,0.00015076802775443473,0.00021026483103874505,0.7120071045333094,0.9606705131428036,0.0624768679426012,1.9611363983890318,-0.7949556677807299,-1.0700886747107639,527.3227212718283,historical IsFixed; old-boundary control only,0.0008296967261772911,0.0017312484161241877,False,47,23,-2.786645228133513,7
no-skin,old-boundary no-skin control,old-boundary-external-no-skin-control,no Koiter skin; historical IsFixed boundary,32,0.27351979223711853,1.4524281330704456,0.29404658972822506,0.28926663568762634,8.957196187772306,0.00015186371882226562,0.00021191044612787265,0.7145373740722971,0.9784311635529749,0.06311953169249566,1.9768749426388996,-0.8118323556083508,-1.0982055433125018,438.85921093493107,historical IsFixed; old-boundary control only,0.0008411216002709179,0.0017432428933310939,False,50,27,-14.019332333885382,9
no-skin,old-boundary no-skin control,old-boundary-external-no-skin-control,no Koiter skin; historical IsFixed boundary,33,0.27248334911590133,1.4469244759666182,0.2900875081541318,0.2854413038682825,9.008164224302497,0.0001543954556888997,0.00021233958705077656,0.7589043718226974,1.0633710981970064,0.06372207327594218,1.9914383668679558,-0.8014047754358121,-1.0839796921038225,335.55945651270923,historical IsFixed; old-boundary control only,0.0008516223930505695,0.0017538122089528992,False,51,31,-9.887431945128245,12
no-skin,old-boundary no-skin control,old-boundary-external-no-skin-control,no Koiter skin; historical IsFixed boundary,34,0.26744953159687335,1.4201942049263387,0.2853454271763901,0.2808559081401163,9.078485409646566,0.00015308542628276065,0.00021357245952711946,0.7596350692665375,0.9620032538684881,0.06428747631958488,2.0048985749524673,-0.8742901135369348,-1.210747819443248,1126.6502032000233,historical IsFixed; old-boundary control only,0.0008615655578637168,0.001760680947748558,False,57,43,-6.796352189396532,5
no-skin,old-boundary no-skin control,old-boundary-external-no-skin-control,no Koiter skin; historical IsFixed boundary,35,0.26058963911220584,1.383767221880329,0.2795833166350989,0.2747849874481807,9.199090807721452,0.00015311730759096545,0.00021430174854216805,0.7477251940973373,0.9452374855951108,0.06482808247253412,2.0174121858916783,-0.9372336305551268,-1.32242434451339,1342.6814362049709,historical IsFixed; old-boundary control only,0.0008708019121300097,0.0017665418138920342,False,64,50,-5.398618026918667,6
no-skin,old-boundary no-skin control,old-boundary-external-no-skin-control,no Koiter skin; historical IsFixed boundary,36,0.2569058953219255,1.3642060300840573,0.2755099271970939,0.2709584850912809,9.28440152052075,0.00015394034538101682,0.00021560280440917923,0.7485589645611431,0.9575342732587222,0.06534545948139679,2.0290093515853695,-0.9962830717856206,-1.5417327985771396,1251.265273116603,historical IsFixed; old-boundary control only,0.0008793134792005211,0.0017706694881875287,False,74,49,-4.300182108809842,5
no-skin,old-boundary no-skin control,old-boundary-external-no-skin-control,no Koiter skin; historical IsFixed boundary,37,0.25079998350706884,1.3317827892450291,0.2689932377839946,0.264046809303832,9.357661091746142,0.0001542863490002686,0.00021604352362738035,0.7650354892142442,0.9149691639581096,0.06583822082016556,2.039741049806912,-1.0535178734936739,-1.9274943545994683,230.6275884495803,historical IsFixed; old-boundary control only,0.0008873781314482923,0.0017732439268029574,False,83,58,-3.4756468840701076,8
no-skin,old-boundary no-skin control,old-boundary-external-no-skin-control,no Koiter skin; historical IsFixed boundary,38,0.24804005847659943,1.3171272035317145,0.26560516521685457,0.2607440507840642,9.36197040992751,0.0001559482945246419,0.00021746817514366686,0.7617741819816706,0.9137455347519956,0.06630745604654852,2.049655441106963,-1.1093923144613895,-2.304272906366417,1064.396980377044,historical IsFixed; old-boundary control only,0.0008951269774587061,0.001774479978968617,False,90,65,-3.1146427010249402,7
no-skin,old-boundary no-skin control,old-boundary-external-no-skin-control,no Koiter skin; historical IsFixed boundary,39,0.24392382285487382,1.2952694199671595,0.2617780676192199,0.2567584085724917,9.410388431355958,0.0001553146503323678,0.0002176738322208682,0.7401371620648955,0.910920296002302,0.06675513205754363,2.058799603795748,-1.23113106610818,-2.665451911157158,1085.7116682279286,historical IsFixed; old-boundary control only,0.0009023163006117256,0.001774060112162233,False,94,67,-2.9591827449213715,7
no-skin,old-boundary no-skin control,old-boundary-external-no-skin-control,no Koiter skin; historical IsFixed boundary,40,0.23916057889923317,1.2699759321750488,0.2571508162994178,0.25217889709254576,9.444896079093233,0.00015522924819356393,0.0002181681487086174,0.7314839768213895,0.8935328501963209,0.06718246559530429,2.067225505619344,-1.3395718950449294,-3.007563188182092,3985.954535325931,historical IsFixed; old-boundary control only,0.0009090176562765869,0.0018010437583856254,False,98,69,-2.8397985664367797,5
