name,jaw_filtered,score,disp_rms,disp_max,area_total_ratio,area_ratio_q001,area_ratio_q01,area_ratio_q05,area_ratio_median,area_ratio_q95,area_ratio_q99,area_ratio_q999,frac_abs_log_gt_10pct,frac_abs_log_gt_25pct,frac_abs_log_gt_2x,frac_stretch_gt_10pct,frac_shrink_gt_10pct
NeckCompression,False,0.05962468343574891,0.00032519024957712713,0.0035713337681463264,0.999100322219395,0.8082574458775523,0.9329535140523277,0.9986177424104421,0.9999999657365272,1.0000121860204578,1.0337416794935865,1.1737817901763061,0.011906752734205158,0.0002341215425265059,0.0,0.004715876785176762,0.007190875949028396
EyesUp,False,0.08407526997785983,0.0008323830224450682,0.0035132580829912233,0.9974884431564978,0.798496558251666,0.9309393865830661,0.9536363806622545,0.9999944518115115,1.0502659492044153,1.12803744063778,1.5497136100419138,0.02087026321950567,0.006287835713569016,0.0,0.015518913676042677,0.005351349543462992
EyesRight,False,0.12451062520398447,0.0003188960843063831,0.0018424180053937006,1.0007871883018613,0.6462503018287388,0.8985961685427415,0.9671739352545758,0.99999962482381,1.0448185370589544,1.135111188569158,1.3819793531553308,0.026188166828322017,0.007057092210441821,0.0001003378039399311,0.014548981571290009,0.011639185257032008
EyesLeft,False,0.1270112510357575,0.00032084651840632607,0.0019186839051658394,1.0008434906736206,0.6425994653026283,0.9013312565016481,0.9668991268791507,0.9999995927589709,1.0438961141292,1.1311110053892977,1.4989016151068153,0.025452356266095856,0.007993578380547844,6.68918692932874e-05,0.01428141409411686,0.011170942171978997
EyesUpMax,False,0.22574544704103913,0.0007555656464978405,0.006218663802586761,1.0012766423132278,0.575253581747936,0.8961856665606882,0.9585257892861555,1.0000000430071323,1.0546264209253702,1.2768773725791438,2.3551922201017277,0.04190775611224456,0.016321616107562126,0.002341215425265059,0.028897287534700156,0.0130104685775444
EyeClosedLeft,False,0.22667233451576158,0.0006549779771397538,0.007277066034645893,1.0019915271554782,0.4821504801885342,0.8272899365143546,0.9869854013883254,1.0000004638931472,1.0336191240552413,1.1511553230682858,2.4289115318963215,0.033479380581290345,0.015920264891802403,0.0030435800528445765,0.01528479213351617,0.018194588447774173
EyeClosedRight,False,0.27341811693252666,0.0006844732308315664,0.0077116034112785685,1.0024187717054158,0.4830303040027577,0.8137459282772578,0.9878490339410833,1.0000004356941863,1.0345121192407947,1.1809122422830451,2.962781007538263,0.03572025820261547,0.017759791297367804,0.004749322719823405,0.016589183584735274,0.019131074617880196
LipsCornersDown,False,0.3111803583754781,0.002301194080980361,0.008505555025299014,0.9974285923561914,0.7051412461494756,0.849148256372007,0.9147482051402529,0.9994805198496616,1.1202571381330777,1.2568789062759722,1.9268916991453433,0.10572259941804074,0.01555235961068932,0.0009699321047526673,0.0661226127964146,0.03959998662162614
LowerLipFront,False,0.4123712883546875,0.003468445348268129,0.0129619934771311,1.0051804061736602,0.42837001021479854,0.6889359254329042,0.877904143991666,0.999702374283154,1.082030128124989,1.187657693086362,1.9465618468969423,0.09649152145556708,0.032275326934011174,0.0026422288370848523,0.025184788788922708,0.07130673266664438
Puff,False,0.42812297662394394,0.003250073614597395,0.012466913982575508,1.012839643630904,0.5799967025200051,0.7403517492645978,0.8879081378756819,1.000001288756237,1.134778459238861,1.2693371149118045,1.7050386588824558,0.13050603699120372,0.027258436737014616,0.0009030402354593799,0.06909930097996589,0.061406736011237834
EyeScrewedUpLeft,False,0.44771861870164587,0.002160735723365587,0.00936814149356356,1.0013500854534538,0.44443062290427865,0.6214327743704575,0.868107489534117,1.0000003002468,1.0909724030640087,1.1972900674097813,1.3086925204550017,0.11214421887019632,0.034114853339576576,0.002575336967791565,0.044148633733569684,0.06799558513662664
LipsFunnel,False,0.45085387758288603,0.003739964287228193,0.017073380431781922,1.000906129068703,0.5481037797755396,0.7159144723807532,0.8567617928194688,1.0001191298895926,1.065601897126849,1.2608478282635163,2.6017640422270247,0.10933476035987826,0.03662329843807485,0.0024081072945583465,0.026823639586608248,0.08251112077327001
EyeClosedBrowUpLeft,False,0.4711450339390809,0.0014781801813487636,0.007834671491836689,1.0020679357558677,0.4017828368162489,0.7637276796139828,0.9217461310326623,1.0000004033469096,1.08982794212844,1.4760629637814655,2.380284839642582,0.08963510485300512,0.03414829927422322,0.005953376367102579,0.04458343088397605,0.045051673969029066
EyeScrewedUpRight,False,0.47248377727251,0.0021496175102606275,0.009382811743013576,1.000996933166614,0.41988285328299774,0.6034889660109317,0.8636726936887228,1.0000003245329139,1.0905473156116021,1.1919460754508155,1.31983682505724,0.11207732700090305,0.036757082176661425,0.0031773637914311514,0.0443158634068029,0.06776146359410014
EyeClosedBrowUpRight,False,0.4917248660436945,0.00145748208434076,0.007722453912536225,1.0025143356205692,0.44679136496610017,0.7570882980242593,0.9221998782935116,1.0000004109691705,1.0898511944211322,1.543996717472279,2.98190732030827,0.08883240242148567,0.034750326097862806,0.006889862537208602,0.04458343088397605,0.04424897153750962
LowerLipBack,False,0.49332641921386544,0.0025864383016542336,0.007451964465506469,0.9922053055377784,0.5103736168509864,0.6927918515544543,0.854920390192527,0.9999638962248119,1.1080831452481315,1.2286271340050634,1.4284838552963866,0.1407404929930767,0.037459446804240945,0.0008361483661660926,0.05558714338272183,0.08515334961035487
BrowDownRight,False,0.4984456536082976,0.0018790178126905361,0.009367792621894588,1.001105215713958,0.5761043306886198,0.7109517066825123,0.8277673703677078,1.0000006745431063,1.1072407890703542,1.171437847511512,1.3551425058278945,0.14080738486237,0.04234255326265093,0.0002006756078798622,0.05702531857252751,0.08378206628984247
BrowDownLeft,False,0.5130652192497991,0.0019430526649051032,0.009449504832907428,1.0011758802886603,0.6119063677677783,0.710646561034348,0.830004663346315,1.0000007182837387,1.111452759191239,1.1738281752613835,1.3736777380974061,0.14314860028763504,0.044850998361149204,6.68918692932874e-05,0.05802869661192682,0.08511990367570822
BrowUpRight,False,0.5159199027124433,0.0017390558177880267,0.010607228300237838,1.000083256122856,0.5841739294231212,0.7288157642286605,0.9047789066126303,1.0000002359957358,1.0835315531158964,1.723654680029718,2.8952070332906445,0.09244456336332318,0.042643566674470716,0.005886484497809291,0.04067025653031874,0.05177430683300445
BrowUpLeft,False,0.5225229398274205,0.0017981304614899025,0.01070101890108091,0.9999360073354188,0.5842564955125961,0.7124705127197221,0.9015202839691467,1.0000002163159771,1.08628758943022,1.7212548853883172,3.00621584043022,0.0947523328539416,0.04531924144620222,0.005317903608816349,0.04204153985083113,0.05271079300311047
LipsDisgust,False,0.5638471399328526,0.0027851640183578948,0.007912588829983932,0.9873886156068343,0.552367283869051,0.7102142810711322,0.8195680998586425,0.9995708979082364,1.075394663045168,1.2386350456391086,1.7419228304445888,0.1392019799993311,0.049600321080972606,0.001237499581925817,0.035486136660088964,0.10371584333924211
LipsPressed,False,0.5811082123296744,0.002880042373755553,0.011260731962329872,1.0166103872595031,0.4142291719055173,0.6933539571904171,0.8959732865240665,0.9997992123212234,1.1367032075957875,1.3750753324489677,1.771812704774361,0.14602495066724638,0.04715876785176762,0.0018395264055654035,0.08662497073480718,0.059399979932439215
LipsLeft,False,0.6639941219406482,0.0067249071148616675,0.021769210375762932,0.9973358988602607,0.4942168009699565,0.6970408057157625,0.8477300734998576,1.0000001041041333,1.1325673082022216,1.2917330365888422,1.858290112775722,0.2074985785477775,0.041506404896484834,0.0019398642095053346,0.09023713167664471,0.11726144687113281
EyesDown,False,0.6711011544704264,0.001055110956443821,0.011111141428198603,1.0047355299192833,0.3362558452960063,0.6294516831232293,0.9690905601072434,0.9999993580880536,1.1132401362073086,1.7478063602331586,3.498563209534288,0.07833037894243955,0.045486471119435434,0.014114184420883642,0.052643901133817186,0.025686477808622363
LipsRight,False,0.692431127314891,0.006714308374745809,0.021820543953637573,0.996527722816928,0.49657124695959554,0.6986413441253733,0.8326468131397563,1.000000066245794,1.1291124744128251,1.2713110157622955,1.8503679940925952,0.21378641426134654,0.04531924144620222,0.0017391886016254723,0.08983578046088497,0.12395063380046155
SmileClosed,False,0.8414977116227526,0.004299631479976663,0.012537767079821958,0.9977970025687249,0.5706618195233628,0.6996825944784045,0.8183357531319394,1.0039967523147022,1.1644122795260368,1.391081955778175,2.2123608880486767,0.23836917622662965,0.06394862704438276,0.0021405398173851968,0.11525469079233419,0.12311448543429546
Extra_Funnel,False,0.8720937722214703,0.003935041415540518,0.016996282566067722,1.0164804165702175,0.446539087306475,0.7077077533509133,0.87021677319771,1.0000006241284884,1.1521745182904903,1.8424933468946578,2.969570471766781,0.1996053379711696,0.0583966018930399,0.008227699923074351,0.12679353824542627,0.07281179972574334
Smile,False,1.1209983244967427,0.005310139062299789,0.015394709686976251,0.9959036301993714,0.4969959888331182,0.6322311816123309,0.7813749324530344,1.0033631793814313,1.225636304813425,1.725150161605689,4.2955431689793455,0.23301782668316667,0.09940131776982508,0.007692564968728051,0.10505368072510786,0.1279641459580588
Compressed,False,3.232030007324205,0.007539320295832107,0.012740414819223264,0.9797894485541382,0.17183073887460013,0.30555337223439355,0.49805507939063137,1.0330248235529509,1.2091718490438577,1.3648535197599965,2.1411185437561606,0.5505869761530486,0.21418776547710625,0.05197498244088431,0.2645907889895983,0.28599618716345027
MouthOpenSlightly,True,0.2005862735736883,0.003366872694043151,0.010304601147463595,1.0085425520196956,0.5720719096510714,0.8919009720750122,0.9584158276532349,1.0000213956522401,1.0678904564840166,1.216052604638081,2.717975884468462,0.039432756948392926,0.011003712498745778,0.002909796314258002,0.025452356266095856,0.013980400682297067
JawLeft,True,0.20278553955978804,0.003942137247512903,0.010918456080797348,1.0176489965982367,0.5501591375634739,0.8902823182096267,0.9598245413823471,1.0000049077917121,1.0946055392344365,1.1837845029516296,1.5707119771236424,0.05702531857252751,0.010368239740459547,0.0009699321047526673,0.04190775611224456,0.015117562460282953
JawRight,True,0.21281968218347092,0.003946752884461972,0.01096412272050355,1.017309059791698,0.5302792219184775,0.8757024685863246,0.9556047179058029,1.0000043775314333,1.0946137215958163,1.1815908280297847,1.7462869960627987,0.06020268236395866,0.010368239740459547,0.0011706077126325295,0.04267701260911736,0.017525669754841298
JawFront,True,0.41072622170997247,0.0037323333266556166,0.010394715751342043,1.0326741371262558,0.6261591928150791,0.8707736584623087,0.9801378439491574,1.005773627896264,1.133729390264611,1.2210077631850258,2.0309828195002266,0.14321549215692833,0.013077360446837686,0.001337837385865748,0.1252884711863273,0.017927020970601025
MouthOpen,True,0.4528406032934918,0.007800897917114607,0.02542723399877028,1.0256926213905087,0.7426928309686553,0.8775364564922239,0.9451418332517384,0.9998338067645034,1.1466538901361472,1.4654985164953094,3.59937890427353,0.1300377939061507,0.021305060369912036,0.0030435800528445765,0.10983644937957791,0.020201344526572795
MouthOpenMax,True,0.9459616795071337,0.011910324462616282,0.04004493818261243,1.003729746901245,0.5678979401874243,0.7372732504112454,0.8645395454255279,0.9992690797435404,1.2503334705984976,1.7983662187843228,6.154255066425145,0.22495735643332554,0.0690324091106726,0.007358105622261614,0.11558915013880063,0.1093682062945249
Scream,True,1.3081459519902876,0.009535208176531942,0.032350738683818846,1.006349913498289,0.4994979541433315,0.6522487345435526,0.8092958880062345,1.0114067697494895,1.3175942938087526,1.8812675179888734,6.151971331308662,0.2832536205224255,0.1101374627913977,0.00923107796247366,0.12936887521321783,0.15388474530920768
