step,optimizer_phase,optimizer_iteration,optimizer_evaluation,learning_rate,evaluation_success,objective,gradient_rms,gradient_inf,activation_update_rms,forward_converged,forward_iterations,forward_failure,line_search_failures,equilibrium_residual_rms,min_det_f,min_det_g,min_det_ainv,inverted_cell_fraction,inverted_rest_measure_fraction,negative_det_f_mean,top_target_mae,top_target_rms,top_target_max,top_error_rms,top_highpass_rms,top_slope_rms,top_curvature_rms,activation_neighbor_jump_rms,activation_rms,detF/min,detG/min,detAinv/min,target/rms,target/mae,target/max,activation/rms,activation/neighbor_jump_rms
0,adam,0,1,0.03,1,0.0013468013333333333,2.2868843625211174e-06,5.064550646412184e-06,0.0,1,1,,0,3.6301850751674187e-19,0.9999999999999929,0.9999999999999929,1.0,0.0,0.0,0.0,0.033666666666666664,0.036698791987384724,0.05,0.036698791987384724,0.0,0.0,0.0,0.0,0.0,0.9999999999999929,0.9999999999999929,1.0,0.036698791987384724,0.033666666666666664,0.05,0.0,0.0
1,adam,1,2,0.029699999999999997,1,0.0012862284261760768,2.3831251378228863e-06,5.393356253897145e-06,0.02924513883469773,1,3,,0,2.9547903073671747e-10,0.9816911727544096,0.9271049661589834,0.9402234250650123,0.0,0.0,0.0,0.032777146143725254,0.03586402690964969,0.04874897502996924,0.03585768986637835,4.7375294284061264e-05,0.006653134786050392,0.18860292867023687,0.009109700685716954,0.02924513883469773,0.9816911727544096,0.9271049661589834,0.9402234250650123,0.03586402690964969,0.032777146143725254,0.04874897502996924,0.02924513883469773,0.009109700685716954
2,adam,2,3,0.029403,1,0.0012258137082819256,2.4883802855996757e-06,5.814188367280333e-06,0.02823616196044419,1,3,,0,3.1687463152608093e-10,0.9606887493433497,0.8557337894897447,0.8814537502931992,0.0,0.0,0.0,0.03186978595964311,0.03501162247428596,0.047593532891958085,0.03498635876790462,9.476039394688773e-05,0.013144310909261367,0.3767205186801962,0.01868246563684688,0.05736529821451712,0.9606887493433497,0.8557337894897447,0.8814537502931992,0.03501162247428596,0.03186978595964311,0.047593532891958085,0.05736529821451712,0.01868246563684688
3,adam,3,4,0.029108969999999998,1,0.001165631996061841,2.6011804768934267e-06,6.264341766901122e-06,0.02692241577328795,1,3,,0,3.75289841111588e-10,0.9356379979700538,0.7880109518071065,0.8234266945302131,0.0,0.0,0.0,0.03094599963670779,0.03414135316682455,0.04659258268469928,0.03408818280389093,0.00014344705118211852,0.019585571516085153,0.5881631373330949,0.027692133359203484,0.08385160153622037,0.9356379979700538,0.7880109518071065,0.8234266945302131,0.03414135316682455,0.03094599963670779,0.04659258268469928,0.08385160153622037,0.027692133359203484
4,adam,4,5,0.028817880299999998,1,0.0011051597024565789,2.7218168494381625e-06,6.7586045145474e-06,0.02566366832232467,1,3,,0,4.998029752948776e-10,0.9062372165077492,0.725940724016778,0.7660103631423776,0.0,0.0,0.0,0.02999761093634323,0.033243942342276116,0.04569968067218054,0.03316300602651432,0.00019317049456753734,0.025931268553520515,0.8383610320501721,0.035444694405559085,0.1084368889526865,0.9062372165077492,0.725940724016778,0.7660103631423776,0.033243942342276116,0.02999761093634323,0.04569968067218054,0.1084368889526865,0.035444694405559085
5,adam,5,6,0.028529701496999998,1,0.0010436633603468407,2.8512636047681325e-06,7.289910291898909e-06,0.024841124165305012,1,3,,0,6.915860375247685e-10,0.8735445074181929,0.6698054856505334,0.7096942303163023,0.0,0.0,0.0,0.029012116095567943,0.03230577905494372,0.04483068525677766,0.03220612622602009,0.00024193756631983089,0.032049207891625436,1.1230283787961524,0.04247502157461067,0.1314982153521493,0.8735445074181929,0.6698054856505334,0.7096942303163023,0.03230577905494372,0.029012116095567943,0.04483068525677766,0.1314982153521493,0.04247502157461067
6,adam,6,7,0.02824440448203,1,0.0009805795257513384,2.9920454937548564e-06,7.842487377664404e-06,0.024351417150831202,1,3,,0,1.2296970138002064e-09,0.8389489521909406,0.6189438347567037,0.6545509027326073,0.0,0.0,0.0,0.027978012640239844,0.03131420645252468,0.04390205828788573,0.03120898186887174,0.00029080814241650354,0.03817427044698654,1.4626368059585986,0.04888460228909684,0.15357811821969777,0.8389489521909406,0.6189438347567037,0.6545509027326073,0.03131420645252468,0.027978012640239844,0.04390205828788573,0.15357811821969777,0.04888460228909684
7,adam,7,8,0.027961960437209697,1,0.0009154903789017707,3.149227019557e-06,8.629558964980735e-06,0.024000105379430578,1,3,,0,2.478861470747113e-09,0.7922019064885704,0.5727268051339207,0.6001332318575648,0.0,0.0,0.0,0.02688478714402796,0.030257071551982203,0.0428574643794293,0.030158301294326003,0.0003467716757595013,0.045198090771981746,1.9101950632973255,0.05481922631546376,0.1750664046061212,0.7922019064885704,0.5727268051339207,0.6001332318575648,0.030257071551982203,0.02688478714402796,0.0428574643794293,0.1750664046061212,0.05481922631546376
8,adam,8,9,0.0276823408328376,1,0.0008479960105816081,3.3298803298290117e-06,9.502867949921833e-06,0.02370870868131167,1,3,,0,4.860533039545826e-09,0.7380833825263267,0.5309022474934194,0.5462904310629488,0.0,0.0,0.0,0.025722468722396887,0.029120371058446493,0.041663685302845595,0.029035126071468652,0.0004214281548881067,0.054500425788645696,2.5244431148627244,0.06060899219500307,0.1961922492753469,0.7380833825263267,0.5309022474934194,0.5462904310629488,0.029120371058446493,0.025722468722396887,0.041663685302845595,0.1961922492753469,0.06060899219500307
9,adam,9,10,0.027405517424509224,1,0.0007777555010144972,3.538541976121494e-06,1.042000613147567e-05,0.023376261576918054,1,3,,0,8.46611159446732e-09,0.6792706370208866,0.4937233572364995,0.49292777741732874,0.0,0.0,0.0,0.024482466644826627,0.027888268160904096,0.04028388754187786,0.0278173466263565,0.0005221674037442536,0.06690776420244829,3.3166846468346027,0.0665686218230099,0.2170713582803833,0.6792706370208866,0.4937233572364995,0.49292777741732874,0.027888268160904096,0.024482466644826627,0.04028388754187786,0.2170713582803833,0.0665686218230099
10,adam,10,11,0.02713146225026413,1,0.0007044298903682328,3.7709724760175667e-06,1.1326384890608825e-05,0.022858763792040715,1,4,,0,3.1321728874032126e-11,0.6162974669699065,0.46205249161826273,0.43993504448607024,0.0,0.0,0.0,0.023156740857081012,0.026541098137948867,0.03864787752636715,0.026479386366431,0.0006455243191938246,0.08158845561170021,4.244913181056409,0.07280351880290023,0.23773078020097255,0.6162974669699065,0.46205249161826273,0.43993504448607024,0.026541098137948867,0.023156740857081012,0.03864787752636715,0.23773078020097255,0.07280351880290023
11,adam,11,12,0.02686014762776149,1,0.0006271948484223247,4.013309324440732e-06,1.2252546866761176e-05,0.022235501672369127,1,4,,0,3.411612502917549e-11,0.5499855935431198,0.43679263760058734,0.3872085755112661,0.0,0.0,0.0,0.021726207758054186,0.02504385849709115,0.036679742206808814,0.02498283823807847,0.0007848031174289326,0.09700530359399684,5.2711922991681694,0.07920257939610574,0.25809001647502955,0.5499855935431198,0.43679263760058734,0.3872085755112661,0.02504385849709115,0.021726207758054186,0.036679742206808814,0.25809001647502955,0.07920257939610574
12,adam,12,13,0.026591546151483875,1,0.000545490067299203,4.23604118563434e-06,1.394367124305172e-05,0.021748000092360324,1,4,,0,3.604929243096739e-11,0.47481541074782835,0.4182294525523871,0.3347145076459246,0.0,0.0,0.0,0.02016315550586693,0.023355728789725295,0.03468251660572697,0.0232870918295264,0.0009379379861343128,0.1125110956358091,6.38683948991523,0.08571483023165344,0.27804693652017076,0.47481541074782835,0.4182294525523871,0.3347145076459246,0.023355728789725295,0.02016315550586693,0.03468251660572697,0.27804693652017076,0.08571483023165344
13,adam,13,14,0.026325630689969032,1,0.0004598995097873201,4.4014368573328375e-06,1.5374048462435e-05,0.021474965438199163,1,4,,0,1.0047109587865789e-10,0.37398287120930845,0.37398287120930845,0.2827809633189166,0.0,0.0,0.0,0.018445220221445395,0.021445267771406356,0.03319848879365599,0.02136186025367652,0.001110024568802658,0.12906239601653263,7.619386878413521,0.09239799775033604,0.2975680995683852,0.37398287120930845,0.37398287120930845,0.2827809633189166,0.021445267771406356,0.018445220221445395,0.03319848879365599,0.2975680995683852,0.09239799775033604
14,adam,14,15,0.026062374383069346,1,0.00037283177268055453,4.4730392660256415e-06,1.6140715988020017e-05,0.021233551373292338,1,4,,0,1.0980573215696574e-10,0.2693836683531778,0.2693836683531778,0.23321910560758638,0.0,0.0,0.0,0.016569851780341607,0.01930885218444003,0.031141909382004732,0.019202864487921946,0.001299438323702659,0.1473556126522915,8.960601134588101,0.09933309397170875,0.31662714413119714,0.2693836683531778,0.2693836683531778,0.23321910560758638,0.01930885218444003,0.016569851780341607,0.031141909382004732,0.31662714413119714,0.09933309397170875
15,adam,15,16,0.025801750639238653,1,0.00028856549903355993,4.4539805004358154e-06,1.8686411857611496e-05,0.020895853392694168,1,4,,0,6.122795866148649e-11,0.17258819069717737,0.17258819069717737,0.18751913931076195,0.0,0.0,0.0,0.014543477531826728,0.01698721575284072,0.02849840961298409,0.016849495363172404,0.001493391378394607,0.16655489655719502,10.337587464490612,0.10658884280451358,0.3351193483632105,0.17258819069717737,0.17258819069717737,0.18751913931076195,0.01698721575284072,0.014543477531826728,0.02849840961298409,0.3351193483632105,0.10658884280451358
16,adam,16,17,0.025543733132846264,1,0.00021228726955660243,4.4396065202910225e-06,2.1742211880590638e-05,0.020396803523464537,1,3,,0,8.620532249555558e-09,0.10532694029731299,0.10532694029731299,0.14813471529764638,0.0,0.0,0.0,0.012404094558113822,0.014570081316060059,0.025362401549268825,0.014388453578816034,0.0016820392164300034,0.18582921959099932,11.676124836760728,0.11399189344669226,0.35282013250627897,0.10532694029731299,0.10532694029731299,0.14813471529764638,0.014570081316060059,0.012404094558113822,0.025362401549268825,0.35282013250627897,0.11399189344669226
17,adam,17,18,0.025288295801517802,1,0.0001484174249448978,4.548006508357967e-06,2.490303894276179e-05,0.019739511218725036,1,3,,0,4.573734627253532e-09,0.036431584329219925,0.036431584329219925,0.11886738140615948,0.0,0.0,0.0,0.010230833380022107,0.012182669040275936,0.02187075354262841,0.011935392681974103,0.0018597309279197107,0.2046556763038465,12.928959175116214,0.12135198211038759,0.369421443511762,0.036431584329219925,0.036431584329219925,0.11886738140615948,0.012182669040275936,0.010230833380022107,0.02187075354262841,0.369421443511762,0.12135198211038759
18,adam,18,19,0.025035412843502625,1,9.971142496513068e-05,4.703238172071848e-06,3.076014315925613e-05,0.018909764652263888,1,3,,0,2.583176255259908e-09,-0.01625407327167587,-0.01625407327167587,0.10421347515867936,0.001,0.0010000000000000015,1.3036356135477645e-05,0.008128855008719217,0.009985560823766018,0.01972574621022467,0.00962898380880925,0.002022715012314415,0.22257301714072636,14.074208617941222,0.128685996400489,0.3846020590205859,-0.01625407327167587,-0.01625407327167587,0.10421347515867936,0.009985560823766018,0.008128855008719217,0.01972574621022467,0.3846020590205859,0.128685996400489
19,adam,19,20,0.024785058715067598,1,6.756436544786322e-05,4.824776762776683e-06,2.6954760216523094e-05,0.017831367038974855,1,3,,0,1.5241655520247793e-09,-0.02193741424528913,-0.02193741424528913,0.08520580775519712,0.001,0.0010000000000000015,1.9010434776235108e-05,0.0064000049468333,0.008219754585622567,0.018205478770660616,0.007681042040122147,0.002164807676481412,0.23909213605152513,15.067092709620628,0.13600510491778883,0.39804222777185605,-0.02193741424528913,-0.02193741424528913,0.08520580775519712,0.008219754585622567,0.0064000049468333,0.018205478770660616,0.39804222777185605,0.13600510491778883
20,adam,20,21,0.02453720812791692,1,4.949101715187417e-05,4.623641569986253e-06,2.5005139833554568e-05,0.016452429009650264,1,3,,0,8.645522755301872e-10,-0.0011811736906285617,-0.0011811736906285617,0.07166607988897114,0.0005,0.0005000000000000008,5.905868453142819e-07,0.005491391801779499,0.007034985227551951,0.01623415290050915,0.0062710680664655434,0.0022832315036300206,0.25410105144638695,15.878755210543366,0.14318189521556396,0.40950784127985923,-0.0011811736906285617,-0.0011811736906285617,0.07166607988897114,0.007034985227551951,0.005491391801779499,0.01623415290050915,0.40950784127985923,0.14318189521556396
21,adam,21,22,0.024291836046637753,1,4.0815197619329465e-05,3.829647311427462e-06,2.100718379469621e-05,0.01489122769411287,1,3,,0,3.7694766312298e-10,0.029327168652365163,0.029327168652365163,0.06835406263562838,0.0,0.0,0.0,0.005189737048838034,0.006388677298105569,0.013731282432913388,0.005471754512989435,0.0023683257019625407,0.26608558034009083,16.447878369934696,0.15007984247308825,0.4190033507522604,0.029327168652365163,0.029327168652365163,0.06835406263562838,0.006388677298105569,0.005189737048838034,0.013731282432913388,0.4190033507522604,0.15007984247308825
22,adam,22,23,0.024048917686171376,1,3.759418660572044e-05,3.0121883620508623e-06,1.5196875965446176e-05,0.013375569168402601,1,3,,0,1.561463973413268e-10,0.06150885060177158,0.06150885060177158,0.05327888087710092,0.0,0.0,0.0,0.00510350678377834,0.006131409838342275,0.01208482236798477,0.005187470995375623,0.0024036790416551487,0.2722551666622968,16.672898135829048,0.15664838676981688,0.42685032583139737,0.06150885060177158,0.06150885060177158,0.05327888087710092,0.006131409838342275,0.00510350678377834,0.01208482236798477,0.42685032583139737,0.15664838676981688
23,adam,23,24,0.02380842850930966,1,3.3193005695911284e-05,2.5494385229015e-06,1.0447474082143656e-05,0.012225112097758822,1,3,,0,1.796956758180442e-10,0.09613713573466202,0.039266205389388784,0.029006063701999457,0.0,0.0,0.0,0.0048243675522667544,0.0057613371447877695,0.012277874103552334,0.00484036206746631,0.0023808168097163656,0.27038402240572934,16.507449635042292,0.1629092018567453,0.43356114883428115,0.09613713573466202,0.039266205389388784,0.029006063701999457,0.0057613371447877695,0.0048243675522667544,0.012277874103552334,0.43356114883428115,0.1629092018567453
24,adam,24,25,0.023570344224216562,1,2.5865465570782465e-05,1.7765372130371837e-06,7.553018876686749e-06,0.011728328774845816,1,3,,0,1.542526657435027e-09,0.13580524636539312,0.00373204916068223,0.004648424691769266,0.0,0.0,0.0,0.00427943822090443,0.005085810217731533,0.009874844307482405,0.004049883944347927,0.002300683464112319,0.26045674161680976,15.965744913782284,0.16921274148399976,0.4396388869805942,0.13580524636539312,0.00373204916068223,0.004648424691769266,0.005085810217731533,0.00427943822090443,0.009874844307482405,0.4396388869805942,0.16921274148399976
25,adam,25,26,0.0233346407819744,1,2.5022641459200344e-05,2.8667730992351327e-06,1.7776196547524262e-05,0.011399454385125168,1,3,,0,1.2666438662693476e-09,0.059745175328394594,-0.005008417799365916,-0.017383896584873486,0.0,0.0,0.0,0.004056708386281229,0.005002263633516365,0.012100589162628806,0.0036278532800696553,0.0021854183804101745,0.24787533014676566,15.178002960760564,0.17611831367619654,0.44511239147497383,0.059745175328394594,-0.005008417799365916,-0.017383896584873486,0.005002263633516365,0.004056708386281229,0.012100589162628806,0.44511239147497383,0.17611831367619654
26,adam,26,27,0.023101294374154653,1,2.3501472215422886e-05,2.6681872178963555e-06,1.6110485113399897e-05,0.01046513111105064,1,4,,0,2.906665789822702e-10,-0.5014093676004989,-0.02343743902483818,-0.050812889715445904,0.0015,0.0014999999999999996,0.0004423222035823573,0.003867616158827548,0.004847831702464813,0.011080904139374332,0.00349938228910299,0.002068913400771397,0.23712391229759872,14.361993470397072,0.18312360580792464,0.4493369382446519,-0.5014093676004989,-0.02343743902483818,-0.050812889715445904,0.004847831702464813,0.003867616158827548,0.011080904139374332,0.4493369382446519,0.18312360580792464
27,adam,27,28,0.022870281430413107,1,2.1283655448639994e-05,2.8230637063305355e-06,1.6846059927455414e-05,0.009184481525502707,1,4,,0,3.881555554514605e-09,-1.1230284326479796,-0.03159456731377722,-0.07657435558426336,0.0035,0.0035000000000000027,0.001347835972622656,0.0037621456251582274,0.004613421230349554,0.010220503643907527,0.0035514873212712174,0.0019594989343732737,0.22821468615482632,13.574155422792746,0.18863007295126308,0.4525668685777584,-1.1230284326479796,-0.03159456731377722,-0.07657435558426336,0.004613421230349554,0.0037621456251582274,0.010220503643907527,0.4525668685777584,0.18863007295126308
28,adam,28,29,0.022641578616108975,1,1.6227393765779693e-05,2.073553001759524e-06,1.143731729034428e-05,0.007986951432259918,1,3,,0,5.692132308956895e-10,-1.3734814794459145,-0.17841702033689058,-0.0873306723799794,0.005,0.0049999999999999975,0.002862079063706419,0.003361681733966713,0.004028323940025143,0.009294608766816278,0.0033303942907834195,0.0018448032251677602,0.21809839444582432,12.75299860430115,0.19182402729226136,0.45518795359872305,-1.3734814794459145,-0.17841702033689058,-0.0873306723799794,0.004028323940025143,0.003361681733966713,0.009294608766816278,0.45518795359872305,0.19182402729226136
29,adam,29,30,0.022415162829947884,1,1.337591593547375e-05,1.5545585703013031e-06,9.677945026919072e-06,0.007487991638501092,1,3,,0,3.236620680927197e-09,-2.42854888502674,-0.33044564869467014,-0.08665693955972645,0.0065,0.006499999999999992,0.005787367711130394,0.0030406074445689713,0.0036573099315581324,0.008220912002027729,0.002877703134446547,0.001725511391644138,0.2067489979417118,11.914334235885104,0.1940441921161521,0.45757008265678617,-2.42854888502674,-0.33044564869467014,-0.08665693955972645,0.0036573099315581324,0.0030406074445689713,0.008220912002027729,0.45757008265678617,0.1940441921161521
30,adam,30,31,0.022191011201648406,1,1.4377850457652828e-05,2.732677745198808e-06,2.0636011785461635e-05,0.007007330378993226,1,3,,0,1.8122885947400835e-09,-3.7624694151567137,-0.44292533505748266,-0.09137400748559887,0.0075,0.007499999999999994,0.009590914924314938,0.003135377921831886,0.0037918136106160107,0.009627083016985621,0.002600423130613296,0.0016144689573077146,0.19655000044266174,11.143984114510301,0.1965904347841428,0.4598288842538761,-3.7624694151567137,-0.44292533505748266,-0.09137400748559887,0.0037918136106160107,0.003135377921831886,0.009627083016985621,0.4598288842538761,0.1965904347841428
31,adam,31,32,0.021969101089631925,1,1.271258631937801e-05,2.461697050147475e-06,1.6523510682391585e-05,0.006738396340799039,1,3,,0,4.5729765150753324e-10,-4.214505855707218,-0.5001448683969985,-0.11020627586459295,0.008,0.007999999999999995,0.012074868254669729,0.0030124456460863596,0.0035654714021259534,0.008489955723616037,0.0024056587775923136,0.0015149345157888824,0.18786651678754107,10.470517085423483,0.19991638559674127,0.46195663765762746,-4.214505855707218,-0.5001448683969985,-0.11020627586459295,0.0035654714021259534,0.0030124456460863596,0.008489955723616037,0.46195663765762746,0.19991638559674127
32,adam,32,33,0.0217494100787356,1,9.778922639818787e-06,1.4495519563517724e-06,8.871214301233355e-06,0.0067046789095871985,1,3,,0,7.309890408146137e-10,-4.047095446214985,-0.5259189650150179,-0.12932184195524896,0.0095,0.009499999999999995,0.01379697207073233,0.0027488701437965958,0.0031271268985793954,0.005983206722431334,0.0022506131724788297,0.0014240067934430272,0.1804866395494314,9.872085294581982,0.20361320864898994,0.4639773960137473,-4.047095446214985,-0.5259189650150179,-0.12932184195524896,0.0031271268985793954,0.0027488701437965958,0.005983206722431334,0.4639773960137473,0.20361320864898994
33,adam,33,34,0.021531915977948245,1,8.76860947575434e-06,1.736532427629677e-06,1.4231213790205779e-05,0.006205066917917543,1,3,,0,5.644423313444617e-10,-3.79369622652459,-0.5320395368492354,-0.14312182136700174,0.0135,0.0135,0.01726605709042673,0.0026075974539177455,0.0029611837963480652,0.006575323240326191,0.0021967080187316893,0.0013420874854328355,0.17423803941784163,9.325295754266687,0.20679869403941492,0.46579848992800066,-3.79369622652459,-0.5320395368492354,-0.14312182136700174,0.0029611837963480652,0.0026075974539177455,0.006575323240326191,0.46579848992800066,0.20679869403941492
34,adam,34,35,0.021316596818168762,1,7.781220285401926e-06,1.7455547945510695e-06,1.604618662329464e-05,0.005654885900323474,1,3,,0,9.889439082780157e-10,-3.8646381883506464,-0.5172926679163141,-0.15341631081578738,0.0165,0.016500000000000004,0.02242157759978124,0.002406614598537838,0.002789483874375675,0.006989137617926623,0.002153543883847898,0.0012661230240217666,0.16848152868051877,8.789563763771422,0.20894724990786587,0.46733937945879733,-3.8646381883506464,-0.5172926679163141,-0.15341631081578738,0.002789483874375675,0.002406614598537838,0.006989137617926623,0.46733937945879733,0.20894724990786587
35,adam,35,36,0.021103430849987073,1,6.8754084513454434e-06,1.4330889452755901e-06,1.0880729292015528e-05,0.005272196577538073,1,3,,0,1.1342870710181303e-09,-4.7628326606473985,-0.48800480250215955,-0.16848926115469587,0.0175,0.017500000000000005,0.02813593729400999,0.0022857369689787818,0.0026221000078840324,0.006035997605779304,0.0021129224184858303,0.0011936762890326256,0.16321598705710522,8.252405061184653,0.21027687382556098,0.4685981817984598,-4.7628326606473985,-0.48800480250215955,-0.16848926115469587,0.0026221000078840324,0.0022857369689787818,0.006035997605779304,0.4685981817984598,0.21027687382556098
36,adam,36,37,0.020892396541487203,1,6.18204820034649e-06,1.5133026133569634e-06,1.0661424415118465e-05,0.0048286820596297785,1,3,,0,4.387460832570191e-10,-5.85930786689344,-0.4822976076934778,-0.18315720522088066,0.0185,0.018500000000000003,0.033399158475499464,0.0021944451893829127,0.0024863724983088292,0.004472405978721905,0.001963083728673903,0.001125667389120091,0.15839682449660758,7.74565661108261,0.21132968354510498,0.46958482215406055,-5.85930786689344,-0.4822976076934778,-0.18315720522088066,0.0024863724983088292,0.0021944451893829127,0.004472405978721905,0.46958482215406055,0.21132968354510498
37,adam,37,38,0.02068347257607233,1,4.791256977971732e-06,1.2533438065598841e-06,1.0375614833297953e-05,0.0046634403177636605,1,3,,0,1.7487605654489742e-09,-6.777058258817859,-0.5113224843163758,-0.19670147503394939,0.0195,0.019500000000000003,0.03829415113806149,0.001940383938052788,0.0021888940079345396,0.004169630464539078,0.0017332321016986282,0.0010645497149995382,0.15408488506722473,7.304609414021896,0.21270002538618482,0.4703774780026725,-6.777058258817859,-0.5113224843163758,-0.19670147503394939,0.0021888940079345396,0.001940383938052788,0.004169630464539078,0.4703774780026725,0.21270002538618482
38,adam,38,39,0.020476637850311608,1,3.877171173384301e-06,7.370879774998859e-07,4.380467187829561e-06,0.004604526797384874,1,3,,0,1.9314069156681508e-10,-7.478669832918837,-0.5411548046659387,-0.20877870662849873,0.0205,0.0205,0.04183065241569233,0.001762934929826434,0.0019690533698669267,0.004125935387995235,0.0016425846154512168,0.0010136023836335721,0.15073402328305,6.955522005506301,0.214625049132914,0.4710844010705878,-7.478669832918837,-0.5411548046659387,-0.20877870662849873,0.0019690533698669267,0.001762934929826434,0.004125935387995235,0.4710844010705878,0.214625049132914
39,adam,39,40,0.020271871471808492,1,4.263833278438836e-06,1.194993730590106e-06,7.157166965449661e-06,0.004192138192715256,1,3,,0,4.6802651025573557e-11,-7.943560587116947,-0.5625076150498162,-0.21932097735875575,0.02,0.019999999999999997,0.04415831440752889,0.0018715007867140697,0.002064905149986032,0.0045488425797691025,0.0016839468296364955,0.0009695457487114949,0.14802641903630154,6.670008628260663,0.2170748553721134,0.4718164777141893,-7.943560587116947,-0.5625076150498162,-0.21932097735875575,0.002064905149986032,0.0018715007867140697,0.0045488425797691025,0.4718164777141893,0.2170748553721134
40,adam,40,41,0.020069152757090408,1,4.188692618116646e-06,1.3172977783831533e-06,8.27015518912613e-06,0.003649365991283154,1,3,,0,1.7171262835479857e-11,-8.283992905136945,-0.5656420983737881,-0.22839961903633554,0.021,0.021000000000000005,0.04599826769867092,0.0018493081953651408,0.002046629575208139,0.0047906596083146505,0.0016055128454135045,0.0009268341518803483,0.1450787884218518,6.394568018432088,0.21965180759808525,0.4725606957134608,-8.283992905136945,-0.5656420983737881,-0.22839961903633554,0.002046629575208139,0.0018493081953651408,0.0047906596083146505,0.4725606957134608,0.21965180759808525
41,adam,41,42,0.019868461229519505,1,3.188245990163306e-06,8.401129144645819e-07,4.646841373074442e-06,0.003490059508461449,1,3,,0,2.4018622799963958e-11,-8.609103533828607,-0.55511137218688,-0.2361821734924565,0.021,0.021000000000000005,0.04780195003996404,0.0015803119953058428,0.0017855660139472038,0.004182269135388997,0.0013718075348889947,0.0008852686076449623,0.14168552344201332,6.115847471229469,0.22191306083020768,0.4732390220950281,-8.609103533828607,-0.55511137218688,-0.2361821734924565,0.0017855660139472038,0.0015803119953058428,0.004182269135388997,0.4732390220950281,0.22191306083020768
42,adam,42,43,0.019669776617224306,1,2.843718855047934e-06,9.894037043280951e-07,7.810091164036504e-06,0.003444168929249725,1,3,,0,5.4393538704310706e-11,-8.941950376490789,-0.547379713487335,-0.24298857371351382,0.0225,0.022500000000000013,0.04963601880760696,0.0014890551033461972,0.0016863329609089464,0.003349262979429778,0.0012104088733239724,0.0008485088158569377,0.1385408780557714,5.860051228988426,0.2237329377520792,0.47381113818192944,-8.941950376490789,-0.547379713487335,-0.24298857371351382,0.0016863329609089464,0.0014890551033461972,0.003349262979429778,0.47381113818192944,0.2237329377520792
43,adam,43,44,0.019473078851052063,1,2.877789495489241e-06,1.2012104182879742e-06,8.550995132469625e-06,0.0031057976446633084,1,3,,0,3.7958939171104893e-11,-9.242881865555615,-0.5555631731084439,-0.24928251694891485,0.022,0.022000000000000006,0.05116577684153893,0.0015441195571226317,0.001696404873692964,0.0030013280865792435,0.0012117971000722438,0.0008185635739710754,0.1364124327842517,5.648375257739684,0.22510570729555132,0.4742365359966725,-9.242881865555615,-0.5555631731084439,-0.24928251694891485,0.001696404873692964,0.0015441195571226317,0.0030013280865792435,0.4742365359966725,0.22510570729555132
44,adam,44,45,0.019278348062541542,1,2.4627173061923074e-06,9.730939068713078e-07,5.48900305249619e-06,0.002804274617894057,1,3,,0,1.1651164557639574e-10,-9.47820963570611,-0.5793599136183087,-0.2554801064342083,0.022,0.022000000000000006,0.05250502137769146,0.0014340698353653843,0.0015693047206302246,0.00310420750818915,0.0011807880874520093,0.0007933717370080789,0.13530094578806673,5.473883894529812,0.2260857524222462,0.47450553185569344,-9.47820963570611,-0.5793599136183087,-0.2554801064342083,0.0015693047206302246,0.0014340698353653843,0.00310420750818915,0.47450553185569344,0.2260857524222462
45,adam,45,46,0.019085564581916126,1,2.031912563219986e-06,8.260485593719838e-07,6.379077149388192e-06,0.00267092997900856,1,3,,0,2.1364986231689893e-10,-9.652575504491432,-0.6073121807479344,-0.261771172543676,0.0225,0.022500000000000013,0.053843600533559174,0.0012859725686429103,0.0014254517049763508,0.003516149378885919,0.0010874804809726333,0.0007698303390368441,0.13472321046426963,5.316241266733723,0.22678582849869763,0.4746659176312753,-9.652575504491432,-0.6073121807479344,-0.261771172543676,0.0014254517049763508,0.0012859725686429103,0.003516149378885919,0.4746659176312753,0.22678582849869763
46,adam,46,47,0.018894708936096967,1,1.9067144995486824e-06,8.070103012549468e-07,6.977120728718328e-06,0.0025099476473001733,1,3,,0,1.013913747109768e-10,-9.766223686263166,-0.6262155827141476,-0.2680941893281155,0.023,0.023000000000000013,0.055024506819632044,0.0012540483530885374,0.001380838332155029,0.0033798882548190246,0.001080276575063402,0.0007466001997529671,0.1342515796492212,5.161130739157089,0.22735620254254557,0.4747929100281779,-9.766223686263166,-0.6262155827141476,-0.2680941893281155,0.001380838332155029,0.0012540483530885374,0.0033798882548190246,0.4747929100281779,0.22735620254254557
47,adam,47,48,0.018705761846736,1,1.983833998645442e-06,8.431876263594293e-07,6.109706066328759e-06,0.002288487489276466,1,2,,0,9.257442279071138e-09,-9.802542334524288,-0.6308896154316161,-0.274204241900636,0.0235,0.02350000000000001,0.05587034941979474,0.001279248352896072,0.0014084864211789342,0.003008828860949748,0.0011333174448747267,0.000724449116576143,0.13356706351474004,5.009405797776745,0.22796219192797718,0.47495011167053525,-9.802542334524288,-0.6308896154316161,-0.274204241900636,0.0014084864211789342,0.001279248352896072,0.003008828860949748,0.47495011167053525,0.22796219192797718
48,adam,48,49,0.018518704228268637,1,1.919758799325619e-06,8.835947859686196e-07,5.657953483098205e-06,0.0021069666081990493,1,2,,0,6.745522501224631e-09,-9.761064160993115,-0.6260075261787862,-0.2798080682475133,0.0235,0.02350000000000001,0.05629535623887515,0.001254350982976895,0.0013855536075250278,0.002859328436017664,0.0010800552894290952,0.0007048104799951073,0.13245636162205393,4.872233390478974,0.22873168114801065,0.4751672979846988,-9.761064160993115,-0.6260075261787862,-0.2798080682475133,0.0013855536075250278,0.001254350982976895,0.002859328436017664,0.4751672979846988,0.22873168114801065
49,adam,49,50,0.01833351718598595,1,1.5720006949862059e-06,6.678507188326447e-07,5.455439686695287e-06,0.0020675054917659997,1,2,,0,6.472181802936403e-09,-9.679959143101172,-0.6171133997073278,-0.284682014610726,0.0235,0.02350000000000001,0.05641075557167261,0.0011483646426616295,0.0012537945186457812,0.0023599314216609236,0.0009542847097100659,0.0006884304347408729,0.1310874197495114,4.756894288777469,0.2296831193325558,0.4754339419889828,-9.679959143101172,-0.6171133997073278,-0.284682014610726,0.0012537945186457812,0.0011483646426616295,0.0023599314216609236,0.4754339419889828,0.2296831193325558
50,adam,50,51,0.01815018201412609,1,1.3727918064577865e-06,4.912213851997131e-07,3.2620923743349784e-06,0.0020503412737541984,1,2,,0,7.573892926762571e-09,-9.602428203575782,-0.6063806921499749,-0.2887422720936095,0.0245,0.024500000000000004,0.05643965763939093,0.0010694907841402141,0.0011716619847284397,0.002318966968181952,0.0009384194954074732,0.0006750591174444981,0.12978392089615856,4.662193879653155,0.23071228847951974,0.4757120939289036,-9.602428203575782,-0.6063806921499749,-0.2887422720936095,0.0011716619847284397,0.0010694907841402141,0.002318966968181952,0.4757120939289036,0.23071228847951974
51,adam,51,52,0.01796868019398483,1,1.4616293162737909e-06,7.022710334505217e-07,4.982065124045602e-06,0.0018786030791151066,1,2,,0,5.479694280002184e-09,-9.562388332144506,-0.5931962509777571,-0.2920565556375186,0.0245,0.024500000000000004,0.056614086093482445,0.0010927348664334763,0.0012089786252344541,0.0026264348184327677,0.0010062875540639315,0.0006638759360214164,0.12871782557022768,4.580912087164504,0.23162941930135092,0.47594800352898803,-9.562388332144506,-0.5931962509777571,-0.2920565556375186,0.0012089786252344541,0.0010927348664334763,0.0026264348184327677,0.47594800352898803,0.23162941930135092
52,adam,52,53,0.017788993392044983,1,1.3751353212228938e-06,6.490422431291397e-07,5.000580124549821e-06,0.0016924151787065845,1,2,,0,3.915837203706679e-09,-9.576945829223163,-0.5782152238488223,-0.2948231498413644,0.0245,0.024500000000000004,0.057050997611448336,0.0010611895299526787,0.001172661639699574,0.002496427843163451,0.0009642664039919019,0.0006542506840596621,0.12787277620567852,4.505727782181714,0.2322518374209404,0.47609453017571896,-9.576945829223163,-0.5782152238488223,-0.2948231498413644,0.001172661639699574,0.0010611895299526787,0.002496427843163451,0.47609453017571896,0.2322518374209404
53,adam,53,54,0.01761110345812453,1,1.1125940867703715e-06,4.2748473662475227e-07,2.8056896615934183e-06,0.0017037779318594898,1,2,,0,4.346547132953866e-09,-9.63606063892426,-0.5659191118161702,-0.29731354626309625,0.0245,0.024500000000000004,0.05764211524877857,0.0009596355341329292,0.0010547957559501136,0.002096923733280272,0.0008208949939857756,0.0006466332918987612,0.1272979510046538,4.436095845668219,0.23251173478522255,0.4761385539128503,-9.63606063892426,-0.5659191118161702,-0.29731354626309625,0.0010547957559501136,0.0009596355341329292,0.002096923733280272,0.4761385539128503,0.23251173478522255
54,adam,54,55,0.017434992423543287,1,9.633090176166846e-07,4.6914066662334204e-07,3.793513383891032e-06,0.0017798061600126408,1,2,,0,4.631743734543884e-09,-9.706066681763806,-0.5615409274088272,-0.2997685440798757,0.0245,0.024500000000000004,0.05809696480967024,0.0008846990549512297,0.000981483070468709,0.0020385794011393205,0.0007324522254337593,0.0006415847183179759,0.127040569718662,4.3748565640047,0.23248131818458126,0.47610274933649255,-9.706066681763806,-0.5615409274088272,-0.2997685440798757,0.000981483070468709,0.0008846990549512297,0.0020385794011393205,0.47610274933649255,0.23248131818458126
55,adam,55,56,0.017260642499307855,1,9.17812754310701e-07,4.5608777105708257e-07,3.202241243492372e-06,0.0017644188955913303,1,2,,0,4.2100340373601734e-09,-9.748613555128589,-0.5659747181504079,-0.30228005935477564,0.0245,0.024500000000000004,0.05821968690277642,0.0008619499779256182,0.0009580254455444808,0.0023658429799418954,0.0007353332829222895,0.0006383795493624881,0.12694088376246684,4.320664768892628,0.2323215284888022,0.47603134662880997,-9.748613555128589,-0.5659747181504079,-0.30228005935477564,0.0009580254455444808,0.0008619499779256182,0.0023658429799418954,0.47603134662880997,0.2323215284888022
56,adam,56,57,0.017088036074314774,1,9.54397168982746e-07,4.081343091603671e-07,2.6915610738842807e-06,0.0016070929712074277,1,2,,0,3.4921172141403904e-09,-9.735876671243037,-0.5745039349814308,-0.3047511712321385,0.0235,0.023500000000000014,0.05819266767883218,0.0008953168010846172,0.0009769325304148418,0.002416864809571031,0.0007469597638145141,0.000635300430332306,0.12673598685862164,4.2687857903074615,0.2322085842696776,0.47597207721788665,-9.735876671243037,-0.5745039349814308,-0.3047511712321385,0.0009769325304148418,0.0008953168010846172,0.002416864809571031,0.47597207721788665,0.2322085842696776
57,adam,57,58,0.016917155713571625,1,1.0049649833009528e-06,4.6875145685789694e-07,3.0621323920252006e-06,0.0013453612257306599,1,2,,0,2.448146043609768e-09,-9.659395329588655,-0.5797328013423593,-0.30698469706654524,0.0235,0.023500000000000014,0.05803850545156006,0.0009156237112259422,0.00100247941789393,0.002140220496739275,0.0007324927299049306,0.0006308169793106799,0.12627027346201503,4.21610054229479,0.23227166188902534,0.4759581809648529,-9.659395329588655,-0.5797328013423593,-0.30698469706654524,0.00100247941789393,0.0009156237112259422,0.002140220496739275,0.4759581809648529,0.23227166188902534
58,adam,58,59,0.01674798415643591,1,9.242896905856337e-07,3.949781285814554e-07,2.382985112573863e-06,0.001184230420015942,1,2,,0,1.8348499347795952e-09,-9.531076739948178,-0.5768864859130425,-0.30882477965054356,0.023,0.02300000000000001,0.0578685129469618,0.0008839662871482959,0.0009613998598843426,0.001760214073514258,0.0006994099319574036,0.0006243095923935424,0.12556847646564184,4.1629933994131365,0.2325564496727279,0.4759970386521971,-9.531076739948178,-0.5768864859130425,-0.30882477965054356,0.0009613998598843426,0.0008839662871482959,0.001760214073514258,0.4759970386521971,0.2325564496727279
59,adam,59,60,0.016580504314871552,1,7.927266438240977e-07,2.3606885573881872e-07,1.3059160764950498e-06,0.0012152158547054598,1,2,,0,1.968057147036527e-09,-9.375614437434557,-0.5863830065985004,-0.3102420697829038,0.023,0.02300000000000001,0.05773927298278799,0.0008222556695852629,0.0008903519774921026,0.001801866023001649,0.0006670715205306244,0.0006161071574089247,0.12478322655735288,4.112073350851115,0.23302113387366902,0.4760715655936056,-9.375614437434557,-0.5863830065985004,-0.3102420697829038,0.0008903519774921026,0.0008222556695852629,0.001801866023001649,0.4760715655936056,0.23302113387366902
60,adam,60,61,0.016414699271722837,1,7.551896087553629e-07,3.0489596553873234e-07,2.881161909949397e-06,0.001239979555959634,1,2,,0,2.1673277757591333e-09,-9.220612377069585,-0.5813657215208187,-0.31131729586585954,0.023,0.02300000000000001,0.057646043863861275,0.0007837405879331666,0.0008690164605779127,0.001884791120038472,0.0006490331918593705,0.0006070796622485396,0.12409558299532615,4.065169438223517,0.23355463125513543,0.4761500882175144,-9.220612377069585,-0.5813657215208187,-0.31131729586585954,0.0008690164605779127,0.0007837405879331666,0.001884791120038472,0.4761500882175144,0.23355463125513543
61,adam,61,62,0.016250552279005605,1,7.611218239505428e-07,3.516654100403055e-07,3.0869384309220097e-06,0.001161094361286665,1,2,,0,1.913850389864587e-09,-9.088244247243376,-0.5664148414127173,-0.31214956942328964,0.023,0.02300000000000001,0.05755732045444874,0.000782577920968652,0.0008724229616135414,0.0018795116580978255,0.0006376994095091032,0.0005982319490478016,0.12362465065810345,4.021546452981316,0.23401407366743862,0.4762000171948904,-9.088244247243376,-0.5664148414127173,-0.31214956942328964,0.0008724229616135414,0.000782577920968652,0.0018795116580978255,0.4762000171948904,0.23401407366743862
62,adam,62,63,0.01608804675621555,1,7.329910470246431e-07,3.1523358940775996e-07,2.717701526275966e-06,0.00104263427215345,1,2,,0,1.3164697875635736e-09,-8.989866081695164,-0.5639135201534581,-0.312768586102387,0.023,0.02300000000000001,0.057464716735240555,0.000771495212339034,0.0008561489631043438,0.0017959886907971516,0.0006222687339449994,0.0005903530286681798,0.1233737652803106,3.9782691621699615,0.2342815181075124,0.4762021579128851,-8.989866081695164,-0.5639135201534581,-0.312768586102387,0.0008561489631043438,0.000771495212339034,0.0017959886907971516,0.4762021579128851,0.2342815181075124
63,adam,63,64,0.015927166288653396,1,6.642337635534796e-07,2.799733476200999e-07,1.920954883296894e-06,0.0009775691527258493,1,2,,0,1.0151281915629373e-09,-8.92554428699649,-0.5644283014474881,-0.3131240804619568,0.0225,0.022500000000000006,0.05738861601683877,0.0007324171863167073,0.0008150053763954442,0.0017390327057923264,0.0006025663831065222,0.000583755573425394,0.1232562075063229,3.9322525874814875,0.23431745424937778,0.4761581653985007,-8.92554428699649,-0.5644283014474881,-0.3131240804619568,0.0008150053763954442,0.0007324171863167073,0.0017390327057923264,0.4761581653985007,0.23431745424937778
64,adam,64,65,0.01576789462576686,1,5.896244189826626e-07,1.9645303807665955e-07,1.1644343964181847e-06,0.0009887934135773152,1,2,,0,9.311605525497498e-10,-8.887666659394489,-0.5714149257298682,-0.31314555137279193,0.0225,0.022500000000000006,0.05735171594569484,0.000682459454476775,0.0007678700534482788,0.001741818688876363,0.0005828200896156136,0.0005784199077446926,0.12318730144222224,3.8838134051641053,0.23418189272012507,0.47608786673951503,-8.887666659394489,-0.5714149257298682,-0.31314555137279193,0.0007678700534482788,0.000682459454476775,0.001741818688876363,0.47608786673951503,0.23418189272012507
65,adam,65,66,0.01561021567950919,1,5.794979980142566e-07,2.1001108506191245e-07,1.7099984514688483e-06,0.0009631222363771745,1,2,,0,1.01455839997171e-09,-8.865989273731115,-0.5751408108305106,-0.3128118335102234,0.0225,0.022500000000000006,0.05734775224707702,0.0006765518042899158,0.0007612476587906571,0.0017514084485984432,0.0005698575007124764,0.0005742129494132599,0.12313703584900385,3.8373269376921053,0.2340007713108253,0.4760172576325211,-8.865989273731115,-0.5751408108305106,-0.3128118335102234,0.0007612476587906571,0.0006765518042899158,0.0017514084485984432,0.4760172576325211,0.2340007713108253
66,adam,66,67,0.015454113522714098,1,6.154735144926901e-07,3.086814582762357e-07,2.6114009365225127e-06,0.0008202854219949297,1,2,,0,7.718028248986224e-10,-8.851751699261765,-0.5749851998006535,-0.31218590875613156,0.0225,0.022500000000000006,0.05735853653709007,0.0006990154710139532,0.0007845212007923623,0.0018197329853063984,0.000566182808647962,0.0005708507885331841,0.12310380761405743,3.7972695792846447,0.2338974977563458,0.47596550923800457,-8.851751699261765,-0.5749851998006535,-0.31218590875613156,0.0007845212007923623,0.0006990154710139532,0.0018197329853063984,0.47596550923800457,0.2338974977563458
67,adam,67,68,0.015299572387486958,1,6.058003965292999e-07,2.6937348460597777e-07,2.19111755095004e-06,0.0006596707699444495,1,2,,0,5.102664079033954e-10,-8.83850206498623,-0.5719065454707553,-0.3114032754334701,0.0225,0.022500000000000006,0.05736290828637307,0.0006969705375966874,0.0007783318036218872,0.0019413768552081299,0.0005685080613240404,0.0005679254507389992,0.12307458675905146,3.764632431515054,0.23393429010720374,0.47593928702232585,-8.83850206498623,-0.5719065454707553,-0.3114032754334701,0.0007783318036218872,0.0006969705375966874,0.0019413768552081299,0.47593928702232585,0.23393429010720374
68,adam,68,69,0.015146576663612089,1,5.622869283679125e-07,1.6182188579448955e-07,8.232033310310892e-07,0.0006182486072319334,1,2,,0,7.050272485851844e-10,-8.821270850030277,-0.5670457528190255,-0.31062872877596615,0.0225,0.022500000000000006,0.05734781172338316,0.0006698434764797557,0.000749857938791017,0.0020817610144883147,0.0005744022819897283,0.0005650803165483714,0.12301222270050949,3.7367238131671634,0.23409389471012382,0.4759345175234392,-8.821270850030277,-0.5670457528190255,-0.31062872877596615,0.000749857938791017,0.0006698434764797557,0.0020817610144883147,0.4759345175234392,0.23409389471012382
69,adam,69,70,0.014995110896975966,1,5.459408003983567e-07,2.2048207416506386e-07,1.367967442863618e-06,0.0006188904540759947,1,2,,0,7.264167694643217e-10,-8.797367031301155,-0.5614052878669137,-0.31000764017341254,0.0225,0.022500000000000006,0.057311012513155776,0.0006528355435222775,0.0007388780686949347,0.002174938742612892,0.000577558209294862,0.000562051945400464,0.1228689098465803,3.708643811296803,0.2343020206314337,0.4759404169296275,-8.797367031301155,-0.5614052878669137,-0.31000764017341254,0.0007388780686949347,0.0006528355435222775,0.002174938742612892,0.4759404169296275,0.2343020206314337
70,adam,70,71,0.014845159788006207,1,5.385593899152848e-07,2.5743756517447784e-07,1.4321859458187604e-06,0.00058555052443839,1,2,,0,4.813226857815348e-10,-8.768096736618649,-0.5631358602452595,-0.30962818258978275,0.022,0.02200000000000001,0.05725835604631379,0.0006503443579585622,0.0007338660572034142,0.0021499588610406524,0.0005693212389743774,0.0005586996439312234,0.12262465893574413,3.6758433390701506,0.23447136114203626,0.47594364196914063,-8.768096736618649,-0.5631358602452595,-0.30962818258978275,0.0007338660572034142,0.0006503443579585622,0.0021499588610406524,0.47594364196914063,0.23447136114203626
71,adam,71,72,0.014696708190126147,1,5.120495821594426e-07,1.9757251420456023e-07,1.2420598551915287e-06,0.0005704118249877921,1,2,,0,4.952427151309975e-10,-8.738441768247842,-0.5716427439865603,-0.309500797154223,0.0215,0.02150000000000001,0.05720488007692474,0.0006378675669678078,0.0007155763985483609,0.0020044254698605274,0.0005523930685889151,0.0005551156440544777,0.1223178414578613,3.637013746848572,0.23454604570740925,0.47593374905256547,-8.738441768247842,-0.5716427439865603,-0.309500797154223,0.0007155763985483609,0.0006378675669678078,0.0020044254698605274,0.47593374905256547,0.23454604570740925
72,adam,72,73,0.014549741108224885,1,4.843883117096535e-07,1.6134759379681403e-07,1.472804599349e-06,0.000593497218133298,1,2,,0,5.339322421388977e-10,-8.714609126242287,-0.5826420949537647,-0.30955802859022674,0.0215,0.02150000000000001,0.05714768170898369,0.0006218391450348232,0.0006959801087025789,0.0018038727185284108,0.0005389954228543962,0.0005515761848656593,0.12202837492218428,3.5946665506145092,0.23452285435790726,0.4759076981502939,-8.714609126242287,-0.5826420949537647,-0.30955802859022674,0.0006959801087025789,0.0006218391450348232,0.0018038727185284108,0.4759076981502939,0.23452285435790726
73,adam,73,74,0.014404243697142636,1,4.6895782881295633e-07,1.825633380048021e-07,1.7276142322833598e-06,0.0006096500272861705,1,2,,0,4.464687544223941e-10,-8.701466414067557,-0.5917854899759077,-0.30967516352506347,0.0215,0.02150000000000001,0.0570924931781439,0.0006100516660558369,0.0006848049567672217,0.0016193523832530895,0.0005339386143083482,0.0005483208237255967,0.12182415157375352,3.5529571026251876,0.23444125920717937,0.47587064449667615,-8.701466414067557,-0.5917854899759077,-0.30967516352506347,0.0006848049567672217,0.0006100516660558369,0.0016193523832530895,0.47587064449667615,0.23444125920717937
74,adam,74,75,0.014260201260171208,1,4.6250963615050233e-07,1.8963955107755842e-07,1.7962424082145208e-06,0.0005883450203630536,1,2,,0,3.7450099745772233e-10,-8.700612007513724,-0.5965729504483419,-0.31018947049234863,0.0215,0.02150000000000001,0.057058047202585595,0.0006032943621106781,0.0006800806100386205,0.0014984539234257487,0.0005300024489445438,0.0005454015987510816,0.1217189055756982,3.515020375551573,0.23435592909445255,0.4758331615782413,-8.700612007513724,-0.5965729504483419,-0.31018947049234863,0.0006800806100386205,0.0006032943621106781,0.0014984539234257487,0.4758331615782413,0.23435592909445255
75,adam,75,76,0.014117599247569496,1,4.567705726579061e-07,1.8712462301128956e-07,1.749250410765269e-06,0.0005326269004869569,1,2,,0,3.126315995882748e-10,-8.70987414783953,-0.597303648243011,-0.3112058763162994,0.0215,0.02150000000000001,0.057059898200816486,0.000596648927803339,0.0006758480396197847,0.0014591147669309097,0.0005187750380201319,0.0005427008559553058,0.12167367671379231,3.4816518978663766,0.2343098336584311,0.4758061429021933,-8.70987414783953,-0.597303648243011,-0.3112058763162994,0.0006758480396197847,0.000596648927803339,0.0014591147669309097,0.4758061429021933,0.2343098336584311
76,adam,76,77,0.0139764232550938,1,4.4009822858510967e-07,1.5308806282706405e-07,1.0759357012911328e-06,0.00048662852406469937,1,2,,0,2.534421423577184e-10,-8.724754290867525,-0.5959720916420548,-0.3120005685615478,0.0215,0.02150000000000001,0.05709511036418805,0.0005826226519452599,0.00066339899652103,0.0014777468273688926,0.0005007967239653357,0.0005400387149467346,0.12163133917129464,3.4515926703276154,0.2343198363052191,0.4757957202345817,-8.724754290867525,-0.5959720916420548,-0.3120005685615478,0.00066339899652103,0.0005826226519452599,0.0014777468273688926,0.4757957202345817,0.2343198363052191
77,adam,77,78,0.013836659022542863,1,4.1950831631085814e-07,1.0043700114214779e-07,8.02991105155244e-07,0.00048554154960751123,1,2,,0,2.911749294065107e-10,-8.740764995351922,-0.5944383537616879,-0.31261937327803807,0.0225,0.022500000000000006,0.057151039652793244,0.0005650117613082707,0.000647694616552321,0.0015174321005500641,0.00048527261444924514,0.0005372726761691156,0.12155080426755026,3.422719247290093,0.2343771983781263,0.4758008003867061,-8.740764995351922,-0.5944383537616879,-0.31261937327803807,0.000647694616552321,0.0005650117613082707,0.0015174321005500641,0.4758008003867061,0.2343771983781263
78,adam,78,79,0.013698292432317434,1,4.1078793716930206e-07,1.3175522748940336e-07,1.014970520189423e-06,0.0004927232284225965,1,2,,0,3.345855352758519e-10,-8.755163154172807,-0.5934739129715279,-0.3131833160346404,0.0225,0.022500000000000006,0.057182648535642984,0.0005541212339695368,0.0006409274039774724,0.0015525693758444636,0.0004768983081105734,0.0005343332438413478,0.12141989267822278,3.3931461294550496,0.23445759996506635,0.4758141490324413,-8.755163154172807,-0.5934739129715279,-0.3131833160346404,0.0006409274039774724,0.0005541212339695368,0.0015525693758444636,0.4758141490324413,0.23445759996506635
79,adam,79,80,0.01356130950799426,1,4.0580276398525905e-07,1.630978916982098e-07,1.246903886938831e-06,0.0004764351740864076,1,2,,0,2.8909565501184874e-10,-8.767376396550556,-0.5931094361696418,-0.3138267207906964,0.022,0.022000000000000006,0.05715693787481415,0.0005476084854311914,0.0006370265017919263,0.001563163094813752,0.00046909347877047413,0.0005312215069823144,0.12125123806307514,3.361843626732122,0.23453392579973156,0.4758263117552139,-8.767376396550556,-0.5931094361696418,-0.3138267207906964,0.0006370265017919263,0.0005476084854311914,0.001563163094813752,0.4758263117552139,0.23453392579973156
80,adam,80,81,0.013425696412914318,1,3.925768835447318e-07,1.3357013522777884e-07,1.0617284665797056e-06,0.0004536819595778641,1,2,,0,2.6081640269252865e-10,-8.778294524701975,-0.593415956607698,-0.314632440397268,0.022,0.022000000000000006,0.05706934398631631,0.0005388725676412649,0.0006265595610512474,0.0015415840461960241,0.00045714085694179913,0.0005280149854106531,0.12107171115798776,3.3289236019312836,0.2345875020755328,0.4758304166951918,-8.778294524701975,-0.593415956607698,-0.314632440397268,0.0006265595610512474,0.0005388725676412649,0.0015415840461960241,0.4758304166951918,0.2345875020755328
81,adam,81,82,0.013291439448785174,1,3.793858566389885e-07,1.0063603078034331e-07,6.148715514225564e-07,0.000434743443733506,1,2,,0,2.9405479708475006e-10,-8.789145486150714,-0.5947383146750653,-0.3156027413916344,0.022,0.022000000000000006,0.056945068016197614,0.0005300049364663516,0.000615943062822359,0.001495018381329658,0.00044579446775829207,0.0005248535794569856,0.1209090679322819,3.295501309084076,0.23461389880273534,0.47582487911271865,-8.789145486150714,-0.5947383146750653,-0.3156027413916344,0.000615943062822359,0.0005300049364663516,0.001495018381329658,0.47582487911271865,0.23461389880273534
82,adam,82,83,0.013158525054297323,1,3.7264122222095476e-07,1.0634601948845376e-07,7.149527432153461e-07,0.0004095253627715961,1,2,,0,2.8594221781606364e-10,-8.800574319071874,-0.5972266576656803,-0.31667769504626714,0.0225,0.022500000000000006,0.056824726393573534,0.0005250441299407747,0.0006104434635746006,0.0014324664826899207,0.0004393056790809199,0.0005218876180751858,0.12078103201980435,3.263127000376366,0.2346215456911495,0.47581263748222624,-8.800574319071874,-0.5972266576656803,-0.31667769504626714,0.0006104434635746006,0.0005250441299407747,0.0014324664826899207,0.47581263748222624,0.2346215456911495
83,adam,83,84,0.013026939803754349,1,3.68003682211907e-07,1.0300364518211225e-07,6.565116513815135e-07,0.0003819558156395574,1,2,,0,2.2290604069151376e-10,-8.812187055836306,-0.6002736577544561,-0.31777718736732596,0.022,0.02200000000000001,0.056747608654491376,0.0005220244322986677,0.0006066330704898201,0.0013690719894150585,0.0004359841911823904,0.0005192353575540033,0.12069233263796418,3.233201906443451,0.23462534619167888,0.4757984429058238,-8.812187055836306,-0.6002736577544561,-0.31777718736732596,0.0006066330704898201,0.0005220244322986677,0.0013690719894150585,0.4757984429058238,0.23462534619167888
84,adam,84,85,0.012896670405716805,1,3.6398809305068347e-07,1.0692535625783079e-07,6.658141093587143e-07,0.0003607803642380862,1,2,,0,1.7030436828327584e-10,-8.822716384345902,-0.6025670773346128,-0.3188365415894143,0.022,0.02200000000000001,0.056706418339479224,0.0005190279735131086,0.0006033142572910767,0.00133199087415369,0.00043301483878047407,0.0005169602444265979,0.1206364081572391,3.2065489528951594,0.2346386051102905,0.47578626028668414,-8.822716384345902,-0.6025670773346128,-0.3188365415894143,0.0006033142572910767,0.0005190279735131086,0.00133199087415369,0.47578626028668414,0.2346386051102905
85,adam,85,86,0.012767703701659637,1,3.590894201291327e-07,1.1901784436466607e-07,8.08196088590114e-07,0.00034523323316774734,1,2,,0,1.3051873751948224e-10,-8.830689566937165,-0.602886973273272,-0.31982258967414867,0.022,0.02200000000000001,0.05669055138692039,0.0005130213554000412,0.0005992407029976625,0.0013373145398436793,0.0004282529386518178,0.0005150542833612134,0.12059817674432931,3.1831387686011756,0.2346665002070669,0.47577785639409687,-8.830689566937165,-0.602886973273272,-0.31982258967414867,0.0005992407029976625,0.0005130213554000412,0.0013373145398436793,0.47577785639409687,0.2346665002070669
86,adam,86,87,0.01264002666464304,1,3.50367210276358e-07,9.92490929877389e-08,6.367134836075423e-07,0.0003361352824495281,1,2,,0,1.2013388429178268e-10,-8.835146448351571,-0.6010162106222556,-0.3207318966779934,0.022,0.02200000000000001,0.05668615281601016,0.0005036120756120379,0.0005919182462776072,0.0013760380110851818,0.0004212782962627649,0.000513445577931256,0.12056003812956409,3.1621704687583603,0.2347041178940997,0.4757727932700609,-8.835146448351571,-0.6010162106222556,-0.3207318966779934,0.0005919182462776072,0.0005036120756120379,0.0013760380110851818,0.4757727932700609,0.2347041178940997
87,adam,87,88,0.01251362639799661,1,3.4168501059591414e-07,6.328872584154615e-08,5.015499213357558e-07,0.0003298551364464742,1,2,,0,1.3525047590183697e-10,-8.836119065948143,-0.5979611254207303,-0.32157934384473974,0.022,0.02200000000000001,0.05668204705640276,0.0004954592900353984,0.0005845382883917136,0.001428179123555972,0.00041547636605186093,0.0005120265089329403,0.12050937016851752,3.142514432407677,0.23474005425761713,0.4757693023311113,-8.836119065948143,-0.5979611254207303,-0.32157934384473974,0.0005845382883917136,0.0004954592900353984,0.001428179123555972,0.4757693023311113,0.23474005425761713
88,adam,88,89,0.012388490134016644,1,3.3782454916632093e-07,7.287496463157586e-08,4.043527513820555e-07,0.00031596937021210347,1,2,,0,1.4054203129479218e-10,-8.834790567292716,-0.5952897391658144,-0.3223856619386512,0.022,0.02200000000000001,0.056673808782051985,0.0004923172008764076,0.0005812267622592072,0.001470857204835969,0.00041402690752743385,0.0005106762904465174,0.12044248499090271,3.1232235642109694,0.234763336239943,0.4757652615486458,-8.834790567292716,-0.5952897391658144,-0.3223856619386512,0.0005812267622592072,0.0004923172008764076,0.001470857204835969,0.4757652615486458,0.234763336239943
89,adam,89,90,0.012264605232676477,1,3.3628940471488306e-07,8.95278081869859e-08,5.189445039198636e-07,0.0002930363428277981,1,2,,0,1.3224389251962604e-10,-8.833185241955745,-0.5941271432899593,-0.323168717073675,0.022,0.02200000000000001,0.05666307151746426,0.0004924163104824648,0.0005799046513995926,0.001484264327627771,0.00041470688028401965,0.0005092821294132014,0.12036492867663298,3.1038887237260107,0.2347695578452668,0.47575895024437864,-8.833185241955745,-0.5941271432899593,-0.323168717073675,0.0005799046513995926,0.0004924163104824648,0.001484264327627771,0.47575895024437864,0.2347695578452668
90,adam,90,91,0.012141959180349713,1,3.3330538676264735e-07,8.466993846058073e-08,4.650035972074109e-07,0.00026751395662425267,1,2,,0,1.113378355230154e-10,-8.8333959474302,-0.5945485689516623,-0.32393861232834376,0.022,0.02200000000000001,0.056653757305979956,0.0004920797782348236,0.0005773260662421604,0.0014647410758317444,0.00041307416359535534,0.0005077681183159699,0.12028934038088487,3.0847164052187623,0.23476282577654217,0.4757496222848162,-8.8333959474302,-0.5945485689516623,-0.32393861232834376,0.0005773260662421604,0.0004920797782348236,0.0014647410758317444,0.4757496222848162,0.23476282577654217
91,adam,91,92,0.012020539588546215,1,3.284541260969663e-07,7.48605147771374e-08,4.13896242235242e-07,0.0002448319143755542,1,2,,0,8.495653809916858e-11,-8.836715005880176,-0.5957350235209308,-0.32469515138413474,0.022,0.02200000000000001,0.056648561908463284,0.0004894415044592053,0.0005731091746752676,0.0014253779540778666,0.0004082952553067205,0.0005061133241694982,0.12022923836739458,3.066262455334404,0.2347527832692707,0.4757378538057677,-8.836715005880176,-0.5957350235209308,-0.32469515138413474,0.0005731091746752676,0.0004894415044592053,0.0014253779540778666,0.4757378538057677,0.2347527832692707
92,adam,92,93,0.011900334192660752,1,3.224864658993592e-07,6.185107589386095e-08,3.9995246398132856e-07,0.0002312577303008592,1,2,,0,7.750936767517356e-11,-8.843118440687151,-0.5966719808428436,-0.3254281729713727,0.022,0.02200000000000001,0.05664790807919025,0.00048410610666984943,0.0005678789183438307,0.001382602737852195,0.0004031151198370173,0.0005043454268504843,0.12018992933211026,3.0489775548470512,0.23474896047391738,0.47572549248525237,-8.843118440687151,-0.5966719808428436,-0.3254281729713727,0.0005678789183438307,0.00048410610666984943,0.001382602737852195,0.47572549248525237,0.23474896047391738
93,adam,93,94,0.011781330850734146,1,3.173217076712168e-07,4.7094339383387074e-08,4.006261154581375e-07,0.0002264141360802223,1,2,,0,8.884261780458496e-11,-8.851356669347625,-0.5968173768770575,-0.32612255037690324,0.022,0.02200000000000001,0.05665080475154043,0.00047809712611275454,0.0005633131524038976,0.0013473666619301006,0.00040000220651601777,0.0005025206372806449,0.12016349472495595,3.032881890584948,0.2347559193449426,0.4757150635122723,-8.851356669347625,-0.5968173768770575,-0.32612255037690324,0.0005633131524038976,0.00047809712611275454,0.0013473666619301006,0.4757150635122723,0.2347559193449426
94,adam,94,95,0.011663517542226803,1,3.144829239403213e-07,5.731456619978255e-08,3.5935075385519705e-07,0.0002190151116983514,1,2,,0,8.933293328547683e-11,-8.859641365266402,-0.5962790628069147,-0.3267672802603787,0.022,0.02200000000000001,0.05665614552697015,0.00047384422408991894,0.0005607877708548229,0.001324176922836131,0.0003988150982430056,0.0005007043610164671,0.12013339037180981,3.0175662216119066,0.23477162679672448,0.47570871582719904,-8.859641365266402,-0.5962790628069147,-0.3267672802603787,0.0005607877708548229,0.00047384422408991894,0.001324176922836131,0.47570871582719904,0.23477162679672448
95,adam,95,96,0.011546882366804536,1,3.1198109624289694e-07,6.887081956936733e-08,3.946528269795401e-07,0.00020677535018925235,1,2,,0,6.968975260178383e-11,-8.866588525181072,-0.5954835330794849,-0.32736421184971765,0.022,0.02200000000000001,0.05666358549034144,0.00047149343322902906,0.0005585526799173888,0.0013115925330619788,0.00039784627571561927,0.0004989593081532465,0.12008590335006457,3.0024862651132946,0.23478942850502374,0.47570720562249497,-8.866588525181072,-0.5954835330794849,-0.32736421184971765,0.0005585526799173888,0.00047149343322902906,0.0013115925330619788,0.47570720562249497,0.23478942850502374
96,adam,96,97,0.01143141354313649,1,3.077732759428483e-07,5.7011717472276356e-08,3.1799555450788623e-07,0.00019961142626526482,1,2,,0,5.049208736397012e-11,-8.871867727652692,-0.5946990195149708,-0.3279309686799291,0.022,0.02200000000000001,0.056673541071730095,0.0004692773659094401,0.0005547731752192496,0.0013063779634729987,0.00039619960810841385,0.0004973397456496457,0.12001973898463887,2.9873318265362196,0.23480202389729557,0.47570952808171707,-8.871867727652692,-0.5946990195149708,-0.3279309686799291,0.0005547731752192496,0.0004692773659094401,0.0013063779634729987,0.47570952808171707,0.23480202389729557
97,adam,97,98,0.011317099407705125,1,3.0353304231870773e-07,3.851502372294673e-08,2.663136343961186e-07,0.00019667646607424938,1,2,,0,4.578227633104638e-11,-8.876208959436314,-0.5938183584415113,-0.3284956375837672,0.022,0.02200000000000001,0.05668648200975207,0.0004677545717983688,0.0005509383289613346,0.001308680415040449,0.00039436933564058807,0.0004958839457812567,0.11994680480885424,2.9721908292717667,0.234804871882041,0.47571338197009083,-8.876208959436314,-0.5938183584415113,-0.3284956375837672,0.0005509383289613346,0.0004677545717983688,0.001308680415040449,0.47571338197009083,0.234804871882041
98,adam,98,99,0.011203928413628075,1,3.009156516700161e-07,4.501829986476262e-08,2.8364535260768563e-07,0.0001875141847332309,1,2,,0,4.018274057767561e-11,-8.880851332018096,-0.5925329205136001,-0.3290853813422619,0.022,0.02200000000000001,0.05670227747634344,0.000466854437631571,0.0005485577924613013,0.0013208551714170326,0.000392847573735088,0.0004946023989593708,0.1198841886859545,2.9573988778652733,0.2347973722341117,0.4757161874270014,-8.880851332018096,-0.5925329205136001,-0.3290853813422619,0.0005485577924613013,0.000466854437631571,0.0013208551714170326,0.4757161874270014,0.2347973722341117
99,adam,99,100,0.011091889129491793,1,2.9866576965739817e-07,5.209328551728377e-08,3.1527721659196625e-07,0.00017377361389615513,1,2,,0,3.2139748670894266e-11,-8.886796894833248,-0.5906921897090441,-0.3297145073135234,0.022,0.02200000000000001,0.05671996751513672,0.0004654848068107719,0.000546503220171115,0.0013427186827599618,0.0003913631406784491,0.000493471441984391,0.11984331072875903,2.943235872682222,0.23478208030232517,0.4757161876424634,-8.886796894833248,-0.5906921897090441,-0.3297145073135234,0.000546503220171115,0.0004654848068107719,0.0013427186827599618,0.4757161876424634,0.23478208030232517
100,adam,100,101,0.010980970238196875,1,2.9561124729501523e-07,4.7073786110866236e-08,2.9385095451412403e-07,0.0001656515345530473,1,2,,0,3.101171682421539e-11,-8.89427007464307,-0.5885178931868791,-0.33037809055612655,0.022,0.02200000000000001,0.05673768551000887,0.00046287569877262057,0.00054370143212522,0.0013693196077581072,0.0003895854029960102,0.0004924410145007279,0.11982332004872331,2.9297179521414,0.23476318125639123,0.4757131227510516,-8.89427007464307,-0.5885178931868791,-0.33037809055612655,0.00054370143212522,0.00046287569877262057,0.0013693196077581072,0.4757131227510516,0.23476318125639123
