resolution,index,singular_value
50x5,0,0.05566112224070987
50x5,1,0.035004484367421866
50x5,2,0.030394486655319793
50x5,3,0.02702658014708469
50x5,4,0.024238750155652286
50x5,5,0.019703740767546666
50x5,6,0.01697671521623306
50x5,7,0.014195560710631659
50x5,8,0.013558005255174966
50x5,9,0.012148976749784258
50x5,10,0.011056618259667817
50x5,11,0.008310398953807797
50x5,12,0.0075773854437745525
50x5,13,0.005952324886285319
50x5,14,0.005766722315894298
50x5,15,0.00528260935350464
50x5,16,0.004995757194636134
50x5,17,0.004738202610714715
50x5,18,0.0027177473894257733
50x5,19,0.0011671998572245679
50x5,20,0.000307519143023189
50x5,21,8.09060002273768e-05
50x5,22,6.861322384081748e-05
50x5,23,2.6963429623067024e-05
50x5,24,1.6956291677810155e-05
50x5,25,3.442214143167855e-07
50x5,26,6.687101437607606e-18
50x5,27,4.733084647174978e-18
50x5,28,4.207689944610305e-18
50x5,29,3.322878328304942e-18
50x5,30,2.538333917361302e-18
50x5,31,2.2463007873155823e-18
50x5,32,1.8675501590755154e-18
50x5,33,1.7144600493271936e-18
50x5,34,1.5849891960471612e-18
50x5,35,1.4409655889869665e-18
50x5,36,1.3094160973289438e-18
50x5,37,1.074321158384622e-18
50x5,38,9.689128028906662e-19
50x5,39,8.646108797265529e-19
50x5,40,7.357233782311724e-19
50x5,41,6.187603764570771e-19
50x5,42,5.533398091323304e-19
50x5,43,4.619656655836797e-19
50x5,44,3.1807906383252245e-19
50x5,45,2.551759689601419e-19
50x5,46,1.2169059811264695e-19
50x5,47,5.985655933165117e-20
100x10,0,0.03711317833858621
100x10,1,0.027179256223004076
100x10,2,0.02253706913209322
100x10,3,0.017780231957165944
100x10,4,0.01672522623814651
100x10,5,0.013487973042796222
100x10,6,0.01228120838638347
100x10,7,0.01011082438606385
100x10,8,0.009001139548996579
100x10,9,0.008126232337215114
100x10,10,0.007149760395373141
100x10,11,0.0069386551237379
100x10,12,0.006923779123318862
100x10,13,0.006769704601033118
100x10,14,0.0065489657963364815
100x10,15,0.00624171090353157
100x10,16,0.005788848305542881
100x10,17,0.005326951663295311
100x10,18,0.005004740637429411
100x10,19,0.004867671863465749
100x10,20,0.004346995028680842
100x10,21,0.0039622716781449125
100x10,22,0.002690913670570497
100x10,23,0.002380245732107466
100x10,24,0.0022619717984545206
100x10,25,0.0021694602926423164
100x10,26,0.002031610066440491
100x10,27,0.0019437916794546423
100x10,28,0.001824186453121384
100x10,29,0.0015721964142209296
100x10,30,0.0014354819930219506
100x10,31,0.001426646157027059
100x10,32,0.0013651009273014352
100x10,33,0.0013372852061118736
100x10,34,0.001290411801749561
100x10,35,0.0011387016553465192
100x10,36,0.001020484837078253
100x10,37,0.00046325466478146986
100x10,38,0.00021264050115304002
100x10,39,4.438860436933792e-05
100x10,40,2.1512529967797572e-05
100x10,41,9.274744715547437e-06
100x10,42,8.60649621886026e-06
100x10,43,5.071057682814129e-06
100x10,44,3.2018294819754204e-06
100x10,45,1.509771352775956e-06
100x10,46,1.1380622706870321e-06
100x10,47,3.6973923561517494e-07
100x10,48,2.495486861249834e-07
100x10,49,4.476094706383616e-08
100x10,50,8.10602762730529e-09
100x10,51,1.1073765198964779e-09
100x10,52,6.174470604054705e-11
100x10,53,2.2230661857900763e-11
100x10,54,9.693834197762638e-18
100x10,55,7.757581503558793e-18
100x10,56,6.309100719999834e-18
100x10,57,5.629096763721668e-18
100x10,58,3.541278870358116e-18
100x10,59,3.0477115582334175e-18
100x10,60,2.876765659512575e-18
100x10,61,2.581940961916561e-18
100x10,62,2.379141184450649e-18
100x10,63,2.1484919256818515e-18
100x10,64,2.0759656082201293e-18
100x10,65,1.9481530692186567e-18
100x10,66,1.870919101721655e-18
100x10,67,1.8181478619372576e-18
100x10,68,1.7548289565619846e-18
100x10,69,1.6688106842553408e-18
100x10,70,1.5779581898268719e-18
100x10,71,1.4772638201975469e-18
100x10,72,1.3533917428604974e-18
100x10,73,1.301263594063874e-18
100x10,74,1.232188570751772e-18
100x10,75,1.2070082894783127e-18
100x10,76,1.1213474146523185e-18
100x10,77,1.0941346746811237e-18
100x10,78,1.081016941917513e-18
100x10,79,1.0484149783454748e-18
100x10,80,9.801532858566764e-19
100x10,81,9.10920273326475e-19
100x10,82,8.645405642235491e-19
100x10,83,8.473123740409011e-19
100x10,84,8.427208397620742e-19
100x10,85,7.823935532845343e-19
100x10,86,7.601038248466055e-19
100x10,87,7.392257739872575e-19
100x10,88,6.927910959760206e-19
100x10,89,6.763371679393599e-19
100x10,90,6.59294937332684e-19
100x10,91,6.083360819743519e-19
100x10,92,6.000121286132146e-19
100x10,93,5.835678023212707e-19
100x10,94,5.7281449043434e-19
100x10,95,5.386032972328353e-19
100x10,96,5.277877838884613e-19
100x10,97,4.936220233068615e-19
100x10,98,4.840012860778643e-19
100x10,99,4.679553170069979e-19
100x10,100,4.448834089850629e-19
100x10,101,4.35164666349093e-19
100x10,102,4.1183797856816403e-19
100x10,103,3.8989508210625124e-19
100x10,104,3.7631037256781396e-19
100x10,105,3.6756448835061895e-19
100x10,106,3.513713598400211e-19
100x10,107,3.3885015111090155e-19
100x10,108,3.273763910891196e-19
100x10,109,3.219291507581737e-19
100x10,110,3.042376615843062e-19
100x10,111,2.957346347868198e-19
100x10,112,2.9022656742326145e-19
100x10,113,2.7713785295142403e-19
100x10,114,2.581583017610507e-19
100x10,115,2.5598365568129664e-19
100x10,116,2.4569552005343297e-19
100x10,117,2.375408723625956e-19
100x10,118,2.2763424404873914e-19
100x10,119,2.0845760511706602e-19
100x10,120,2.0175959988623688e-19
100x10,121,1.985261376243298e-19
100x10,122,1.9502396597654082e-19
100x10,123,1.9192589975592322e-19
100x10,124,1.7773717960641535e-19
100x10,125,1.6879021701247001e-19
100x10,126,1.5953027329895615e-19
100x10,127,1.5820369881543706e-19
100x10,128,1.49614277096631e-19
100x10,129,1.4699504031729783e-19
100x10,130,1.4189446781730308e-19
100x10,131,1.4014964446770105e-19
100x10,132,1.3115901805577346e-19
100x10,133,1.2534364603411221e-19
100x10,134,1.1970107679025662e-19
100x10,135,1.154429066642913e-19
100x10,136,1.0959569959756545e-19
100x10,137,1.0757284014178525e-19
100x10,138,9.99103824862677e-20
100x10,139,9.583497999950422e-20
100x10,140,9.185574190362388e-20
100x10,141,9.055326231715231e-20
100x10,142,8.352157731404063e-20
100x10,143,8.167690403285374e-20
100x10,144,7.776073830486878e-20
100x10,145,6.910507356626251e-20
100x10,146,6.873999243181886e-20
100x10,147,6.78972464737282e-20
100x10,148,6.059665043221516e-20
100x10,149,5.960040609201209e-20
100x10,150,5.661804102996634e-20
100x10,151,5.4159295754984153e-20
100x10,152,5.0231950262094004e-20
100x10,153,4.80664049689656e-20
100x10,154,4.593939653738381e-20
100x10,155,4.530446417179343e-20
100x10,156,4.375877302960527e-20
100x10,157,4.263299114677301e-20
100x10,158,4.059527749053591e-20
100x10,159,3.811212629997209e-20
100x10,160,3.6768089699200305e-20
100x10,161,3.3052402453297837e-20
100x10,162,3.203248659337431e-20
100x10,163,3.1639144623946237e-20
100x10,164,2.985264314602823e-20
100x10,165,2.7646076868803904e-20
100x10,166,2.685460442726667e-20
100x10,167,2.4450188626526472e-20
100x10,168,2.355017588040024e-20
100x10,169,2.23008175241913e-20
100x10,170,2.064770982264599e-20
100x10,171,1.8992163764152326e-20
100x10,172,1.728947579269601e-20
100x10,173,1.6791173584501423e-20
100x10,174,1.634678056516482e-20
100x10,175,1.3650841364833248e-20
100x10,176,1.3219005547817195e-20
100x10,177,1.1966048999047001e-20
100x10,178,1.0777633675075844e-20
100x10,179,1.0152540803468946e-20
100x10,180,9.692852672202847e-21
100x10,181,8.681775304670518e-21
100x10,182,7.327529029165332e-21
100x10,183,6.805902306715228e-21
100x10,184,6.563049793587879e-21
100x10,185,6.297151684555191e-21
100x10,186,5.628103499973986e-21
100x10,187,3.999098646138177e-21
100x10,188,3.6285556144836395e-21
100x10,189,3.100517531131266e-21
100x10,190,2.5089493231016962e-21
100x10,191,1.89693050352207e-21
200x20,0,0.022072532101554437
200x20,1,0.01971241069008023
200x20,2,0.017015633250119285
200x20,3,0.01141567960818632
200x20,4,0.010663172448153495
200x20,5,0.008126259557620957
200x20,6,0.007188568772037416
200x20,7,0.006308099718222837
200x20,8,0.0051424187700421665
200x20,9,0.004478260855600712
200x20,10,0.004409115831717531
200x20,11,0.0036142796554296565
200x20,12,0.003384842367166821
200x20,13,0.003185625720211914
200x20,14,0.0028964722661532286
200x20,15,0.0027033591583592036
200x20,16,0.002429108631194999
200x20,17,0.0023467131989856594
200x20,18,0.0021513843151891544
200x20,19,0.001962448047648207
200x20,20,0.0017818913535192424
200x20,21,0.0016704617496602456
200x20,22,0.0015936267081692902
200x20,23,0.0015459451468268965
200x20,24,0.0014841337612648974
200x20,25,0.001424745180492914
200x20,26,0.0013453861326836278
200x20,27,0.0013053801617980102
200x20,28,0.00125160936759717
200x20,29,0.0012102468732022732
200x20,30,0.0011742607162538211
200x20,31,0.0011562065388347606
200x20,32,0.0011430880912431133
200x20,33,0.001129714051284868
200x20,34,0.0011111032284943931
200x20,35,0.001091591056154624
200x20,36,0.001072777439842029
200x20,37,0.00105903841809866
200x20,38,0.0010513065318246931
200x20,39,0.0008524042164955949
200x20,40,0.0006392030775240386
200x20,41,0.0005396918131719638
200x20,42,0.000450531321967054
200x20,43,0.0003836518749092357
200x20,44,0.0003208756498067733
200x20,45,0.0002714504855176664
200x20,46,0.00023069269728576342
200x20,47,0.0002069655254435277
200x20,48,0.0001816526620983115
200x20,49,0.00016604526853695174
200x20,50,0.000161273097483441
200x20,51,0.00015745623420814552
200x20,52,0.00014981475575799485
200x20,53,0.00014073530892851047
200x20,54,0.00013144950138167967
200x20,55,0.0001269440300289401
200x20,56,0.00012355159439176948
200x20,57,0.00011987117482610917
200x20,58,0.00011439110231245145
200x20,59,0.00010851572962468997
200x20,60,0.00010425519950486458
200x20,61,0.00010179584982040034
200x20,62,9.935079741132126e-05
200x20,63,9.600027850956631e-05
200x20,64,9.271637765021152e-05
200x20,65,9.0409863361163e-05
200x20,66,8.861219187591609e-05
200x20,67,8.748202635328745e-05
200x20,68,8.711256006099536e-05
200x20,69,8.708381092139037e-05
200x20,70,7.171794547620863e-05
200x20,71,5.948011901030715e-05
200x20,72,4.701540273287932e-05
200x20,73,2.576541561807537e-05
200x20,74,2.351312199435159e-05
200x20,75,1.7337162227596628e-05
200x20,76,5.982515247927555e-06
200x20,77,3.7159541035554873e-06
200x20,78,1.6512357762047346e-06
200x20,79,1.0113350056763363e-06
200x20,80,9.872178682390107e-07
200x20,81,3.3714452238709454e-07
200x20,82,2.298104619797989e-07
200x20,83,1.8265095783852145e-07
200x20,84,5.4322647728023805e-08
200x20,85,3.9320691992095766e-08
200x20,86,3.575176592965859e-08
200x20,87,1.2552904931906177e-08
200x20,88,4.6092106956989126e-09
200x20,89,3.992088865277935e-09
200x20,90,2.1249430225564605e-09
200x20,91,1.416264616459479e-09
200x20,92,7.058336451621662e-10
200x20,93,4.775177888670731e-10
200x20,94,4.35796581195314e-10
200x20,95,1.630137591991123e-10
200x20,96,1.1184937195783092e-10
200x20,97,5.710704993941497e-11
200x20,98,4.2529427248985926e-11
200x20,99,6.643924638708408e-12
200x20,100,1.7529365706375244e-12
200x20,101,4.1314039007562845e-13
200x20,102,3.017130240694621e-14
200x20,103,3.3670891748032133e-15
200x20,104,4.46110201434548e-16
200x20,105,4.127958631485804e-17
200x20,106,6.339932930164266e-18
200x20,107,5.2068141957508455e-18
200x20,108,3.3307828677830468e-18
200x20,109,2.7333030286393845e-18
200x20,110,2.343736216381253e-18
200x20,111,2.1915514253573053e-18
200x20,112,2.1149787532179403e-18
200x20,113,2.0276853245068246e-18
200x20,114,1.8631187933678122e-18
200x20,115,1.74323813049979e-18
200x20,116,1.6779748571347164e-18
200x20,117,1.623330071568858e-18
200x20,118,1.5983149627268008e-18
200x20,119,1.5213178588936346e-18
200x20,120,1.4361316162208683e-18
200x20,121,1.352804193360528e-18
200x20,122,1.3318701484274062e-18
200x20,123,1.2817693354022834e-18
200x20,124,1.251172082662875e-18
200x20,125,1.2295259299725123e-18
200x20,126,1.2082945038542971e-18
200x20,127,1.1536534002153872e-18
200x20,128,1.1384685766610757e-18
200x20,129,1.0818885577217172e-18
200x20,130,1.049250484045235e-18
200x20,131,1.0335495520121138e-18
200x20,132,1.0002171670188169e-18
200x20,133,9.774020538620054e-19
200x20,134,9.701367195927225e-19
200x20,135,9.572133060947728e-19
200x20,136,9.309938027902398e-19
200x20,137,9.186115346732966e-19
200x20,138,9.050804005744694e-19
200x20,139,8.816279845449574e-19
200x20,140,8.714206771907497e-19
200x20,141,8.614816130896926e-19
200x20,142,8.199895463036881e-19
200x20,143,8.1050283180580855e-19
200x20,144,7.7554435561917e-19
200x20,145,7.720291868845831e-19
200x20,146,7.65021550612529e-19
200x20,147,7.538072886935414e-19
200x20,148,7.315190214761632e-19
200x20,149,7.284519877362381e-19
200x20,150,7.120251433424874e-19
200x20,151,6.995836121004686e-19
200x20,152,6.973556673931746e-19
200x20,153,6.891584845887145e-19
200x20,154,6.700472165987503e-19
200x20,155,6.463200144187803e-19
200x20,156,6.3860023704407695e-19
200x20,157,6.243692863311315e-19
200x20,158,6.192979117468717e-19
200x20,159,6.1595880487132795e-19
200x20,160,6.044871305607372e-19
200x20,161,5.987754066278884e-19
200x20,162,5.884398730775265e-19
200x20,163,5.759844616176983e-19
200x20,164,5.560994325360651e-19
200x20,165,5.519383789301628e-19
200x20,166,5.440792837283017e-19
200x20,167,5.390219401272417e-19
200x20,168,5.160758999245713e-19
200x20,169,5.1431526997424335e-19
200x20,170,5.032218063570095e-19
200x20,171,4.968528573834496e-19
200x20,172,4.921976902695809e-19
200x20,173,4.808375426221496e-19
200x20,174,4.726888587389183e-19
200x20,175,4.676974437550767e-19
200x20,176,4.551418874721941e-19
200x20,177,4.504242261022789e-19
200x20,178,4.441285883347569e-19
200x20,179,4.377619960549876e-19
200x20,180,4.291394047020796e-19
200x20,181,4.2774605390163164e-19
200x20,182,4.225023491722767e-19
200x20,183,4.193355294446518e-19
200x20,184,4.1473222239447336e-19
200x20,185,4.09958236949403e-19
200x20,186,3.9818581447324713e-19
200x20,187,3.9658577821186167e-19
200x20,188,3.937265291471265e-19
200x20,189,3.8257655828636113e-19
200x20,190,3.767889717988325e-19
200x20,191,3.6574228847962585e-19
200x20,192,3.6135952940154403e-19
200x20,193,3.53140948510078e-19
200x20,194,3.4876531658260547e-19
200x20,195,3.4748995215908946e-19
200x20,196,3.4583425051614423e-19
200x20,197,3.388313625654288e-19
200x20,198,3.249372770130642e-19
200x20,199,3.163506390406256e-19
200x20,200,3.128625700491148e-19
200x20,201,3.0952401205739453e-19
200x20,202,3.061589849402521e-19
200x20,203,3.0067370521091547e-19
200x20,204,2.9645944437641604e-19
200x20,205,2.904362655240152e-19
200x20,206,2.8834587020830265e-19
200x20,207,2.8413769995636246e-19
200x20,208,2.78614669486469e-19
200x20,209,2.765658696391137e-19
200x20,210,2.704079657691904e-19
200x20,211,2.636657621016159e-19
200x20,212,2.606522493633478e-19
200x20,213,2.5276606662984305e-19
200x20,214,2.508880258543291e-19
200x20,215,2.4504055865492587e-19
200x20,216,2.44243425522333e-19
200x20,217,2.372960289802908e-19
200x20,218,2.34827495166514e-19
200x20,219,2.3244170807039665e-19
200x20,220,2.2881756122618275e-19
200x20,221,2.245034458077548e-19
200x20,222,2.2196456523467027e-19
200x20,223,2.163425656622627e-19
200x20,224,2.1182267963535708e-19
200x20,225,2.0845419778101862e-19
200x20,226,2.0798934789461005e-19
200x20,227,2.0455011492198607e-19
200x20,228,2.004282603549329e-19
200x20,229,1.9799167272425874e-19
200x20,230,1.9468522847323947e-19
200x20,231,1.9385009285060724e-19
200x20,232,1.9087472076503478e-19
200x20,233,1.8678731474683015e-19
200x20,234,1.8428056202663313e-19
200x20,235,1.7951836506091123e-19
200x20,236,1.7790505694417623e-19
200x20,237,1.7515748484894124e-19
200x20,238,1.74045906688543e-19
200x20,239,1.7364776126787823e-19
200x20,240,1.6765971984607923e-19
200x20,241,1.6610591947006602e-19
200x20,242,1.6412511353643705e-19
200x20,243,1.629149296905764e-19
200x20,244,1.5930466612318985e-19
200x20,245,1.5636216045228128e-19
200x20,246,1.5508946609975244e-19
200x20,247,1.500270785699997e-19
200x20,248,1.4840766249768155e-19
200x20,249,1.4749485939946364e-19
200x20,250,1.4342595363977735e-19
200x20,251,1.4098199401468282e-19
200x20,252,1.396217187585647e-19
200x20,253,1.3676720274236776e-19
200x20,254,1.3570497433525516e-19
200x20,255,1.308037087619066e-19
200x20,256,1.2922251205786633e-19
200x20,257,1.2799235538195655e-19
200x20,258,1.2732783283346384e-19
200x20,259,1.2574860739534122e-19
200x20,260,1.2361490361457976e-19
200x20,261,1.2205961117252024e-19
200x20,262,1.19951451581216e-19
200x20,263,1.1883240441477398e-19
200x20,264,1.1860842029037011e-19
200x20,265,1.1504198216750197e-19
200x20,266,1.1322786375497786e-19
200x20,267,1.099526551270582e-19
200x20,268,1.0920961683516458e-19
200x20,269,1.0877776228813975e-19
200x20,270,1.0613789541105315e-19
200x20,271,1.0254707586988175e-19
200x20,272,1.0209497726963987e-19
200x20,273,1.0153017176471142e-19
200x20,274,1.0073971674487431e-19
200x20,275,9.98050240767746e-20
200x20,276,9.844824942548357e-20
200x20,277,9.634961146313408e-20
200x20,278,9.517924031290933e-20
200x20,279,9.394160237210234e-20
200x20,280,9.245609766099849e-20
200x20,281,9.070195262849149e-20
200x20,282,8.997474279359017e-20
200x20,283,8.837980961978591e-20
200x20,284,8.793363922257385e-20
200x20,285,8.600059165012458e-20
200x20,286,8.271343391252514e-20
200x20,287,8.212971986557299e-20
200x20,288,8.195020426603579e-20
200x20,289,8.0878051677998e-20
200x20,290,8.009429507555583e-20
200x20,291,7.74528812078922e-20
200x20,292,7.629256703052398e-20
200x20,293,7.522554973976664e-20
200x20,294,7.470626333581852e-20
200x20,295,7.392256021407042e-20
200x20,296,7.134228570700707e-20
200x20,297,7.091375539110246e-20
200x20,298,6.975443240754789e-20
200x20,299,6.763703885864807e-20
200x20,300,6.72542004788388e-20
200x20,301,6.645680979119768e-20
200x20,302,6.570188086972658e-20
200x20,303,6.45807237241477e-20
200x20,304,6.419881513121368e-20
200x20,305,6.317712490988374e-20
200x20,306,6.231640328968199e-20
200x20,307,6.081138820538017e-20
200x20,308,6.027426573904258e-20
200x20,309,5.940655823514856e-20
200x20,310,5.833700413830323e-20
200x20,311,5.794627245264101e-20
200x20,312,5.691123295182674e-20
200x20,313,5.610984456650378e-20
200x20,314,5.468424644239724e-20
200x20,315,5.433010566438857e-20
200x20,316,5.4143889085786366e-20
200x20,317,5.323552096827181e-20
200x20,318,5.184052366704361e-20
200x20,319,5.1736581821203475e-20
200x20,320,5.081456364922918e-20
200x20,321,4.980198059630384e-20
200x20,322,4.8779646545744984e-20
200x20,323,4.8083033424928213e-20
200x20,324,4.790617213981179e-20
200x20,325,4.765922332208717e-20
200x20,326,4.646488933899947e-20
200x20,327,4.5791408159893705e-20
200x20,328,4.527057096524901e-20
200x20,329,4.370066507152872e-20
200x20,330,4.338052528444044e-20
200x20,331,4.280297476662037e-20
200x20,332,4.1653931198283377e-20
200x20,333,4.1558581613515693e-20
200x20,334,4.0684162666666516e-20
200x20,335,3.918019168043562e-20
200x20,336,3.850837406330554e-20
200x20,337,3.803339084161766e-20
200x20,338,3.7885213961362285e-20
200x20,339,3.727551261398926e-20
200x20,340,3.6263182159691944e-20
200x20,341,3.53011531865148e-20
200x20,342,3.522222330819296e-20
200x20,343,3.470161688918417e-20
200x20,344,3.449844041460134e-20
200x20,345,3.411679620596577e-20
200x20,346,3.289880775125447e-20
200x20,347,3.247824023950714e-20
200x20,348,3.180040743244894e-20
200x20,349,3.101123687592286e-20
200x20,350,3.0646499225841433e-20
200x20,351,2.999085400908485e-20
200x20,352,2.940188302484869e-20
200x20,353,2.8738896279523045e-20
200x20,354,2.813904760720864e-20
200x20,355,2.787182841476408e-20
200x20,356,2.71389140611514e-20
200x20,357,2.690679389953704e-20
200x20,358,2.6488929009072087e-20
200x20,359,2.5908607213899138e-20
200x20,360,2.561690350947919e-20
200x20,361,2.5244194695963543e-20
200x20,362,2.4803292332592714e-20
200x20,363,2.4477842715815106e-20
200x20,364,2.3679725837397705e-20
200x20,365,2.3436019817821387e-20
200x20,366,2.219782216312711e-20
200x20,367,2.1802008341646886e-20
200x20,368,2.103308433684661e-20
200x20,369,2.0701249312133232e-20
200x20,370,2.0479674336471322e-20
200x20,371,2.0279564309476943e-20
200x20,372,2.004023782184474e-20
200x20,373,1.978306983146924e-20
200x20,374,1.912151603097845e-20
200x20,375,1.895852605230516e-20
200x20,376,1.852724612711671e-20
200x20,377,1.827688507410434e-20
200x20,378,1.7819701381366123e-20
200x20,379,1.767098342047426e-20
200x20,380,1.6381252176667356e-20
200x20,381,1.5594978877112607e-20
200x20,382,1.5208232297149048e-20
200x20,383,1.5074352666833766e-20
200x20,384,1.4471991055138285e-20
200x20,385,1.4357980240774825e-20
200x20,386,1.3324886493552462e-20
200x20,387,1.267437789110686e-20
200x20,388,1.2005589594548779e-20
200x20,389,1.15273201520355e-20
200x20,390,1.1518117129298252e-20
200x20,391,1.0376668216093907e-20
200x20,392,1.0219165629950721e-20
200x20,393,8.876489671467034e-21
200x20,394,6.956039732519445e-21
200x20,395,6.576565025007181e-21
200x20,396,5.0813116847752915e-21
200x20,397,3.547048143521028e-21
